mechanism,kappa,cohort_replicate,n_units,positive_units,sign_gate_6of8,aggregate_stat_mean_delta,aggregate_p,aggregate_reject_005,full_gate_pass,mean_delta_theta,median_delta_theta,mean_theta_obs,mean_theta_null_center,unit_native_reject_fraction,unit_positive_fraction,native_null_valid_fraction_min,native_spectral_error_median,native_count_exact_fraction_min,native_group_count_exact_fraction_min,injection_multiset_exact_all,injection_event_count_exact_all
baseline,0.0,0,8,3,False,0.043819491712241,0.6167664670658682,False,False,0.043819491712241,0.0,0.9362169594768314,0.9800364511890725,0.0,0.375,1.0,0.0054521886002399,1.0,1.0,True,True
baseline,0.0,1,8,3,False,0.0624354386519663,0.4151696606786427,False,False,0.0624354386519663,0.0,0.8741256179858836,0.93656105663785,0.0,0.375,1.0,0.0056617508092896,1.0,1.0,True,True
baseline,0.0,2,8,3,False,0.0595713979424362,0.497005988023952,False,False,0.0595713979424362,0.0,0.9049886443360772,0.9645600422785136,0.125,0.375,1.0,0.005474849221413,1.0,1.0,True,True
baseline,0.0,3,8,3,False,0.029463206463805,0.7584830339321357,False,False,0.029463206463805,0.0,0.9381253080567672,0.9675885145205722,0.0,0.375,1.0,0.0055379056342828,1.0,1.0,True,True
baseline,0.0,4,8,4,False,0.0764487233210144,0.2255489021956087,False,False,0.0764487233210144,0.0062576286662527,0.858851678159164,0.9353004014801783,0.125,0.5,1.0,0.0057255795671573,1.0,1.0,True,True
baseline,0.0,5,8,2,False,0.0025437793783043,0.9500998003992016,False,False,0.0025437793783043,0.0,0.9816939474854784,0.9842377268637827,0.0,0.25,1.0,0.0052857064712862,1.0,1.0,True,True
baseline,0.0,6,8,4,False,0.106501007917505,0.0978043912175648,False,False,0.106501007917505,0.0276424287856071,0.8598619890714614,0.9663629969889664,0.125,0.5,1.0,0.0055821067853916,1.0,1.0,True,True
baseline,0.0,7,8,5,False,0.0966919990247073,0.1676646706586826,False,False,0.0966919990247073,0.063705192629017,0.8326069839113643,0.9292989829360716,0.25,0.625,1.0,0.005322361536126,1.0,1.0,True,True
baseline,0.0,8,8,4,False,0.0351656990628232,0.5528942115768463,False,False,0.0351656990628232,0.0042931145244673,0.8672066875338451,0.9023723865966684,0.125,0.5,1.0,0.0054292300731404,1.0,1.0,True,True
baseline,0.0,9,8,5,False,0.0328901267245898,0.5109780439121756,False,False,0.0328901267245898,0.0180318249705403,0.8683826088314496,0.9012727355560396,0.0,0.625,1.0,0.0058685608199565,1.0,1.0,True,True
baseline,0.0,10,8,5,False,0.0545753681503834,0.4471057884231537,False,False,0.0545753681503834,0.0311583561796898,0.8722713547347946,0.926846722885178,0.0,0.625,1.0,0.0053058217866013,1.0,1.0,True,True
baseline,0.0,11,8,3,False,0.018584619041229,0.6906187624750499,False,False,0.018584619041229,0.0,0.9048144155204932,0.923399034561722,0.0,0.375,1.0,0.0054749806654161,1.0,1.0,True,True
baseline,0.0,12,8,4,False,0.0744560317897311,0.2834331337325349,False,False,0.0744560317897311,0.0540547323587507,0.8614548282513894,0.9359108600411205,0.125,0.5,1.0,0.0055094774352862,1.0,1.0,True,True
baseline,0.0,13,8,4,False,0.0041414204424742,0.7744510978043913,False,False,0.0041414204424742,0.0025387303850973,0.89818984898031,0.9023312694227842,0.0,0.5,1.0,0.0061386995329932,1.0,1.0,True,True
baseline,0.0,14,8,5,False,0.1126172110985948,0.1257485029940119,False,False,0.1126172110985948,0.0865614677423489,0.8500599424993338,0.9626771535979286,0.125,0.625,1.0,0.0057506550431659,1.0,1.0,True,True
baseline,0.0,15,8,5,False,0.1002976611056288,0.1197604790419161,False,False,0.1002976611056288,0.1332901225710753,0.8238483155365927,0.9241459766422216,0.0,0.625,1.0,0.0056443726982001,1.0,1.0,True,True
baseline,0.0,16,8,1,False,0.0182290728984674,0.8203592814371258,False,False,0.0182290728984674,-0.0105430389461055,0.960010470826112,0.9782395437245794,0.0,0.125,1.0,0.0053302121445734,1.0,1.0,True,True
baseline,0.0,17,8,2,False,0.0358624492706504,0.6187624750499002,False,False,0.0358624492706504,0.0,0.922933129637115,0.9587955789077656,0.0,0.25,1.0,0.0054661947032839,1.0,1.0,True,True
baseline,0.0,18,8,3,False,0.0270450611316785,0.780439121756487,False,False,0.0270450611316785,0.0,0.951527993070038,0.9785730542017168,0.0,0.375,1.0,0.0055220360146178,1.0,1.0,True,True
baseline,0.0,19,8,5,False,0.0774275906439775,0.3772455089820359,False,False,0.0774275906439775,0.0649413989579277,0.8982312411620863,0.9756588318060638,0.125,0.625,1.0,0.0056167554215731,1.0,1.0,True,True
baseline,0.0,20,8,2,False,-0.0232710516648595,0.934131736526946,False,False,-0.0232710516648595,0.0,0.9656653759635896,0.9423943242987302,0.0,0.25,1.0,0.0054638207533932,1.0,1.0,True,True
baseline,0.0,21,8,4,False,0.0473465412845121,0.5109780439121756,False,False,0.0473465412845121,0.0277332621082621,0.9124506225448414,0.9597971638293537,0.0,0.5,1.0,0.0055015755817291,1.0,1.0,True,True
baseline,0.0,22,8,4,False,0.0005323872815151,0.906187624750499,False,False,0.0005323872815151,0.0040983606557377,0.9619232414688038,0.962455628750319,0.0,0.5,1.0,0.0055794073107706,1.0,1.0,True,True
baseline,0.0,23,8,2,False,0.02501079122444,0.7644710578842315,False,False,0.02501079122444,0.0,0.9464144893347516,0.9714252805591916,0.0,0.25,1.0,0.005427853722434,1.0,1.0,True,True
baseline,0.0,24,8,3,False,0.0069568521458008,0.8602794411177644,False,False,0.0069568521458008,0.0,0.9404203329019424,0.9473771850477432,0.0,0.375,1.0,0.0055807956291132,1.0,1.0,True,True
baseline,0.0,25,8,4,False,0.0548033746061496,0.469061876247505,False,False,0.0548033746061496,0.0299145299145299,0.9047108007642604,0.9595141753704098,0.0,0.5,1.0,0.0051993875635359,1.0,1.0,True,True
baseline,0.0,26,8,3,False,0.0011714136148441,0.9540918163672656,False,False,0.0011714136148441,0.0,0.9787471528271094,0.9799185664419536,0.0,0.375,1.0,0.0055689645633661,1.0,1.0,True,True
baseline,0.0,27,8,4,False,0.0698829935938486,0.3512974051896207,False,False,0.0698829935938486,0.0282290413156839,0.8724450775379549,0.9423280711318036,0.125,0.5,1.0,0.005337619259955,1.0,1.0,True,True
baseline,0.0,28,8,7,True,0.1618475270692542,0.0079840319361277,True,True,0.1618475270692542,0.0859122277303401,0.7920866175965375,0.9539341446657916,0.25,0.875,1.0,0.0054348185531874,1.0,1.0,True,True
baseline,0.0,29,8,4,False,0.0872516869007932,0.2634730538922156,False,False,0.0872516869007932,0.060832791151594,0.848175493466604,0.9354271803673972,0.0,0.5,1.0,0.0053200268955717,1.0,1.0,True,True
baseline,0.0,30,8,4,False,0.0131138500031899,0.8902195608782435,False,False,0.0131138500031899,0.0226348325802295,0.9639015258264224,0.9770153758296122,0.0,0.5,1.0,0.0054050982748473,1.0,1.0,True,True
baseline,0.0,31,8,2,False,0.0281511559619965,0.7145708582834331,False,False,0.0281511559619965,0.0,0.9431816886926304,0.9713328446546268,0.0,0.25,1.0,0.0054717311314611,1.0,1.0,True,True
baseline,0.0,32,8,2,False,0.0473210350869723,0.5888223552894212,False,False,0.0473210350869723,0.0,0.9394802140178417,0.986801249104814,0.0,0.25,1.0,0.0058972601212112,1.0,1.0,True,True
baseline,0.0,33,8,2,False,-0.0258658616049001,0.936127744510978,False,False,-0.0258658616049001,-0.0470411324405819,0.9497012196861702,0.92383535808127,0.0,0.25,1.0,0.005577231621631,1.0,1.0,True,True
baseline,0.0,34,8,3,False,0.0216965014944955,0.8083832335329342,False,False,0.0216965014944955,0.0,0.952720230928082,0.9744167324225776,0.0,0.375,1.0,0.0055938547555318,1.0,1.0,True,True
baseline,0.0,35,8,4,False,0.0186085716720265,0.7624750499001997,False,False,0.0186085716720265,-0.0027695995261909,0.9239708789472736,0.9425794506193002,0.0,0.5,1.0,0.0055167367623648,1.0,1.0,True,True
baseline,0.0,36,8,3,False,0.0336924404058676,0.5868263473053892,False,False,0.0336924404058676,0.0,0.8995653617553963,0.933257802161264,0.0,0.375,1.0,0.0052948318678829,1.0,1.0,True,True
baseline,0.0,37,8,4,False,0.0364411121647538,0.6107784431137725,False,False,0.0364411121647538,0.0048594861533994,0.919855067474834,0.9562961796395878,0.0,0.5,1.0,0.0059499940406081,1.0,1.0,True,True
baseline,0.0,38,8,4,False,0.0417182619717067,0.5149700598802395,False,False,0.0417182619717067,0.0398222969736755,0.8731345215374045,0.9148527835091111,0.0,0.5,1.0,0.0054469147443427,1.0,1.0,True,True
baseline,0.0,39,8,6,True,0.1242841851564378,0.0638722554890219,False,False,0.1242841851564378,0.1240309603295288,0.8312792399863166,0.9555634251427544,0.0,0.75,1.0,0.0055311625135463,1.0,1.0,True,True
baseline,0.0,40,8,4,False,0.0486136846946182,0.5109780439121756,False,False,0.0486136846946182,0.0158516707416462,0.9147410488562276,0.963354733550846,0.0,0.5,1.0,0.0052707689013337,1.0,1.0,True,True
baseline,0.0,41,8,3,False,0.0246325697235232,0.7105788423153693,False,False,0.0246325697235232,-0.0035297557530488,0.9049806202236548,0.929613189947178,0.0,0.375,1.0,0.0053905484455412,1.0,1.0,True,True
baseline,0.0,42,8,2,False,0.037626608259741,0.564870259481038,False,False,0.037626608259741,0.0,0.9120605846902335,0.9496871929499748,0.0,0.25,1.0,0.0055924808030356,1.0,1.0,True,True
baseline,0.0,43,8,3,False,0.0365167630276668,0.7265469061876247,False,False,0.0365167630276668,0.0,0.944772446682688,0.9812892097103548,0.0,0.375,1.0,0.00551179731796,1.0,1.0,True,True
baseline,0.0,44,8,4,False,0.1261521766491633,0.0558882235528942,False,False,0.1261521766491633,0.0658796896503296,0.8363562682186763,0.9625084448678396,0.125,0.5,1.0,0.0056397110403398,1.0,1.0,True,True
baseline,0.0,45,8,6,True,0.0962879025944417,0.1976047904191616,False,False,0.0962879025944417,0.1033730583548913,0.8467014904995851,0.9429893930940269,0.125,0.75,1.0,0.005565216199133,1.0,1.0,True,True
baseline,0.0,46,8,3,False,0.0496247018547281,0.5349301397205589,False,False,0.0496247018547281,0.0,0.8947561598135715,0.9443808616682996,0.0,0.375,1.0,0.0054501745197472,1.0,1.0,True,True
baseline,0.0,47,8,5,False,0.0822689539216231,0.2594810379241516,False,False,0.0822689539216231,0.0118075247020288,0.8674818044208338,0.9497507583424568,0.0,0.625,1.0,0.0053822943044815,1.0,1.0,True,True
baseline,0.0,48,8,4,False,0.0686062849163105,0.3952095808383233,False,False,0.0686062849163105,0.0240542042120036,0.9079974326251962,0.9766037175415068,0.0,0.5,1.0,0.005378648916858,1.0,1.0,True,True
baseline,0.0,49,8,1,False,-0.019630323715435,0.9700598802395208,False,False,-0.019630323715435,-0.0188025123141432,0.9768749962228288,0.9572446725073938,0.0,0.125,1.0,0.0056165596996917,1.0,1.0,True,True
baseline,0.0,50,8,4,False,0.048115491590893,0.4431137724550898,False,False,0.048115491590893,0.010109634103641,0.908086029925175,0.956201521516068,0.0,0.5,1.0,0.0056762349838989,1.0,1.0,True,True
baseline,0.0,51,8,5,False,0.1529409797795701,0.0259481037924151,True,False,0.1529409797795701,0.1955513431860117,0.7920767324508211,0.9450177122303912,0.125,0.625,1.0,0.005506798396459,1.0,1.0,True,True
baseline,0.0,52,8,4,False,0.0166279742397539,0.8143712574850299,False,False,0.0166279742397539,0.0013297872340425,0.950211249712424,0.966839223952178,0.0,0.5,1.0,0.0056253402883678,1.0,1.0,True,True
baseline,0.0,53,8,5,False,0.0597739507815822,0.3193612774451098,False,False,0.0597739507815822,0.0756074514038877,0.878753452735459,0.9385274035170412,0.0,0.625,1.0,0.0057650513228795,1.0,1.0,True,True
baseline,0.0,54,8,2,False,0.0035957377077136,0.9021956087824352,False,False,0.0035957377077136,0.0,0.9733798921143004,0.9769756298220142,0.0,0.25,1.0,0.0054772690292572,1.0,1.0,True,True
baseline,0.0,55,8,5,False,0.1281649021701747,0.059880239520958,False,False,0.1281649021701747,0.1630853999841448,0.8204129051444871,0.9485778073146618,0.0,0.625,1.0,0.0052670415557084,1.0,1.0,True,True
baseline,0.0,56,8,4,False,0.064236308194707,0.4211576846307385,False,False,0.064236308194707,0.0044487743319072,0.9106047595671964,0.9748410677619036,0.0,0.5,1.0,0.0056550573825489,1.0,1.0,True,True
baseline,0.0,57,8,5,False,0.0275810095718875,0.7105788423153693,False,False,0.0275810095718875,0.0332932147936142,0.9172352429900064,0.944816252561894,0.0,0.625,1.0,0.0055776616383359,1.0,1.0,True,True
baseline,0.0,58,8,4,False,0.0401153580473416,0.5369261477045908,False,False,0.0401153580473416,0.0116758258876384,0.8924709589213539,0.9325863169686954,0.0,0.5,1.0,0.0054061552918627,1.0,1.0,True,True
baseline,0.0,59,8,4,False,0.0734383535784158,0.3512974051896207,False,False,0.0734383535784158,0.0125912084491874,0.886249488992294,0.9596878425707098,0.125,0.5,1.0,0.0055776997928898,1.0,1.0,True,True
baseline,0.0,60,8,3,False,0.0284504188452428,0.6487025948103793,False,False,0.0284504188452428,0.0,0.9148677906208644,0.9433182094661074,0.0,0.375,1.0,0.0055447767804826,1.0,1.0,True,True
baseline,0.0,61,8,4,False,0.0935391643658182,0.1596806387225549,False,False,0.0935391643658182,0.0214398717857214,0.8625225342647286,0.9560616986305468,0.25,0.5,1.0,0.0052543503580915,1.0,1.0,True,True
baseline,0.0,62,8,4,False,0.0729398067169831,0.3253493013972056,False,False,0.0729398067169831,0.0211451084682365,0.8839498609601737,0.9568896676771568,0.125,0.5,1.0,0.0056485032022717,1.0,1.0,True,True
baseline,0.0,63,8,2,False,-0.024813872549483,0.9740518962075848,False,False,-0.024813872549483,-0.0225548776001204,0.9672231943841368,0.9424093218346536,0.0,0.25,1.0,0.0055870090370761,1.0,1.0,True,True
baseline,0.0,64,8,3,False,0.0018596311050201,0.7624750499001997,False,False,0.0018596311050201,0.0,0.905045500155258,0.906905131260278,0.0,0.375,1.0,0.0055794962943923,1.0,1.0,True,True
baseline,0.0,65,8,5,False,0.1277868252529869,0.0998003992015968,False,False,0.1277868252529869,0.08385747953475,0.8260812432384221,0.953868068491409,0.125,0.625,1.0,0.0054459206950077,1.0,1.0,True,True
baseline,0.0,66,8,4,False,0.1181925800535785,0.0978043912175648,False,False,0.1181925800535785,0.0941424921089591,0.8586833931992481,0.9768759732528266,0.125,0.5,1.0,0.0054948314788352,1.0,1.0,True,True
baseline,0.0,67,8,2,False,0.0024801067980458,0.9261477045908184,False,False,0.0024801067980458,0.0,0.9644169876164638,0.9668970944145096,0.0,0.25,1.0,0.0056288892272479,1.0,1.0,True,True
baseline,0.0,68,8,3,False,0.0818116848847554,0.2155688622754491,False,False,0.0818116848847554,0.0,0.8482805230477657,0.930092207932521,0.125,0.375,1.0,0.0053524927053733,1.0,1.0,True,True
baseline,0.0,69,8,0,False,-0.0293731334800051,0.998003992015968,False,False,-0.0293731334800051,-0.0047205857899077,0.9940918578339576,0.9647187243539525,0.0,0.0,1.0,0.0058010041467736,1.0,1.0,True,True
baseline,0.0,70,8,2,False,-0.0216725145571218,0.9221556886227544,False,False,-0.0216725145571218,-0.00290987560427,0.9426581491467276,0.9209856345896056,0.0,0.25,1.0,0.0056569041834118,1.0,1.0,True,True
baseline,0.0,71,8,3,False,0.0219510739550735,0.7884231536926147,False,False,0.0219510739550735,0.0,0.9344222529400416,0.9563733268951152,0.0,0.375,1.0,0.0059024007858777,1.0,1.0,True,True
baseline,0.0,72,8,6,True,0.1821540603853744,0.0099800399201596,True,True,0.1821540603853744,0.1513183236425567,0.7666868141929558,0.94884087457833,0.25,0.75,1.0,0.0054449047469733,1.0,1.0,True,True
baseline,0.0,73,8,3,False,-0.0049853116078385,0.936127744510978,False,False,-0.0049853116078385,-0.0062406677625765,0.965750453171646,0.9607651415638074,0.0,0.375,1.0,0.0055372037760234,1.0,1.0,True,True
baseline,0.0,74,8,3,False,-0.0030833885485074,0.8502994011976048,False,False,-0.0030833885485074,0.0,0.934350021981008,0.9312666334325006,0.0,0.375,1.0,0.0056437764300192,1.0,1.0,True,True
baseline,0.0,75,8,5,False,0.0943387900606596,0.1636726546906187,False,False,0.0943387900606596,0.1102255492616849,0.8611639707526877,0.9555027608133472,0.0,0.625,1.0,0.0057074705771492,1.0,1.0,True,True
baseline,0.0,76,8,2,False,-0.0177356279710582,0.9540918163672656,False,False,-0.0177356279710582,-0.0079953325556819,0.9599241172933344,0.9421884893222764,0.0,0.25,1.0,0.0054923791260145,1.0,1.0,True,True
baseline,0.0,77,8,6,True,0.0745276246884828,0.3053892215568862,False,False,0.0745276246884828,0.0873897342591605,0.8719581383033388,0.9464857629918216,0.0,0.75,1.0,0.0052669716202668,1.0,1.0,True,True
baseline,0.0,78,8,6,True,0.1601576220084903,0.0139720558882235,True,True,0.1601576220084903,0.1981011273177102,0.8159956197008726,0.976153241709363,0.125,0.75,1.0,0.0053759046798207,1.0,1.0,True,True
baseline,0.0,79,8,3,False,0.0021443926907767,0.8922155688622755,False,False,0.0021443926907767,0.0,0.9652168939662298,0.9673612866570066,0.0,0.375,1.0,0.0053669164309087,1.0,1.0,True,True
baseline,0.0,80,8,3,False,0.0263688947853131,0.8283433133732535,False,False,0.0263688947853131,0.0,0.9630615952995571,0.9894304900848704,0.0,0.375,1.0,0.0056355687274137,1.0,1.0,True,True
baseline,0.0,81,8,3,False,-0.0020770966478729,0.8642714570858283,False,False,-0.0020770966478729,0.0,0.9457758191309896,0.9436987224831168,0.0,0.375,1.0,0.0057702299346357,1.0,1.0,True,True
baseline,0.0,82,8,3,False,0.0002146696689461,0.8283433133732535,False,False,0.0002146696689461,-0.0212552817862554,0.9335873688608556,0.9338020385298016,0.0,0.375,1.0,0.0055637569918829,1.0,1.0,True,True
baseline,0.0,83,8,4,False,0.0449638796394423,0.5948103792415169,False,False,0.0449638796394423,0.007989645146384,0.920832891349778,0.9657967709892206,0.0,0.5,1.0,0.0055885021735717,1.0,1.0,True,True
baseline,0.0,84,8,2,False,-0.0142412400322652,0.93812375249501,False,False,-0.0142412400322652,-0.0002072499297421,0.9499268098669484,0.9356855698346832,0.0,0.25,1.0,0.005648707760328,1.0,1.0,True,True
baseline,0.0,85,8,5,False,0.0980823700581119,0.1716566866267465,False,False,0.0980823700581119,0.0585081011384653,0.8668092261960407,0.9648915962541528,0.125,0.625,1.0,0.0053637437908405,1.0,1.0,True,True
baseline,0.0,86,8,5,False,0.0764579261139587,0.3353293413173652,False,False,0.0764579261139587,0.0684214168196073,0.8995759857108909,0.9760339118248498,0.0,0.625,1.0,0.0054943386644479,1.0,1.0,True,True
baseline,0.0,87,8,3,False,0.048802154735399,0.5369261477045908,False,False,0.048802154735399,0.0,0.9111643304239372,0.9599664851593364,0.0,0.375,1.0,0.0055280288763405,1.0,1.0,True,True
baseline,0.0,88,8,3,False,0.0532759250077136,0.4391217564870259,False,False,0.0532759250077136,0.0,0.8702454312775185,0.923521356285232,0.0,0.375,1.0,0.0053388829637214,1.0,1.0,True,True
baseline,0.0,89,8,3,False,0.039206196211921,0.5828343313373253,False,False,0.039206196211921,0.0,0.9253631054356182,0.9645693016475392,0.0,0.375,1.0,0.0054451658668106,1.0,1.0,True,True
baseline,0.0,90,8,3,False,0.0515260628766357,0.4610778443113772,False,False,0.0515260628766357,0.0,0.9056038463938728,0.9571299092705086,0.125,0.375,1.0,0.0053907409589816,1.0,1.0,True,True
baseline,0.0,91,8,4,False,0.0066919235920932,0.8003992015968064,False,False,0.0066919235920932,0.0094135802469135,0.9271185724864568,0.9338104960785504,0.0,0.5,1.0,0.0057069120535353,1.0,1.0,True,True
baseline,0.0,92,8,5,False,0.0863258882332199,0.18562874251497,False,False,0.0863258882332199,0.0914634847527691,0.8714546470634683,0.9577805352966882,0.0,0.625,1.0,0.0059247617675639,1.0,1.0,True,True
baseline,0.0,93,8,7,True,0.1026188966479393,0.1177644710578842,False,False,0.1026188966479393,0.0714487700057185,0.8410558330521858,0.9436747297001252,0.0,0.875,1.0,0.0054033967897141,1.0,1.0,True,True
baseline,0.0,94,8,5,False,0.0691349094315968,0.3612774451097804,False,False,0.0691349094315968,0.0497063898212333,0.9045100754847908,0.9736449849163876,0.0,0.625,1.0,0.006110930353508,1.0,1.0,True,True
baseline,0.0,95,8,6,True,0.1081791550747317,0.1816367265469061,False,False,0.1081791550747317,0.0886286039401333,0.8187799612354465,0.9269591163101782,0.0,0.75,1.0,0.0053490207177867,1.0,1.0,True,True
baseline,0.0,96,8,2,False,0.035734404137947,0.7025948103792415,False,False,0.035734404137947,0.0,0.9278813144990108,0.9636157186369578,0.125,0.25,1.0,0.0055962245035921,1.0,1.0,True,True
baseline,0.0,97,8,3,False,-0.0012809211208648,0.8782435129740519,False,False,-0.0012809211208648,0.0,0.9445762980054424,0.9432953768845774,0.0,0.375,1.0,0.0053697934981259,1.0,1.0,True,True
baseline,0.0,98,8,3,False,0.049337734724744,0.4630738522954092,False,False,0.049337734724744,-0.0065054012192663,0.8783041362858874,0.9276418710106316,0.125,0.375,1.0,0.0053640609225521,1.0,1.0,True,True
baseline,0.0,99,8,3,False,0.0353686797812237,0.6846307385229541,False,False,0.0353686797812237,0.0,0.9502525320336264,0.98562121181485,0.0,0.375,1.0,0.0052927482771692,1.0,1.0,True,True
baseline,0.0,100,8,6,True,0.0996506415227104,0.1876247504990019,False,False,0.0996506415227104,0.0777470723461763,0.8800430911168138,0.979693732639524,0.125,0.75,1.0,0.0056409663583152,1.0,1.0,True,True
baseline,0.0,101,8,4,False,0.028090414186152,0.6726546906187625,False,False,0.028090414186152,0.0048899461745482,0.924760644920852,0.952851059107004,0.0,0.5,1.0,0.0054531620633208,1.0,1.0,True,True
baseline,0.0,102,8,3,False,0.072175089657789,0.3493013972055888,False,False,0.072175089657789,0.0,0.8887083199110388,0.960883409568828,0.0,0.375,1.0,0.005545643360066,1.0,1.0,True,True
baseline,0.0,103,8,5,False,0.0183813659540403,0.8023952095808383,False,False,0.0183813659540403,0.010104676344129,0.9451993762670134,0.9635807422210538,0.0,0.625,1.0,0.0052998273413155,1.0,1.0,True,True
baseline,0.0,104,8,2,False,-0.0032345629802042,0.8862275449101796,False,False,-0.0032345629802042,-0.0003376540330611,0.9464388947093392,0.9432043317291348,0.0,0.25,1.0,0.0056571186345617,1.0,1.0,True,True
baseline,0.0,105,8,3,False,0.0473190436115889,0.564870259481038,False,False,0.0473190436115889,0.0,0.91427470288442,0.9615937464960088,0.0,0.375,1.0,0.005431850581253,1.0,1.0,True,True
baseline,0.0,106,8,2,False,0.0462131251475329,0.5688622754491018,False,False,0.0462131251475329,-0.0042275384386203,0.918435915451392,0.964649040598925,0.0,0.25,1.0,0.0053279818145367,1.0,1.0,True,True
baseline,0.0,107,8,4,False,0.0573710572890676,0.4171656686626746,False,False,0.0573710572890676,0.0529264014962556,0.87651522578272,0.9338862830717876,0.0,0.5,1.0,0.0055847326812066,1.0,1.0,True,True
baseline,0.0,108,8,4,False,0.0475649463761002,0.4770459081836327,False,False,0.0475649463761002,0.0301458976264429,0.9012103782599478,0.948775324636048,0.0,0.5,1.0,0.0058679387205331,1.0,1.0,True,True
baseline,0.0,109,8,3,False,0.0143029102447989,0.7465069860279441,False,False,0.0143029102447989,0.0,0.9297404941761156,0.9440434044209144,0.0,0.375,1.0,0.0058497944244046,1.0,1.0,True,True
baseline,0.0,110,8,2,False,0.006814010210512,0.8183632734530938,False,False,0.006814010210512,0.0,0.9406992376295908,0.9475132478401028,0.0,0.25,1.0,0.0055066888219965,1.0,1.0,True,True
baseline,0.0,111,8,1,False,0.0013769169147961,0.872255489021956,False,False,0.0013769169147961,-0.0160205169011847,0.94065134984427,0.9420282667590664,0.125,0.125,1.0,0.0053531687154885,1.0,1.0,True,True
baseline,0.0,112,8,5,False,0.1213909436409174,0.0898203592814371,False,False,0.1213909436409174,0.1558457662423683,0.8466589645195336,0.968049908160451,0.0,0.625,1.0,0.0055790225295777,1.0,1.0,True,True
baseline,0.0,113,8,4,False,0.0505727697050019,0.4510978043912175,False,False,0.0505727697050019,0.0123587913073837,0.8907585849680931,0.941331354673095,0.125,0.5,1.0,0.0055267631768326,1.0,1.0,True,True
baseline,0.0,114,8,7,True,0.2029671328504273,0.0039920159680638,True,True,0.2029671328504273,0.1675377717695528,0.7396457021826515,0.9426128350330788,0.125,0.875,1.0,0.0055054463418433,1.0,1.0,True,True
baseline,0.0,115,8,7,True,0.1971865892430941,0.0039920159680638,True,True,0.1971865892430941,0.2182800757192949,0.7407488995999092,0.9379354888430034,0.25,0.875,1.0,0.0052503014423469,1.0,1.0,True,True
baseline,0.0,116,8,2,False,-0.029644104973164,0.9560878243512974,False,False,-0.029644104973164,-0.0126908444195028,0.954585134076016,0.924941029102852,0.0,0.25,1.0,0.0054540925454599,1.0,1.0,True,True
baseline,0.0,117,8,4,False,0.059247630336567,0.4610778443113772,False,False,0.059247630336567,0.0051821005962153,0.9042343859120624,0.9634820162486296,0.0,0.5,1.0,0.0055771609733644,1.0,1.0,True,True
baseline,0.0,118,8,3,False,0.0068068343329427,0.8243512974051896,False,False,0.0068068343329427,0.0,0.9444618873443164,0.9512687216772592,0.0,0.375,1.0,0.0057031591436073,1.0,1.0,True,True
baseline,0.0,119,8,1,False,-0.0368740773509483,0.998003992015968,False,False,-0.0368740773509483,-0.006351626593265,0.9935200375899848,0.9566459602390364,0.0,0.125,1.0,0.0054868882088233,1.0,1.0,True,True
baseline,0.0,120,8,2,False,-0.0322247268773368,0.9500998003992016,False,False,-0.0322247268773368,-0.0360112931605751,0.9517937921186116,0.9195690652412748,0.0,0.25,1.0,0.0057597596316692,1.0,1.0,True,True
baseline,0.0,121,8,6,True,0.1309390429158373,0.0798403193612774,False,False,0.1309390429158373,0.1264686235894689,0.8584150849225837,0.9893541278384208,0.125,0.75,1.0,0.0057327320988377,1.0,1.0,True,True
baseline,0.0,122,8,4,False,0.0712638238471903,0.343313373253493,False,False,0.0712638238471903,0.0590950759559978,0.890008755467993,0.9612725793151832,0.0,0.5,1.0,0.0056921843636282,1.0,1.0,True,True
baseline,0.0,123,8,4,False,0.0845525308727736,0.2654690618762475,False,False,0.0845525308727736,0.0060483870967741,0.8912802319918085,0.975832762864582,0.125,0.5,1.0,0.0051987079479628,1.0,1.0,True,True
baseline,0.0,124,8,3,False,0.0918384043381316,0.281437125748503,False,False,0.0918384043381316,0.0,0.8778632705761942,0.9697016749143258,0.125,0.375,1.0,0.0055611804986976,1.0,1.0,True,True
baseline,0.0,125,8,3,False,0.0205745358408292,0.6926147704590818,False,False,0.0205745358408292,-0.0089047970136564,0.929065412179462,0.9496399480202914,0.0,0.375,1.0,0.0054298607255629,1.0,1.0,True,True
baseline,0.0,126,8,4,False,0.0626715970320025,0.4431137724550898,False,False,0.0626715970320025,0.0013446443880091,0.8867743919466867,0.9494459889786891,0.0,0.5,1.0,0.0055523429483207,1.0,1.0,True,True
baseline,0.0,127,8,0,False,-0.0721150099229406,1.0,False,False,-0.0721150099229406,-0.0489657138413958,1.0,0.9278849900770594,0.0,0.0,1.0,0.0055165920916076,1.0,1.0,True,True
baseline,0.0,128,8,4,False,0.0195792168056923,0.6706586826347305,False,False,0.0195792168056923,-0.0247908334571964,0.9101842503696084,0.9297634671753008,0.125,0.5,1.0,0.0058484614944392,1.0,1.0,True,True
baseline,0.0,129,8,6,True,0.1302352851731746,0.0738522954091816,False,False,0.1302352851731746,0.1200447226685479,0.8292074795578543,0.959442764731029,0.125,0.75,1.0,0.0057353885754187,1.0,1.0,True,True
baseline,0.0,130,8,4,False,0.0524668394123878,0.5089820359281437,False,False,0.0524668394123878,0.0136512650719731,0.9091531195091864,0.961619958921574,0.125,0.5,1.0,0.0056840613054785,1.0,1.0,True,True
baseline,0.0,131,8,2,False,0.00487146149506,0.8383233532934131,False,False,0.00487146149506,0.0,0.9348518957552177,0.9397233572502776,0.0,0.25,1.0,0.0058386091323897,1.0,1.0,True,True
baseline,0.0,132,8,6,True,0.03808677984181,0.5548902195608783,False,False,0.03808677984181,0.0411721777948265,0.8938589047276622,0.9319456845694722,0.0,0.75,1.0,0.0055228337903309,1.0,1.0,True,True
baseline,0.0,133,8,5,False,0.0535144694393211,0.4570858283433133,False,False,0.0535144694393211,0.0141953972357203,0.8857496545461112,0.9392641239854324,0.0,0.625,1.0,0.0056071223275061,1.0,1.0,True,True
baseline,0.0,134,8,5,False,0.1560797054149504,0.029940119760479,True,False,0.1560797054149504,0.15438502982341,0.8111117429933067,0.9671914484082572,0.125,0.625,1.0,0.0056412186346058,1.0,1.0,True,True
baseline,0.0,135,8,4,False,0.0716910955952652,0.3033932135728543,False,False,0.0716910955952652,0.0320256883070544,0.8730330659508609,0.9447241615461262,0.0,0.5,1.0,0.0055240267492924,1.0,1.0,True,True
baseline,0.0,136,8,2,False,-0.0045105205719064,0.9540918163672656,False,False,-0.0045105205719064,0.0,0.98008577582391,0.9755752552520036,0.0,0.25,1.0,0.0061043736810832,1.0,1.0,True,True
baseline,0.0,137,8,3,False,0.0075463846373855,0.8203592814371258,False,False,0.0075463846373855,-0.0121321937383358,0.9422424020743486,0.9497887867117342,0.0,0.375,1.0,0.0060908230665886,1.0,1.0,True,True
baseline,0.0,138,8,1,False,-0.0417362477855878,0.9920159680638724,False,False,-0.0417362477855878,-0.0150756781859495,0.9929736635220126,0.9512374157364248,0.0,0.125,1.0,0.0053325646850588,1.0,1.0,True,True
baseline,0.0,139,8,4,False,0.0098994716872077,0.7864271457085829,False,False,0.0098994716872077,0.0317411069648032,0.9369439732275232,0.946843444914731,0.0,0.5,1.0,0.0053199568747384,1.0,1.0,True,True
baseline,0.0,140,8,4,False,-0.0035136466607551,0.8782435129740519,False,False,-0.0035136466607551,0.0033124453408165,0.9465936353783164,0.9430799887175614,0.0,0.5,1.0,0.0058116317497799,1.0,1.0,True,True
baseline,0.0,141,8,3,False,0.0533411875457229,0.4910179640718562,False,False,0.0533411875457229,0.0,0.9107908280231524,0.9641320155688752,0.0,0.375,1.0,0.0051839936852347,1.0,1.0,True,True
baseline,0.0,142,8,2,False,0.0351436490182181,0.5828343313373253,False,False,0.0351436490182181,-0.0098545724933231,0.901380967899177,0.9365246169173952,0.125,0.25,1.0,0.0055309415629192,1.0,1.0,True,True
baseline,0.0,143,8,6,True,0.1057204893942333,0.1157684630738523,False,False,0.1057204893942333,0.1014505633895077,0.850907131089919,0.9566276204841524,0.0,0.75,1.0,0.0054205319468409,1.0,1.0,True,True
baseline,0.0,144,8,4,False,0.0725418774023273,0.3652694610778443,False,False,0.0725418774023273,0.0137660774441539,0.8979136481874188,0.970455525589746,0.125,0.5,1.0,0.00577462575469,1.0,1.0,True,True
baseline,0.0,145,8,4,False,0.074825365050134,0.2954091816367265,False,False,0.074825365050134,0.0050968709468223,0.8737258765062845,0.9485512415564186,0.125,0.5,1.0,0.0058412939901763,1.0,1.0,True,True
baseline,0.0,146,8,5,False,0.1558006654443507,0.0199600798403193,True,False,0.1558006654443507,0.1148128687329108,0.7834508342262169,0.9392514996705676,0.25,0.625,1.0,0.0060183576848864,1.0,1.0,True,True
baseline,0.0,147,8,6,True,0.1763652675234396,0.0079840319361277,True,True,0.1763652675234396,0.2226514921931126,0.7375353244461114,0.913900591969551,0.25,0.75,1.0,0.0055802541477206,1.0,1.0,True,True
baseline,0.0,148,8,4,False,0.0357707192510342,0.6766467065868264,False,False,0.0357707192510342,0.0147777297506201,0.9261453108326686,0.9619160300837029,0.0,0.5,1.0,0.005481155318595,1.0,1.0,True,True
baseline,0.0,149,8,3,False,0.0311583332098586,0.6966067864271457,False,False,0.0311583332098586,0.0,0.929445993909636,0.9606043271194946,0.0,0.375,1.0,0.0060578727184892,1.0,1.0,True,True
history_feedback,0.25,0,8,4,False,0.0615222140753897,0.373253493013972,False,False,0.0615222140753897,0.0215670144477265,0.8969436324533238,0.9584658465287136,0.125,0.5,1.0,0.0057245112182554,1.0,1.0,True,True
history_feedback,0.25,1,8,4,False,0.0515065906747648,0.4610778443113772,False,False,0.0515065906747648,0.0035907948133011,0.8770361996656713,0.9285427903404362,0.125,0.5,1.0,0.0059144396203151,1.0,1.0,True,True
history_feedback,0.25,2,8,3,False,0.0138447018871848,0.7325349301397206,False,False,0.0138447018871848,-0.0397623298846773,0.9142788421759324,0.9281235440631174,0.0,0.375,1.0,0.0054810409785298,1.0,1.0,True,True
history_feedback,0.25,3,8,7,True,0.0606893462555306,0.3453093812375249,False,False,0.0606893462555306,0.0536613236165173,0.853620172270144,0.9143095185256748,0.125,0.875,1.0,0.0058485788929274,1.0,1.0,True,True
history_feedback,0.25,4,8,6,True,0.1624529610763748,0.0139720558882235,True,True,0.1624529610763748,0.1960905961776985,0.7526075924938795,0.9150605535702544,0.25,0.75,1.0,0.00614496469249,1.0,1.0,True,True
history_feedback,0.25,5,8,4,False,0.105185046271187,0.1117764471057884,False,False,0.105185046271187,0.0482676450322004,0.8471914656156816,0.9523765118868686,0.0,0.5,1.0,0.0054327312386069,1.0,1.0,True,True
history_feedback,0.25,6,8,4,False,0.0515546053333191,0.4151696606786427,False,False,0.0515546053333191,0.0078928708171558,0.8739458708668683,0.9255004762001874,0.0,0.5,1.0,0.0059195463660243,1.0,1.0,True,True
history_feedback,0.25,7,8,3,False,0.0398590263969741,0.4131736526946107,False,False,0.0398590263969741,-0.0310576038158465,0.8199756003062852,0.8598346267032593,0.125,0.375,1.0,0.005381914555968,1.0,1.0,True,True
history_feedback,0.25,8,8,4,False,0.0383133756469092,0.469061876247505,False,False,0.0383133756469092,0.0080001906179847,0.8396854400598877,0.8779988157067968,0.125,0.5,1.0,0.0056676641053794,1.0,1.0,True,True
history_feedback,0.25,9,8,4,False,0.0431457965756013,0.4530938123752495,False,False,0.0431457965756013,0.0407842151457419,0.8642608296809806,0.907406626256582,0.0,0.5,1.0,0.0061416373662323,1.0,1.0,True,True
history_feedback,0.25,10,8,3,False,-0.0084100716666736,0.9141716566866268,False,False,-0.0084100716666736,-0.0088550126214934,0.9456490433050668,0.9372389716383932,0.0,0.375,1.0,0.005425477485561,1.0,1.0,True,True
history_feedback,0.25,11,8,5,False,0.0917567143651145,0.1117764471057884,False,False,0.0917567143651145,0.0934991538946613,0.8012827759400882,0.8930394903052028,0.125,0.625,1.0,0.0056797712884094,1.0,1.0,True,True
history_feedback,0.25,12,8,6,True,0.1330474619713844,0.0339321357285429,True,True,0.1330474619713844,0.0816241359921308,0.7555442379839334,0.8885916999553178,0.125,0.75,1.0,0.0059326851129868,1.0,1.0,True,True
history_feedback,0.25,13,8,3,False,-0.0370579125118684,0.936127744510978,False,False,-0.0370579125118684,-0.0583696952551641,0.9257192586698504,0.888661346157982,0.0,0.375,1.0,0.0062915975516582,1.0,1.0,True,True
history_feedback,0.25,14,8,6,True,0.0930284273524869,0.1197604790419161,False,False,0.0930284273524869,0.1179745346359912,0.8268198752206788,0.9198483025731656,0.125,0.75,1.0,0.0061001366166565,1.0,1.0,True,True
history_feedback,0.25,15,8,6,True,0.0836556938927296,0.1816367265469061,False,False,0.0836556938927296,0.0638804260282402,0.8066452996936329,0.8903009935863625,0.125,0.75,1.0,0.0060186631470653,1.0,1.0,True,True
history_feedback,0.25,16,8,4,False,0.0191037389541308,0.7744510978043913,False,False,0.0191037389541308,0.0015589355035046,0.9316136840751212,0.950717423029252,0.125,0.5,1.0,0.005685981843327,1.0,1.0,True,True
history_feedback,0.25,17,8,3,False,0.0741228512863917,0.2614770459081836,False,False,0.0741228512863917,-0.0047261104493808,0.8526172782346091,0.9267401295210008,0.125,0.375,1.0,0.0055786985319442,1.0,1.0,True,True
history_feedback,0.25,18,8,6,True,0.0970493740375093,0.1257485029940119,False,False,0.0970493740375093,0.09864182818343,0.8498118628541552,0.9468612368916643,0.125,0.75,1.0,0.0055780658322116,1.0,1.0,True,True
history_feedback,0.25,19,8,3,False,0.0400036844450269,0.5389221556886228,False,False,0.0400036844450269,-0.0126274327121581,0.8845509957625763,0.9245546802076032,0.125,0.375,1.0,0.0059111923723805,1.0,1.0,True,True
history_feedback,0.25,20,8,5,False,-0.0201204177395301,0.9101796407185628,False,False,-0.0201204177395301,0.0120225207742649,0.9326571072339774,0.9125366894944472,0.0,0.625,1.0,0.005775943755438,1.0,1.0,True,True
history_feedback,0.25,21,8,4,False,0.0331702493221259,0.6606786427145709,False,False,0.0331702493221259,0.0305702732849972,0.9301210604453513,0.963291309767477,0.0,0.5,1.0,0.0058270892189942,1.0,1.0,True,True
history_feedback,0.25,22,8,5,False,0.0700515684096179,0.3053892215568862,False,False,0.0700515684096179,0.1009108536996612,0.8362531582702313,0.9063047266798492,0.0,0.625,1.0,0.0057965613227169,1.0,1.0,True,True
history_feedback,0.25,23,8,3,False,0.043791936593659,0.4890219560878243,False,False,0.043791936593659,-0.008356551976769,0.884998276336115,0.928790212929774,0.0,0.375,1.0,0.0057880564260359,1.0,1.0,True,True
history_feedback,0.25,24,8,5,False,0.0882669586916133,0.2155688622754491,False,False,0.0882669586916133,0.1395548559696848,0.8403949480711034,0.9286619067627166,0.125,0.625,1.0,0.0058845802950101,1.0,1.0,True,True
history_feedback,0.25,25,8,5,False,0.0555133964422119,0.3552894211576846,False,False,0.0555133964422119,0.0409500333821665,0.8703737142020438,0.9258871106442556,0.0,0.625,1.0,0.005363812169447,1.0,1.0,True,True
history_feedback,0.25,26,8,1,False,-0.0503005636687969,0.9580838323353292,False,False,-0.0503005636687969,-0.0433126014347095,0.949468283745896,0.8991677200770991,0.0,0.125,1.0,0.0059305467851625,1.0,1.0,True,True
history_feedback,0.25,27,8,5,False,0.0925545683138564,0.1696606786427145,False,False,0.0925545683138564,0.0997192636050205,0.818814563303512,0.9113691316173684,0.0,0.625,1.0,0.005414385648345,1.0,1.0,True,True
history_feedback,0.25,28,8,3,False,0.0461019779200519,0.4710578842315369,False,False,0.0461019779200519,-0.0234036446068057,0.8920072569330222,0.938109234853074,0.125,0.375,1.0,0.0057151723672533,1.0,1.0,True,True
history_feedback,0.25,29,8,5,False,0.1232386515575749,0.0439121756487025,True,False,0.1232386515575749,0.1139348571663627,0.7569664500074959,0.8802051015650709,0.125,0.625,1.0,0.0053986210997481,1.0,1.0,True,True
history_feedback,0.25,30,8,4,False,0.0863845404248645,0.2195608782435129,False,False,0.0863845404248645,0.0320526794121488,0.8651104497583584,0.9514949901832228,0.125,0.5,1.0,0.0058521652393791,1.0,1.0,True,True
history_feedback,0.25,31,8,6,True,0.0838227156476126,0.2674650698602794,False,False,0.0838227156476126,0.1368997365501572,0.8507670566570551,0.9345897723046678,0.0,0.75,1.0,0.0057900604344674,1.0,1.0,True,True
history_feedback,0.25,32,8,5,False,0.1911560290658393,0.0039920159680638,True,False,0.1911560290658393,0.056599023152962,0.7958511838859396,0.987007212951779,0.25,0.625,1.0,0.0062908849979654,1.0,1.0,True,True
history_feedback,0.25,33,8,3,False,-0.004658032063347,0.8163672654690619,False,False,-0.004658032063347,-0.0051791015658083,0.917484174348682,0.9128261422853348,0.0,0.375,1.0,0.0058357121564098,1.0,1.0,True,True
history_feedback,0.25,34,8,5,False,0.1141026058548143,0.0698602794411177,False,False,0.1141026058548143,0.1134428396401786,0.7813735185031778,0.8954761243579923,0.0,0.625,1.0,0.0059539200905106,1.0,1.0,True,True
history_feedback,0.25,35,8,3,False,0.0239394424582293,0.6327345309381237,False,False,0.0239394424582293,-0.0418593496032507,0.8799811314242707,0.9039205738825,0.0,0.375,1.0,0.0057231127556151,1.0,1.0,True,True
history_feedback,0.25,36,8,6,True,0.1679699335380572,0.0039920159680638,True,True,0.1679699335380572,0.2332197218191,0.7606842732550643,0.9286542067931214,0.125,0.75,1.0,0.0056872155273536,1.0,1.0,True,True
history_feedback,0.25,37,8,4,False,0.0300552119671577,0.6866267465069861,False,False,0.0300552119671577,0.0033475362733379,0.9133932928738032,0.9434485048409612,0.0,0.5,1.0,0.006236123098256,1.0,1.0,True,True
history_feedback,0.25,38,8,3,False,-0.0435898454624059,0.9261477045908184,False,False,-0.0435898454624059,-0.0736522903936058,0.9088851432231264,0.8652952977607204,0.125,0.375,1.0,0.0054227913869764,1.0,1.0,True,True
history_feedback,0.25,39,8,5,False,0.0922763645937529,0.217564870259481,False,False,0.0922763645937529,0.1247104007502454,0.8563158051138188,0.9485921697075717,0.0,0.625,1.0,0.0057981460521938,1.0,1.0,True,True
history_feedback,0.25,40,8,7,True,0.0892255124132565,0.2075848303393213,False,False,0.0892255124132565,0.0725218646896358,0.8616577942910058,0.9508833067042622,0.0,0.875,1.0,0.0053946668274857,1.0,1.0,True,True
history_feedback,0.25,41,8,6,True,0.0710937546004918,0.24750499001996,False,False,0.0710937546004918,0.0875733096091548,0.8406035792295743,0.911697333830066,0.0,0.75,1.0,0.0055760418323903,1.0,1.0,True,True
history_feedback,0.25,42,8,4,False,0.0585789240539407,0.3972055888223553,False,False,0.0585789240539407,0.0623092232548878,0.8685648754316491,0.92714379948559,0.0,0.5,1.0,0.0057378275066226,1.0,1.0,True,True
history_feedback,0.25,43,8,4,False,0.0128075466700689,0.8403193612774451,False,False,0.0128075466700689,0.003890378677068,0.9365814520009448,0.9493889986710136,0.0,0.5,1.0,0.0057614163255368,1.0,1.0,True,True
history_feedback,0.25,44,8,5,False,0.121563622912489,0.0638722554890219,False,False,0.121563622912489,0.0917750248151789,0.8017059286558826,0.9232695515683716,0.125,0.625,1.0,0.0060061631279307,1.0,1.0,True,True
history_feedback,0.25,45,8,3,False,0.0361902090801274,0.5289421157684631,False,False,0.0361902090801274,-0.0022398055706039,0.8716138244091084,0.9078040334892358,0.125,0.375,1.0,0.0057337217817194,1.0,1.0,True,True
history_feedback,0.25,46,8,5,False,0.0393719022435727,0.500998003992016,False,False,0.0393719022435727,0.0634581709351751,0.8860865437358751,0.9254584459794478,0.0,0.625,1.0,0.0055423782695038,1.0,1.0,True,True
history_feedback,0.25,47,8,5,False,0.1366272232278996,0.0379241516966067,True,False,0.1366272232278996,0.0910476824615535,0.799051390010087,0.9356786132379866,0.25,0.625,1.0,0.0054031231660394,1.0,1.0,True,True
history_feedback,0.25,48,8,5,False,0.1213677419505621,0.0698602794411177,False,False,0.1213677419505621,0.1378885438630429,0.787936168282088,0.90930391023265,0.125,0.625,1.0,0.0057351913423429,1.0,1.0,True,True
history_feedback,0.25,49,8,3,False,0.0794989049757017,0.2435129740518962,False,False,0.0794989049757017,-0.0102299035656757,0.8570095486895504,0.936508453665252,0.125,0.375,1.0,0.0055998446937168,1.0,1.0,True,True
history_feedback,0.25,50,8,5,False,0.1235301956776832,0.0658682634730539,False,False,0.1235301956776832,0.0853581503831828,0.8010661831064849,0.9245963787841682,0.125,0.625,1.0,0.0061770481417358,1.0,1.0,True,True
history_feedback,0.25,51,8,7,True,0.0696869679605437,0.2375249500998004,False,False,0.0696869679605437,0.0819806217437783,0.8492478003403825,0.9189347683009262,0.0,0.875,1.0,0.0057345711400874,1.0,1.0,True,True
history_feedback,0.25,52,8,4,False,0.0790950821785981,0.2514970059880239,False,False,0.0790950821785981,0.0510734470351093,0.8323735301836584,0.9114686123622566,0.0,0.5,1.0,0.006106221688618,1.0,1.0,True,True
history_feedback,0.25,53,8,3,False,0.0091132357761338,0.7445109780439122,False,False,0.0091132357761338,-0.0085796236579482,0.9071631550228012,0.9162763907989352,0.0,0.375,1.0,0.0060957587914303,1.0,1.0,True,True
history_feedback,0.25,54,8,4,False,0.0522386005765392,0.5269461077844312,False,False,0.0522386005765392,0.0403161243892755,0.9038538267642502,0.9560924273407896,0.125,0.5,1.0,0.0055891610690142,1.0,1.0,True,True
history_feedback,0.25,55,8,5,False,0.0797179265441954,0.1836327345309381,False,False,0.0797179265441954,0.0880541452521841,0.803832855691996,0.8835507822361914,0.0,0.625,1.0,0.0054012395834361,1.0,1.0,True,True
history_feedback,0.25,56,8,5,False,0.061474295355971,0.3652694610778443,False,False,0.061474295355971,0.0511646742326926,0.8711301312568844,0.9326044266128556,0.0,0.625,1.0,0.0058633732282391,1.0,1.0,True,True
history_feedback,0.25,57,8,4,False,0.0316274211237577,0.6047904191616766,False,False,0.0316274211237577,0.0145476395195155,0.8969526635981355,0.9285800847218932,0.0,0.5,1.0,0.00575165202341,1.0,1.0,True,True
history_feedback,0.25,58,8,5,False,0.0805855938060499,0.1776447105788423,False,False,0.0805855938060499,0.0990678334284608,0.8202772796480982,0.9008628734541482,0.0,0.625,1.0,0.0057328842084081,1.0,1.0,True,True
history_feedback,0.25,59,8,7,True,0.1100018075526115,0.1097804391217564,False,False,0.1100018075526115,0.0811511221835375,0.8417772220839683,0.95177902963658,0.0,0.875,1.0,0.0059721925296712,1.0,1.0,True,True
history_feedback,0.25,60,8,5,False,0.145351423300828,0.0339321357285429,True,False,0.145351423300828,0.1430607739690044,0.766570593594929,0.9119220168957568,0.25,0.625,1.0,0.0057726886117644,1.0,1.0,True,True
history_feedback,0.25,61,8,6,True,0.0671235719803148,0.2834331337325349,False,False,0.0671235719803148,0.0548124434327629,0.8507869846942815,0.9179105566745962,0.0,0.75,1.0,0.0054934769773902,1.0,1.0,True,True
history_feedback,0.25,62,8,4,False,0.0674188368863155,0.2594810379241516,False,False,0.0674188368863155,0.0320702745066482,0.8489886395542889,0.9164074764406044,0.125,0.5,1.0,0.0058810227613041,1.0,1.0,True,True
history_feedback,0.25,63,8,2,False,0.010212504762295,0.6986027944111777,False,False,0.010212504762295,-0.0167808579924516,0.8903604124174542,0.9005729171797493,0.0,0.25,1.0,0.0059385637445711,1.0,1.0,True,True
history_feedback,0.25,64,8,5,False,0.1135830462202622,0.0518962075848303,False,False,0.1135830462202622,0.1909883592720461,0.7515319007695609,0.8651149469898232,0.0,0.625,1.0,0.0056475915359291,1.0,1.0,True,True
history_feedback,0.25,65,8,4,False,0.0665937248057293,0.2534930139720558,False,False,0.0665937248057293,0.0259198704126836,0.8039677270463261,0.8705614518520555,0.125,0.5,1.0,0.0059486513115181,1.0,1.0,True,True
history_feedback,0.25,66,8,5,False,0.1311779154212617,0.0758483033932135,False,False,0.1311779154212617,0.1741770394902253,0.8005725943936932,0.931750509814955,0.125,0.625,1.0,0.0059200742196666,1.0,1.0,True,True
history_feedback,0.25,67,8,6,True,0.0655686766107831,0.311377245508982,False,False,0.0655686766107831,0.084562521239743,0.8560630950178192,0.9216317716286024,0.0,0.75,1.0,0.0058540333794133,1.0,1.0,True,True
history_feedback,0.25,68,8,3,False,0.0256921104626727,0.5668662674650699,False,False,0.0256921104626727,-0.0209692006603169,0.8770369996650497,0.9027291101277224,0.125,0.375,1.0,0.0056308431562,1.0,1.0,True,True
history_feedback,0.25,69,8,4,False,0.0230791122391835,0.718562874251497,False,False,0.0230791122391835,-0.0105057885430062,0.9240694460276802,0.9471485582668636,0.0,0.5,1.0,0.0059992700314139,1.0,1.0,True,True
history_feedback,0.25,70,8,2,False,-0.003538730676906,0.8023952095808383,False,False,-0.003538730676906,-0.0503085711473807,0.909036728828432,0.905497998151526,0.125,0.25,1.0,0.0058744292468632,1.0,1.0,True,True
history_feedback,0.25,71,8,7,True,0.1999904891666552,0.0019960079840319,True,True,0.1999904891666552,0.1901227202231811,0.7352035406101701,0.9351940297768254,0.125,0.875,1.0,0.0061663695131936,1.0,1.0,True,True
history_feedback,0.25,72,8,5,False,0.0590920782262826,0.3173652694610778,False,False,0.0590920782262826,0.1494584751600347,0.8349323098374857,0.8940243880637684,0.0,0.625,1.0,0.0057924416378843,1.0,1.0,True,True
history_feedback,0.25,73,8,7,True,0.0965646408839155,0.1776447105788423,False,False,0.0965646408839155,0.0551703862787006,0.8568395013244973,0.9534041422084129,0.125,0.875,1.0,0.0056958197899927,1.0,1.0,True,True
history_feedback,0.25,74,8,5,False,0.1061540141585998,0.1217564870259481,False,False,0.1061540141585998,0.0953422576036032,0.7974394992472906,0.9035935134058904,0.125,0.625,1.0,0.0058596149060967,1.0,1.0,True,True
history_feedback,0.25,75,8,6,True,0.1109585257610748,0.0798403193612774,False,False,0.1109585257610748,0.0701086476814069,0.8213314843815535,0.9322900101426284,0.125,0.75,1.0,0.0060064656338173,1.0,1.0,True,True
history_feedback,0.25,76,8,3,False,0.0475515224078709,0.4730538922155688,False,False,0.0475515224078709,0.0,0.8950278717444298,0.9425793941523009,0.125,0.375,1.0,0.0055619506955313,1.0,1.0,True,True
history_feedback,0.25,77,8,7,True,0.1314020926318967,0.0558882235528942,False,False,0.1314020926318967,0.1378952111451412,0.7772431618613518,0.9086452544932484,0.0,0.875,1.0,0.0054121764509219,1.0,1.0,True,True
history_feedback,0.25,78,8,6,True,0.1607493201473397,0.0099800399201596,True,True,0.1607493201473397,0.1717751051521181,0.7549332003768014,0.9156825205241412,0.125,0.75,1.0,0.0057771713129684,1.0,1.0,True,True
history_feedback,0.25,79,8,4,False,0.0480776845729071,0.5528942115768463,False,False,0.0480776845729071,0.0442158564329522,0.8909220294165074,0.9389997139894146,0.0,0.5,1.0,0.0056665328291246,1.0,1.0,True,True
history_feedback,0.25,80,8,3,False,0.0036736640919377,0.8622754491017964,False,False,0.0036736640919377,-0.0012827090815802,0.9440318829673552,0.9477055470592932,0.0,0.375,1.0,0.0058838801773895,1.0,1.0,True,True
history_feedback,0.25,81,8,1,False,-0.034348532234807,0.9820359281437124,False,False,-0.034348532234807,-0.0189272129763083,0.970898367616664,0.9365498353818572,0.0,0.125,1.0,0.0060976103581254,1.0,1.0,True,True
history_feedback,0.25,82,8,5,False,0.1038766613612144,0.091816367265469,False,False,0.1038766613612144,0.0922662091389237,0.7581448310297105,0.8620214923909251,0.125,0.625,1.0,0.0056633691399427,1.0,1.0,True,True
history_feedback,0.25,83,8,5,False,0.0782240696203001,0.24750499001996,False,False,0.0782240696203001,0.0604870366543919,0.8637393262906286,0.9419633959109288,0.0,0.625,1.0,0.0057992150678479,1.0,1.0,True,True
history_feedback,0.25,84,8,4,False,0.0367788713414677,0.4431137724550898,False,False,0.0367788713414677,-0.0002925627388769,0.8479944430480713,0.8847733143895391,0.0,0.5,1.0,0.0061053505378604,1.0,1.0,True,True
history_feedback,0.25,85,8,4,False,0.0830651704286512,0.2095808383233532,False,False,0.0830651704286512,0.0034414118829451,0.8574542521299284,0.9405194225585796,0.25,0.5,1.0,0.0056434240850694,1.0,1.0,True,True
history_feedback,0.25,86,8,6,True,0.1097209159251522,0.1057884231536926,False,False,0.1097209159251522,0.1202400748802092,0.8184141596076704,0.9281350755328226,0.0,0.75,1.0,0.0056502731075424,1.0,1.0,True,True
history_feedback,0.25,87,8,3,False,0.0466973239762297,0.5369261477045908,False,False,0.0466973239762297,-0.0104511552744603,0.8844170619231424,0.931114385899372,0.0,0.375,1.0,0.0057436333321964,1.0,1.0,True,True
history_feedback,0.25,88,8,6,True,0.1274685687794788,0.029940119760479,True,True,0.1274685687794788,0.1188995688407527,0.7613443500225063,0.8888129188019852,0.125,0.75,1.0,0.0055244060737947,1.0,1.0,True,True
history_feedback,0.25,89,8,4,False,0.0576630476314223,0.3572854291417165,False,False,0.0576630476314223,0.0345802538959122,0.8652685272049006,0.9229315748363228,0.0,0.5,1.0,0.0055863612508735,1.0,1.0,True,True
history_feedback,0.25,90,8,4,False,0.0312439738387471,0.6307385229540918,False,False,0.0312439738387471,0.0125152918643749,0.9104017627132884,0.9416457365520357,0.0,0.5,1.0,0.0056323553401097,1.0,1.0,True,True
history_feedback,0.25,91,8,4,False,0.1216747972007328,0.0678642714570858,False,False,0.1216747972007328,0.0589763390874244,0.7916886567526453,0.913363453953378,0.125,0.5,1.0,0.0061942029890462,1.0,1.0,True,True
history_feedback,0.25,92,8,4,False,0.0731694578556753,0.3552894211576846,False,False,0.0731694578556753,0.0058140368957024,0.8607597229565703,0.933929180812246,0.0,0.5,1.0,0.0060285831478857,1.0,1.0,True,True
history_feedback,0.25,93,8,6,True,0.108996099296775,0.1317365269461078,False,False,0.108996099296775,0.098535809362843,0.80816288732576,0.917158986622535,0.0,0.75,1.0,0.0054546799338078,1.0,1.0,True,True
history_feedback,0.25,94,8,3,False,0.093238744439263,0.2015968063872255,False,False,0.093238744439263,0.0,0.87334855584261,0.966587300281873,0.25,0.375,1.0,0.0061611407311047,1.0,1.0,True,True
history_feedback,0.25,95,8,3,False,0.0109274748512187,0.654690618762475,False,False,0.0109274748512187,-0.0236203099878235,0.8774313154956239,0.8883587903468427,0.0,0.375,1.0,0.0055598196549122,1.0,1.0,True,True
history_feedback,0.25,96,8,5,False,0.0342072191411703,0.5828343313373253,False,False,0.0342072191411703,0.0188614610363784,0.8873726731427314,0.9215798922839018,0.125,0.625,1.0,0.0057525791349205,1.0,1.0,True,True
history_feedback,0.25,97,8,5,False,0.0465286707779696,0.4590818363273453,False,False,0.0465286707779696,0.071788793900934,0.885152760216857,0.9316814309948268,0.0,0.625,1.0,0.0055117043610351,1.0,1.0,True,True
history_feedback,0.25,98,8,5,False,0.1022399508996055,0.1516966067864271,False,False,0.1022399508996055,0.151055225568375,0.8268183510368596,0.9290583019364652,0.125,0.625,1.0,0.0056248106599211,1.0,1.0,True,True
history_feedback,0.25,99,8,5,False,0.0590973275090992,0.4291417165668663,False,False,0.0590973275090992,0.0208162052705684,0.8974502923148928,0.9565476198239922,0.0,0.625,1.0,0.0056287707308319,1.0,1.0,True,True
history_feedback,0.25,100,8,5,False,0.0989582935360674,0.1337325349301397,False,False,0.0989582935360674,0.0467163338333072,0.7927069445646765,0.8916652381007439,0.125,0.625,1.0,0.0059005384974164,1.0,1.0,True,True
history_feedback,0.25,101,8,3,False,0.0112551002168174,0.7305389221556886,False,False,0.0112551002168174,-0.0332859772077133,0.9047197927201313,0.9159748929369486,0.0,0.375,1.0,0.0057960459635553,1.0,1.0,True,True
history_feedback,0.25,102,8,4,False,0.0684310146806099,0.3193612774451098,False,False,0.0684310146806099,0.0141516250658436,0.8419897312611514,0.9104207459417611,0.125,0.5,1.0,0.005781946723,1.0,1.0,True,True
history_feedback,0.25,103,8,3,False,0.0764121597427568,0.3053892215568862,False,False,0.0764121597427568,-0.0001593371574251,0.8705984085992091,0.947010568341966,0.125,0.375,1.0,0.0055065686537193,1.0,1.0,True,True
history_feedback,0.25,104,8,4,False,0.0061740630945623,0.7504990019960079,False,False,0.0061740630945623,-0.0089231526746109,0.90581320704276,0.9119872701373224,0.0,0.5,1.0,0.0058493166373344,1.0,1.0,True,True
history_feedback,0.25,105,8,4,False,0.0539464283310355,0.4830339321357285,False,False,0.0539464283310355,0.0020408556973251,0.8710099117801904,0.924956340111226,0.0,0.5,1.0,0.0056538520723607,1.0,1.0,True,True
history_feedback,0.25,106,8,5,False,0.0875789546606462,0.1656686626746507,False,False,0.0875789546606462,0.0940686621833738,0.8145076628156225,0.9020866174762688,0.0,0.625,1.0,0.0056406515633249,1.0,1.0,True,True
history_feedback,0.25,107,8,7,True,0.1098678118252719,0.0778443113772455,False,False,0.1098678118252719,0.1198935300778133,0.7774640783993161,0.887331890224588,0.0,0.875,1.0,0.0059098343884525,1.0,1.0,True,True
history_feedback,0.25,108,8,6,True,0.1671864777285867,0.0059880239520958,True,True,0.1671864777285867,0.1628411803713668,0.772807510113259,0.9399939878418456,0.125,0.75,1.0,0.0061819531045376,1.0,1.0,True,True
history_feedback,0.25,109,8,5,False,0.1455754747882567,0.0179640718562874,True,False,0.1455754747882567,0.1315719924357339,0.7849001872289054,0.930475662017162,0.25,0.625,1.0,0.0060513198006654,1.0,1.0,True,True
history_feedback,0.25,110,8,4,False,0.1100249135042111,0.0718562874251497,False,False,0.1100249135042111,0.0850550249169435,0.8413488532923155,0.9513737667965264,0.125,0.5,1.0,0.0059413788960222,1.0,1.0,True,True
history_feedback,0.25,111,8,5,False,0.107227139061139,0.1037924151696606,False,False,0.107227139061139,0.0825301026527561,0.8049478035283739,0.9121749425895128,0.125,0.625,1.0,0.005579851037081,1.0,1.0,True,True
history_feedback,0.25,112,8,4,False,0.0992354329760831,0.1377245508982036,False,False,0.0992354329760831,0.0259131191955638,0.8211909379077585,0.9204263708838416,0.125,0.5,1.0,0.0060119339706059,1.0,1.0,True,True
history_feedback,0.25,113,8,3,False,0.0547750914154859,0.4391217564870259,False,False,0.0547750914154859,-0.0051262898296219,0.8813225809438947,0.9360976723593808,0.0,0.375,1.0,0.0057764567167838,1.0,1.0,True,True
history_feedback,0.25,114,8,6,True,0.0563774566590819,0.3592814371257485,False,False,0.0563774566590819,0.0222833379928588,0.8525119106754014,0.9088893673344832,0.0,0.75,1.0,0.0060097390987094,1.0,1.0,True,True
history_feedback,0.25,115,8,7,True,0.1226357920120967,0.0578842315369261,False,False,0.1226357920120967,0.0650386173829092,0.7744491648757494,0.8970849568878462,0.25,0.875,1.0,0.005452444931624,1.0,1.0,True,True
history_feedback,0.25,116,8,5,False,0.0058557919173121,0.6746506986027944,False,False,0.0058557919173121,0.0269209364868023,0.8621270602883013,0.8679828522056134,0.0,0.625,1.0,0.0058899548371326,1.0,1.0,True,True
history_feedback,0.25,117,8,2,False,-0.0029301822766213,0.8842315369261478,False,False,-0.0029301822766213,-0.017463684744105,0.947856345067362,0.9449261627907406,0.0,0.25,1.0,0.0061706395309195,1.0,1.0,True,True
history_feedback,0.25,118,8,6,True,0.0962072334463563,0.1417165668662674,False,False,0.0962072334463563,0.060080771677451,0.8492522003520562,0.9454594337984124,0.125,0.75,1.0,0.0058165498349289,1.0,1.0,True,True
history_feedback,0.25,119,8,5,False,0.1746396598070223,0.0059880239520958,True,False,0.1746396598070223,0.1412171195648043,0.7511198381834157,0.925759497990438,0.375,0.625,1.0,0.0057777915562733,1.0,1.0,True,True
history_feedback,0.25,120,8,4,False,0.0279789102700631,0.6606786427145709,False,False,0.0279789102700631,0.0093008924144519,0.8955243284776028,0.923503238747666,0.0,0.5,1.0,0.0060670426949947,1.0,1.0,True,True
history_feedback,0.25,121,8,7,True,0.1196133713826356,0.0878243512974051,False,False,0.1196133713826356,0.1099690891136228,0.8389058662557112,0.9585192376383468,0.0,0.875,1.0,0.0060429005357445,1.0,1.0,True,True
history_feedback,0.25,122,8,7,True,0.1838606210384979,0.0039920159680638,True,True,0.1838606210384979,0.1772106300555389,0.7314255218854988,0.9152861429239968,0.25,0.875,1.0,0.0059714991117946,1.0,1.0,True,True
history_feedback,0.25,123,8,2,False,0.0540700996315759,0.4411177644710579,False,False,0.0540700996315759,-0.0231793357359158,0.8794010238489576,0.9334711234805336,0.25,0.25,1.0,0.005515685115692,1.0,1.0,True,True
history_feedback,0.25,124,8,5,False,0.099639707228339,0.1776447105788423,False,False,0.099639707228339,0.0584047738738642,0.8319438810110652,0.9315835882394042,0.0,0.625,1.0,0.0058013559176327,1.0,1.0,True,True
history_feedback,0.25,125,8,1,False,0.0082000486156735,0.7844311377245509,False,False,0.0082000486156735,-0.0517693584254634,0.929303445991624,0.9375034946072976,0.125,0.125,1.0,0.0057667256979969,1.0,1.0,True,True
history_feedback,0.25,126,8,4,False,0.0352466499280701,0.4890219560878243,False,False,0.0352466499280701,0.0097696483614923,0.850207881154028,0.8854545310820982,0.125,0.5,1.0,0.0059464233427962,1.0,1.0,True,True
history_feedback,0.25,127,8,4,False,-0.0032188474819133,0.810379241516966,False,False,-0.0032188474819133,-0.0162382360199226,0.9154962649939152,0.912277417512002,0.0,0.5,1.0,0.0057758777677055,1.0,1.0,True,True
history_feedback,0.25,128,8,4,False,0.0324010994611245,0.4730538922155688,False,False,0.0324010994611245,0.0008332150923113,0.8608789442716067,0.8932800437327313,0.0,0.5,1.0,0.0060412167398032,1.0,1.0,True,True
history_feedback,0.25,129,8,7,True,0.0814366894899349,0.2455089820359281,False,False,0.0814366894899349,0.0610500331445054,0.8550084389573566,0.9364451284472916,0.0,0.875,1.0,0.0060272061950658,1.0,1.0,True,True
history_feedback,0.25,130,8,5,False,0.0733860880056124,0.2734530938123752,False,False,0.0733860880056124,0.0322447745820634,0.8805808120469221,0.9539669000525344,0.0,0.625,1.0,0.0059455639970291,1.0,1.0,True,True
history_feedback,0.25,131,8,5,False,0.0617024127426243,0.3413173652694611,False,False,0.0617024127426243,0.0422241339081246,0.8642606295410393,0.9259630422836638,0.0,0.625,1.0,0.0060961125143847,1.0,1.0,True,True
history_feedback,0.25,132,8,4,False,0.0382537083993333,0.497005988023952,False,False,0.0382537083993333,0.0048474176875738,0.8655926957923268,0.9038464041916604,0.125,0.5,1.0,0.0057115806541674,1.0,1.0,True,True
history_feedback,0.25,133,8,4,False,0.0747550175326232,0.2654690618762475,False,False,0.0747550175326232,0.0504399279649547,0.8465865831221258,0.921341600654749,0.0,0.5,1.0,0.0057142069551123,1.0,1.0,True,True
history_feedback,0.25,134,8,4,False,0.0521257971596678,0.3972055888223553,False,False,0.0521257971596678,-0.007619881908037,0.8569495814740355,0.9090753786337034,0.0,0.5,1.0,0.0059832890002199,1.0,1.0,True,True
history_feedback,0.25,135,8,3,False,0.0166533892718406,0.7105788423153693,False,False,0.0166533892718406,-0.0283013731465869,0.9062920908826128,0.9229454801544534,0.0,0.375,1.0,0.005688564504592,1.0,1.0,True,True
history_feedback,0.25,136,8,3,False,0.0026453299994483,0.8682634730538922,False,False,0.0026453299994483,-0.0142930547153858,0.949763824488942,0.95240915448839,0.0,0.375,1.0,0.0066628061554749,1.0,1.0,True,True
history_feedback,0.25,137,8,3,False,0.0265991325518652,0.6007984031936128,False,False,0.0265991325518652,-0.0264129243536758,0.8905697149215019,0.9171688474733672,0.0,0.375,1.0,0.0063462125249104,1.0,1.0,True,True
history_feedback,0.25,138,8,3,False,0.0191827154352809,0.782435129740519,False,False,0.0191827154352809,-0.0080335190618123,0.916160337150806,0.9353430525860872,0.0,0.375,1.0,0.0054539873991973,1.0,1.0,True,True
history_feedback,0.25,139,8,3,False,0.0042210648110219,0.9001996007984032,False,False,0.0042210648110219,-0.0128993481516499,0.94544510191886,0.949666166729882,0.0,0.375,1.0,0.0054623334110449,1.0,1.0,True,True
history_feedback,0.25,140,8,4,False,0.0948141265864104,0.1157684630738523,False,False,0.0948141265864104,0.0603187790411685,0.8315043741058703,0.9263185006922808,0.125,0.5,1.0,0.0061588575572848,1.0,1.0,True,True
history_feedback,0.25,141,8,5,False,0.0893233674292969,0.1736526946107784,False,False,0.0893233674292969,0.0534221649618223,0.8259200799827757,0.9152434474120728,0.0,0.625,1.0,0.0054728702946482,1.0,1.0,True,True
history_feedback,0.25,142,8,1,False,-0.0503366680295136,0.9700598802395208,False,False,-0.0503366680295136,-0.0521080488364791,0.9532237458214272,0.9028870777919136,0.0,0.125,1.0,0.0057047793703137,1.0,1.0,True,True
history_feedback,0.25,143,8,4,False,0.0058641518515641,0.7964071856287425,False,False,0.0058641518515641,-0.0114779960413839,0.9271377103413077,0.9330018621928716,0.0,0.5,1.0,0.0055163411450329,1.0,1.0,True,True
history_feedback,0.25,144,8,6,True,0.1767711209327391,0.0119760479041916,True,True,0.1767711209327391,0.0814886804560356,0.7436173025644119,0.920388423497151,0.375,0.75,1.0,0.0060505130965973,1.0,1.0,True,True
history_feedback,0.25,145,8,4,False,0.0823246687748672,0.24750499001996,False,False,0.0823246687748672,0.0231206928487922,0.8577516362901303,0.9400763050649976,0.125,0.5,1.0,0.0059078057373138,1.0,1.0,True,True
history_feedback,0.25,146,8,6,True,0.1347042871355266,0.0219560878243512,True,True,0.1347042871355266,0.1009143789452403,0.7367344767850549,0.8714387639205816,0.125,0.75,1.0,0.0062864709333771,1.0,1.0,True,True
history_feedback,0.25,147,8,6,True,0.1187211838349323,0.0658682634730539,False,False,0.1187211838349323,0.1460583266822923,0.7937416972451783,0.9124628810801104,0.0,0.75,1.0,0.0058132750581356,1.0,1.0,True,True
history_feedback,0.25,148,8,4,False,0.0305941093452344,0.6307385229540918,False,False,0.0305941093452344,0.0054612693921301,0.9182060697067852,0.9488001790520196,0.0,0.5,1.0,0.0054230181505399,1.0,1.0,True,True
history_feedback,0.25,149,8,4,False,0.0519239977488241,0.4550898203592814,False,False,0.0519239977488241,0.0221033105083311,0.8726306580221453,0.9245546557709694,0.0,0.5,1.0,0.0062301767878642,1.0,1.0,True,True
history_feedback,0.5,0,8,6,True,0.1006290658668188,0.0898203592814371,False,False,0.1006290658668188,0.070814964289216,0.8117854826057553,0.9124145484725742,0.125,0.75,1.0,0.0062596888350793,1.0,1.0,True,True
history_feedback,0.5,1,8,4,False,0.0437983527333388,0.4151696606786427,False,False,0.0437983527333388,0.0310740582786732,0.8727981616237067,0.9165965143570456,0.0,0.5,1.0,0.0062337703547069,1.0,1.0,True,True
history_feedback,0.5,2,8,5,False,0.0500638537299813,0.3612774451097804,False,False,0.0500638537299813,0.0575568045224332,0.8652012623905458,0.9152651161205272,0.125,0.625,1.0,0.0056508209724867,1.0,1.0,True,True
history_feedback,0.5,3,8,5,False,0.0985060662848363,0.0758483033932135,False,False,0.0985060662848363,0.0830447679755499,0.779999751692241,0.8785058179770774,0.125,0.625,1.0,0.0062616885622308,1.0,1.0,True,True
history_feedback,0.5,4,8,6,True,0.0984933901619554,0.0638722554890219,False,False,0.0984933901619554,0.1115376632418773,0.7848842829587902,0.8833776731207457,0.125,0.75,1.0,0.0066483633085305,1.0,1.0,True,True
history_feedback,0.5,5,8,3,False,-0.0137073775761336,0.8163672654690619,False,False,-0.0137073775761336,-0.0370187783322961,0.9025139123715914,0.8888065347954577,0.0,0.375,1.0,0.0058672349450789,1.0,1.0,True,True
history_feedback,0.5,6,8,4,False,0.0184225487904068,0.5568862275449101,False,False,0.0184225487904068,-0.0099631129408438,0.8596777842926095,0.8781003330830163,0.0,0.5,1.0,0.006205885740703,1.0,1.0,True,True
history_feedback,0.5,7,8,3,False,0.0064737852210332,0.5868263473053892,False,False,0.0064737852210332,-0.0714933009311833,0.8187506332663871,0.8252244184874202,0.25,0.375,1.0,0.0057447339063388,1.0,1.0,True,True
history_feedback,0.5,8,8,2,False,-0.0042084066936471,0.6487025948103793,False,False,-0.0042084066936471,-0.0357885455841481,0.8362075233498198,0.8319991166561727,0.125,0.25,1.0,0.0064742584074341,1.0,1.0,True,True
history_feedback,0.5,9,8,7,True,0.131189361337373,0.0159680638722554,True,True,0.131189361337373,0.116082128199683,0.7000994786242973,0.8312888399616705,0.25,0.875,1.0,0.0067772638905939,1.0,1.0,True,True
history_feedback,0.5,10,8,4,False,0.080088629837649,0.1816367265469061,False,False,0.080088629837649,0.0184591184885614,0.8435050999459546,0.9235937297836035,0.125,0.5,1.0,0.0061047956821031,1.0,1.0,True,True
history_feedback,0.5,11,8,3,False,0.0378960984843138,0.3453093812375249,False,False,0.0378960984843138,-0.0475682949379361,0.8060347061982704,0.8439308046825843,0.125,0.375,1.0,0.0065889373816167,1.0,1.0,True,True
history_feedback,0.5,12,8,7,True,0.0919322495486183,0.0878243512974051,False,False,0.0919322495486183,0.0849610047219057,0.749854175254408,0.8417864248030262,0.0,0.875,1.0,0.0064101202729863,1.0,1.0,True,True
history_feedback,0.5,13,8,5,False,0.0903101978468352,0.1077844311377245,False,False,0.0903101978468352,0.0815320127542405,0.7855264954151978,0.8758366932620331,0.125,0.625,1.0,0.006465842457561,1.0,1.0,True,True
history_feedback,0.5,14,8,4,False,0.0418054625417407,0.3752495009980039,False,False,0.0418054625417407,0.0052181242023462,0.8497950092473391,0.8916004717890798,0.125,0.5,1.0,0.0064559543949032,1.0,1.0,True,True
history_feedback,0.5,15,8,8,True,0.1997454072595586,0.0019960079840319,True,True,0.1997454072595586,0.241975893099788,0.6538403681539129,0.8535857754134717,0.25,1.0,1.0,0.0062020693556143,1.0,1.0,True,True
history_feedback,0.5,16,8,3,False,-0.0026557791889706,0.7105788423153693,False,False,-0.0026557791889706,-0.0405739634732382,0.8691005360172428,0.8664447568282722,0.0,0.375,1.0,0.006229246945584,1.0,1.0,True,True
history_feedback,0.5,17,8,6,True,0.1080526817904978,0.0558882235528942,False,False,0.1080526817904978,0.0942172390433325,0.7723231987387713,0.8803758805292692,0.125,0.75,1.0,0.0061763852595451,1.0,1.0,True,True
history_feedback,0.5,18,8,6,True,0.0784565533894847,0.1516966067864271,False,False,0.0784565533894847,0.1034720214000466,0.809719845302297,0.8881763986917818,0.0,0.75,1.0,0.0061234677480773,1.0,1.0,True,True
history_feedback,0.5,19,8,3,False,0.0547281934074499,0.3792415169660678,False,False,0.0547281934074499,-0.0050473670142721,0.8305909824475051,0.885319175854955,0.125,0.375,1.0,0.0062056580143732,1.0,1.0,True,True
history_feedback,0.5,20,8,5,False,0.0350584821898134,0.3972055888223553,False,False,0.0350584821898134,0.1083161899384456,0.8268757141294294,0.8619341963192428,0.0,0.625,1.0,0.0061228174644497,1.0,1.0,True,True
history_feedback,0.5,21,8,6,True,0.0706593566724047,0.2614770459081836,False,False,0.0706593566724047,0.0373326482357593,0.877387152278644,0.9480465089510488,0.0,0.75,1.0,0.0064412755317137,1.0,1.0,True,True
history_feedback,0.5,22,8,6,True,0.1737428865337575,0.0119760479041916,True,True,0.1737428865337575,0.200790545048069,0.7003837331862861,0.8741266197200437,0.25,0.75,1.0,0.0059677743469553,1.0,1.0,True,True
history_feedback,0.5,23,8,4,False,-0.0376167184164118,0.8582834331337326,False,False,-0.0376167184164118,-0.0155059391073369,0.8815665230620087,0.8439498046455969,0.0,0.5,1.0,0.0061686006285499,1.0,1.0,True,True
history_feedback,0.5,24,8,5,False,0.0754119291913494,0.1536926147704591,False,False,0.0754119291913494,0.0524208442903151,0.7661926612788525,0.8416045904702019,0.0,0.625,1.0,0.0063096214457611,1.0,1.0,True,True
history_feedback,0.5,25,8,6,True,0.0475438190704095,0.3473053892215569,False,False,0.0475438190704095,0.0336147335741394,0.8578700225830725,0.905413841653482,0.0,0.75,1.0,0.0058573305441474,1.0,1.0,True,True
history_feedback,0.5,26,8,3,False,-0.0150377022834655,0.7964071856287425,False,False,-0.0150377022834655,-0.050348103448686,0.8669881168247,0.8519504145412347,0.0,0.375,1.0,0.0059096058481458,1.0,1.0,True,True
history_feedback,0.5,27,8,5,False,0.0902159982450027,0.1117764471057884,False,False,0.0902159982450027,0.0539135568542949,0.748054315405494,0.8382703136504969,0.125,0.625,1.0,0.0057993697577708,1.0,1.0,True,True
history_feedback,0.5,28,8,5,False,0.06894954068535,0.1616766467065868,False,False,0.06894954068535,0.0493321493759874,0.8194667115613372,0.8884162522466872,0.125,0.625,1.0,0.0061084714610447,1.0,1.0,True,True
history_feedback,0.5,29,8,6,True,0.0452034764804131,0.2894211576846307,False,False,0.0452034764804131,0.0328109251069102,0.7988118362442669,0.8440153127246801,0.0,0.75,1.0,0.0056701783797641,1.0,1.0,True,True
history_feedback,0.5,30,8,2,False,-0.0068894641239251,0.8303393213572854,False,False,-0.0068894641239251,-0.0241700905129282,0.9223960736381076,0.9155066095141824,0.0,0.25,1.0,0.0067626850174146,1.0,1.0,True,True
history_feedback,0.5,31,8,5,False,0.044098410039907,0.405189620758483,False,False,0.044098410039907,0.0522145567855516,0.8494087966985882,0.8935072067384953,0.0,0.625,1.0,0.0060253250338559,1.0,1.0,True,True
history_feedback,0.5,32,8,7,True,0.1995669910713531,0.0039920159680638,True,True,0.1995669910713531,0.1687257062981697,0.7392954946995836,0.9388624857709366,0.375,0.875,1.0,0.006886686889718,1.0,1.0,True,True
history_feedback,0.5,33,8,4,False,0.0439798210444381,0.3532934131736527,False,False,0.0439798210444381,0.0091188059048402,0.8525399513758029,0.896519772420241,0.125,0.5,1.0,0.0058727987544266,1.0,1.0,True,True
history_feedback,0.5,34,8,4,False,0.0589976492191916,0.2235528942115768,False,False,0.0589976492191916,0.0467560947333928,0.8004947666407056,0.8594924158598971,0.125,0.5,1.0,0.0063674290764929,1.0,1.0,True,True
history_feedback,0.5,35,8,4,False,0.0514021278853816,0.2634730538922156,False,False,0.0514021278853816,0.0360292732488673,0.8039231285820085,0.8553252564673902,0.0,0.5,1.0,0.0062593608462362,1.0,1.0,True,True
history_feedback,0.5,36,8,6,True,0.1737708127099376,0.0059880239520958,True,True,0.1737708127099376,0.2130485801064333,0.6933168044130018,0.8670876171229396,0.375,0.75,1.0,0.006145093374314,1.0,1.0,True,True
history_feedback,0.5,37,8,1,False,-0.0574542571954303,0.9620758483033932,False,False,-0.0574542571954303,-0.078619504737939,0.9365653788354192,0.8791111216399888,0.0,0.125,1.0,0.0066659137830833,1.0,1.0,True,True
history_feedback,0.5,38,8,3,False,-0.0069516675884813,0.6686626746506986,False,False,-0.0069516675884813,-0.0833457748930076,0.844391133203714,0.8374394656152326,0.125,0.375,1.0,0.00571909872563,1.0,1.0,True,True
history_feedback,0.5,39,8,6,True,0.123734517923606,0.0419161676646706,True,True,0.123734517923606,0.1139138847830894,0.7943201306000904,0.9180546485236964,0.125,0.75,1.0,0.0059364573778878,1.0,1.0,True,True
history_feedback,0.5,40,8,6,True,0.1317664480439945,0.0239520958083832,True,True,0.1317664480439945,0.1181655907882396,0.782734943234445,0.9145013912784394,0.125,0.75,1.0,0.0057332339985855,1.0,1.0,True,True
history_feedback,0.5,41,8,5,False,0.0445378706394881,0.2894211576846307,False,False,0.0445378706394881,0.0500541306316802,0.8185040053031332,0.8630418759426213,0.0,0.625,1.0,0.0058334604389902,1.0,1.0,True,True
history_feedback,0.5,42,8,7,True,0.1131470710868115,0.0459081836327345,True,True,0.1131470710868115,0.1365719394042887,0.7657549465886779,0.8789020176754896,0.125,0.875,1.0,0.0062857759677378,1.0,1.0,True,True
history_feedback,0.5,43,8,6,True,0.0628316072764337,0.2774451097804391,False,False,0.0628316072764337,0.119772942485179,0.8249597357399274,0.8877913430163613,0.0,0.75,1.0,0.0060240548000682,1.0,1.0,True,True
history_feedback,0.5,44,8,4,False,0.0541342124536176,0.2734530938123752,False,False,0.0541342124536176,0.0469019031397581,0.8223977894656209,0.8765320019192386,0.125,0.5,1.0,0.0064139820645335,1.0,1.0,True,True
history_feedback,0.5,45,8,3,False,-0.0197758406668681,0.8163672654690619,False,False,-0.0197758406668681,-0.0189880238363384,0.8697958763749589,0.8500200357080908,0.0,0.375,1.0,0.006236458221891,1.0,1.0,True,True
history_feedback,0.5,46,8,3,False,-0.0138129668091421,0.906187624750499,False,False,-0.0138129668091421,-0.0218108135153561,0.9393297154924146,0.9255167486832724,0.0,0.375,1.0,0.0058168303144364,1.0,1.0,True,True
history_feedback,0.5,47,8,7,True,0.1252831938302936,0.0399201596806387,True,True,0.1252831938302936,0.1107168424075977,0.7599891247804029,0.8852723186106966,0.125,0.875,1.0,0.005715225257899,1.0,1.0,True,True
history_feedback,0.5,48,8,4,False,0.02574529292398,0.4471057884231537,False,False,0.02574529292398,0.0283652126253085,0.8338897014629013,0.8596349943868814,0.0,0.5,1.0,0.0061032062834697,1.0,1.0,True,True
history_feedback,0.5,49,8,2,False,-0.0440843335039289,0.9540918163672656,False,False,-0.0440843335039289,-0.0591485922200654,0.9381985241083342,0.8941141906044053,0.0,0.25,1.0,0.0061678418048488,1.0,1.0,True,True
history_feedback,0.5,50,8,6,True,0.0926432487520896,0.0998003992015968,False,False,0.0926432487520896,0.1138975102130059,0.7720878384640358,0.8647310872161256,0.125,0.75,1.0,0.0069552944643175,1.0,1.0,True,True
history_feedback,0.5,51,8,6,True,0.042641080595118,0.3013972055888224,False,False,0.042641080595118,0.0658414918544271,0.8045570140251048,0.8471980946202229,0.0,0.75,1.0,0.0061953113912404,1.0,1.0,True,True
history_feedback,0.5,52,8,6,True,0.1126005296239808,0.0339321357285429,True,True,0.1126005296239808,0.10723908490278,0.7264858480319806,0.8390863776559614,0.25,0.75,1.0,0.0065011359225739,1.0,1.0,True,True
history_feedback,0.5,53,8,6,True,0.0635308771893384,0.2055888223552894,False,False,0.0635308771893384,0.1121869410771063,0.7997767326225946,0.8633076098119331,0.0,0.75,1.0,0.0069563641776357,1.0,1.0,True,True
history_feedback,0.5,54,8,6,True,0.1317559610075728,0.0099800399201596,True,True,0.1317559610075728,0.1201998556827895,0.7387279009187575,0.8704838619263304,0.125,0.75,1.0,0.0060930862217945,1.0,1.0,True,True
history_feedback,0.5,55,8,7,True,0.0930360848871698,0.1117764471057884,False,False,0.0930360848871698,0.1201742444397187,0.7788260818005066,0.8718621666876765,0.0,0.875,1.0,0.0057469726462447,1.0,1.0,True,True
history_feedback,0.5,56,8,4,False,0.0464080346063905,0.3572854291417165,False,False,0.0464080346063905,0.0389171741875944,0.8486051047221839,0.8950131393285744,0.0,0.5,1.0,0.0067220385456986,1.0,1.0,True,True
history_feedback,0.5,57,8,4,False,-0.0027918553121596,0.7624750499001997,False,False,-0.0027918553121596,-0.0033521609153027,0.9061647194398968,0.903372864127737,0.0,0.5,1.0,0.0059371455435602,1.0,1.0,True,True
history_feedback,0.5,58,8,7,True,0.0789663534140853,0.1117764471057884,False,False,0.0789663534140853,0.0710539191540559,0.7818459356212424,0.8608122890353277,0.0,0.875,1.0,0.0061324055407949,1.0,1.0,True,True
history_feedback,0.5,59,8,7,True,0.1308482742475076,0.0259481037924151,True,True,0.1308482742475076,0.1264120471339804,0.7649187621725695,0.8957670364200772,0.125,0.875,1.0,0.0063370242313676,1.0,1.0,True,True
history_feedback,0.5,60,8,5,False,0.0539285944254027,0.2694610778443114,False,False,0.0539285944254027,0.053184928639428,0.7901995483572029,0.8441281427826056,0.125,0.625,1.0,0.0061034335921898,1.0,1.0,True,True
history_feedback,0.5,61,8,3,False,0.0197500987548377,0.5229540918163673,False,False,0.0197500987548377,-0.0090392988616644,0.8443591686953413,0.8641092674501791,0.125,0.375,1.0,0.0062685127428603,1.0,1.0,True,True
history_feedback,0.5,62,8,6,True,0.0921502845049902,0.1057884231536926,False,False,0.0921502845049902,0.0716413080577799,0.7972898534788271,0.8894401379838174,0.125,0.75,1.0,0.0067217335772829,1.0,1.0,True,True
history_feedback,0.5,63,8,1,False,-0.0621655031415789,0.9640718562874252,False,False,-0.0621655031415789,-0.0882828913425347,0.9347128198271704,0.8725473166855915,0.0,0.125,1.0,0.0061378770766748,1.0,1.0,True,True
history_feedback,0.5,64,8,7,True,0.1223798165637236,0.0379241516966067,True,True,0.1223798165637236,0.1588230903923695,0.7264389845557533,0.8488188011194768,0.0,0.875,1.0,0.0059322610301255,1.0,1.0,True,True
history_feedback,0.5,65,8,7,True,0.1489589884246803,0.0079840319361277,True,True,0.1489589884246803,0.1260165332418772,0.7075905719351544,0.8565495603598348,0.25,0.875,1.0,0.0068827816428103,1.0,1.0,True,True
history_feedback,0.5,66,8,6,True,0.1009480520836162,0.0698602794411177,False,False,0.1009480520836162,0.1116816846699866,0.7564018206674468,0.857349872751063,0.0,0.75,1.0,0.006515080813814,1.0,1.0,True,True
history_feedback,0.5,67,8,6,True,0.1180976891138791,0.0219560878243512,True,True,0.1180976891138791,0.0897014702152184,0.7199147455433219,0.8380124346572011,0.125,0.75,1.0,0.0059782725613342,1.0,1.0,True,True
history_feedback,0.5,68,8,5,False,-0.0055682229322307,0.7245508982035929,False,False,-0.0055682229322307,0.0127043384487561,0.8829786023907196,0.8774103794584889,0.0,0.625,1.0,0.0059382279996126,1.0,1.0,True,True
history_feedback,0.5,69,8,4,False,0.1250238593904408,0.0259481037924151,True,False,0.1250238593904408,0.065677972528603,0.767958142825511,0.8929820022159518,0.25,0.5,1.0,0.0063595354895834,1.0,1.0,True,True
history_feedback,0.5,70,8,3,False,0.0448485061959713,0.3812375249500998,False,False,0.0448485061959713,-0.0063735150848091,0.8453577243443453,0.8902062305403167,0.125,0.375,1.0,0.0061291686476412,1.0,1.0,True,True
history_feedback,0.5,71,8,6,True,0.0650931937089469,0.1876247504990019,False,False,0.0650931937089469,0.0685655356420394,0.8026142009209303,0.8677073946298772,0.0,0.75,1.0,0.0067034004887239,1.0,1.0,True,True
history_feedback,0.5,72,8,6,True,0.1090344924819477,0.0379241516966067,True,True,0.1090344924819477,0.1443397188326019,0.7651183084537667,0.8741528009357146,0.0,0.75,1.0,0.0061611021523828,1.0,1.0,True,True
history_feedback,0.5,73,8,4,False,0.0459333518695087,0.3852295409181637,False,False,0.0459333518695087,0.008678067669839,0.8417873866370998,0.8877207385066087,0.125,0.5,1.0,0.0063104062206333,1.0,1.0,True,True
history_feedback,0.5,74,8,5,False,0.0960593590682841,0.0678642714570858,False,False,0.0960593590682841,0.0596791363970027,0.7690329283998625,0.8650922874681466,0.125,0.625,1.0,0.0062478383597791,1.0,1.0,True,True
history_feedback,0.5,75,8,6,True,0.1513121669220037,0.0159680638722554,True,True,0.1513121669220037,0.1238577671377915,0.7511859162135015,0.9024980831355052,0.375,0.75,1.0,0.0062841953270504,1.0,1.0,True,True
history_feedback,0.5,76,8,6,True,0.0928017894111852,0.0698602794411177,False,False,0.0928017894111852,0.0736157429157133,0.7865482054524824,0.8793499948636676,0.25,0.75,1.0,0.0057368950861628,1.0,1.0,True,True
history_feedback,0.5,77,8,6,True,0.1083674058169738,0.0479041916167664,True,True,0.1083674058169738,0.1253589707732217,0.7227260567549146,0.8310934625718884,0.0,0.75,1.0,0.0059409180901951,1.0,1.0,True,True
history_feedback,0.5,78,8,7,True,0.0944057386004782,0.0978043912175648,False,False,0.0944057386004782,0.1131113587655693,0.7319705510403687,0.8263762896408471,0.0,0.875,1.0,0.0065315816575589,1.0,1.0,True,True
history_feedback,0.5,79,8,4,False,0.0540246176034913,0.2834331337325349,False,False,0.0540246176034913,-0.0101970382786366,0.8198818620921235,0.8739064796956149,0.0,0.5,1.0,0.0061816593859805,1.0,1.0,True,True
history_feedback,0.5,80,8,5,False,0.069979519663024,0.2115768463073852,False,False,0.069979519663024,0.0168915422381765,0.8318430611906344,0.9018225808536586,0.125,0.625,1.0,0.006179635636309,1.0,1.0,True,True
history_feedback,0.5,81,8,3,False,0.0231363331893167,0.5209580838323353,False,False,0.0231363331893167,-0.0049730670430361,0.8534245585483573,0.8765608917376742,0.0,0.375,1.0,0.0064380111397721,1.0,1.0,True,True
history_feedback,0.5,82,8,6,True,0.098126031426371,0.0658682634730539,False,False,0.098126031426371,0.0951349260157682,0.7506110966638497,0.8487371280902207,0.125,0.75,1.0,0.0061192905182016,1.0,1.0,True,True
history_feedback,0.5,83,8,6,True,0.0982473132679463,0.0558882235528942,False,False,0.0982473132679463,0.0913922199790268,0.7730180643893789,0.8712653776573254,0.0,0.75,1.0,0.0060849347033267,1.0,1.0,True,True
history_feedback,0.5,84,8,4,False,0.0249652091785741,0.4431137724550898,False,False,0.0249652091785741,0.0271264055691853,0.8167643413534078,0.841729550531982,0.0,0.5,1.0,0.0063919686410069,1.0,1.0,True,True
history_feedback,0.5,85,8,5,False,0.1030859760219377,0.0738522954091816,False,False,0.1030859760219377,0.1307375139362086,0.784939015598258,0.8880249916201958,0.25,0.625,1.0,0.0057035756626402,1.0,1.0,True,True
history_feedback,0.5,86,8,4,False,0.0096367514695048,0.6167664670658682,False,False,0.0096367514695048,0.0152233468248486,0.8453770858253485,0.8550138372948535,0.125,0.5,1.0,0.0060823218604811,1.0,1.0,True,True
history_feedback,0.5,87,8,8,True,0.1268699592740723,0.0279441117764471,True,True,0.1268699592740723,0.1097782739104152,0.727466607112754,0.8543365663868263,0.0,1.0,1.0,0.0062910640532658,1.0,1.0,True,True
history_feedback,0.5,88,8,6,True,0.1051988971998639,0.0439121756487025,True,True,0.1051988971998639,0.1232605315977663,0.7417570997300963,0.8469559969299603,0.125,0.75,1.0,0.0060076423099869,1.0,1.0,True,True
history_feedback,0.5,89,8,3,False,0.0063713492618349,0.6147704590818364,False,False,0.0063713492618349,-0.0250558067662135,0.860338277602686,0.8667096268645209,0.0,0.375,1.0,0.0059017757782353,1.0,1.0,True,True
history_feedback,0.5,90,8,5,False,0.0655967552115265,0.1956087824351297,False,False,0.0655967552115265,0.0928918452311974,0.8060842796041703,0.8716810348156968,0.125,0.625,1.0,0.0059604782526665,1.0,1.0,True,True
history_feedback,0.5,91,8,5,False,0.0396866090919568,0.4151696606786427,False,False,0.0396866090919568,0.0099958100741943,0.8492824039310656,0.8889690130230223,0.0,0.625,1.0,0.0065188491804132,1.0,1.0,True,True
history_feedback,0.5,92,8,6,True,0.1499061606458406,0.0079840319361277,True,True,0.1499061606458406,0.212107647851597,0.7062042662743442,0.8561104269201848,0.25,0.75,1.0,0.0062296969187929,1.0,1.0,True,True
history_feedback,0.5,93,8,7,True,0.10316089052609,0.0938123752495009,False,False,0.10316089052609,0.090089571953298,0.8155618250454928,0.9187227155715828,0.125,0.875,1.0,0.0060827677299606,1.0,1.0,True,True
history_feedback,0.5,94,8,5,False,0.0206923207930856,0.5748502994011976,False,False,0.0206923207930856,0.0269862571978211,0.8614467471311384,0.882139067924224,0.0,0.625,1.0,0.0062560999491849,1.0,1.0,True,True
history_feedback,0.5,95,8,4,False,0.0060126960775914,0.5888223552894212,False,False,0.0060126960775914,-0.0013997104525945,0.8302423411044806,0.8362550371820721,0.0,0.5,1.0,0.0058790353850082,1.0,1.0,True,True
history_feedback,0.5,96,8,4,False,0.0264900115480851,0.5668662674650699,False,False,0.0264900115480851,-0.0026916445877948,0.8663824383402443,0.8928724498883294,0.0,0.5,1.0,0.0063413097636104,1.0,1.0,True,True
history_feedback,0.5,97,8,4,False,0.0324448700032528,0.4510978043912175,False,False,0.0324448700032528,-0.0170709738392729,0.8491835430965279,0.8816284130997808,0.0,0.5,1.0,0.006009798419292,1.0,1.0,True,True
history_feedback,0.5,98,8,4,False,0.0421398292246898,0.3872255489021956,False,False,0.0421398292246898,0.0013188585507296,0.8493642122767261,0.891504041501416,0.0,0.5,1.0,0.0057686288167177,1.0,1.0,True,True
history_feedback,0.5,99,8,4,False,0.019116448695396,0.5868263473053892,False,False,0.019116448695396,0.030439132315463,0.861842168997957,0.880958617693353,0.0,0.5,1.0,0.0058966722016705,1.0,1.0,True,True
history_feedback,0.5,100,8,3,False,0.0143472704119225,0.5688622754491018,False,False,0.0143472704119225,-0.0153060357282662,0.8476595724813522,0.8620068428932748,0.125,0.375,1.0,0.0061564169260926,1.0,1.0,True,True
history_feedback,0.5,101,8,7,True,0.1172989731588736,0.0339321357285429,True,True,0.1172989731588736,0.1032405191002466,0.7674193703013846,0.8847183434602582,0.125,0.875,1.0,0.0061930079499944,1.0,1.0,True,True
history_feedback,0.5,102,8,4,False,0.0799875190857938,0.1277445109780439,False,False,0.0799875190857938,0.0610089960055815,0.7665483222233999,0.8465358413091937,0.125,0.5,1.0,0.0064308242464705,1.0,1.0,True,True
history_feedback,0.5,103,8,7,True,0.0731106729265652,0.1876247504990019,False,False,0.0731106729265652,0.0534481721305588,0.819721477615782,0.8928321505423473,0.125,0.875,1.0,0.0061411740556259,1.0,1.0,True,True
history_feedback,0.5,104,8,3,False,-0.0379089823090945,0.8782435129740519,False,False,-0.0379089823090945,-0.0363253859605872,0.8771866809657214,0.8392776986566268,0.0,0.375,1.0,0.0062334143806537,1.0,1.0,True,True
history_feedback,0.5,105,8,6,True,0.1272830295347686,0.0339321357285429,True,True,0.1272830295347686,0.1628671527490141,0.7565805534074053,0.8838635829421739,0.125,0.75,1.0,0.0059787821332448,1.0,1.0,True,True
history_feedback,0.5,106,8,7,True,0.1381138972233871,0.0179640718562874,True,True,0.1381138972233871,0.1363807179647804,0.7271467968705627,0.8652606940939498,0.125,0.875,1.0,0.0063370434909494,1.0,1.0,True,True
history_feedback,0.5,107,8,5,False,0.065281981994287,0.1736526946107784,False,False,0.065281981994287,0.1138427062260926,0.7866544285949818,0.8519364105892688,0.0,0.625,1.0,0.006353102749237,1.0,1.0,True,True
history_feedback,0.5,108,8,7,True,0.1624538059460504,0.0059880239520958,True,True,0.1624538059460504,0.177541353082096,0.6992911121089138,0.8617449180549643,0.25,0.875,1.0,0.006863417134346,1.0,1.0,True,True
history_feedback,0.5,109,8,4,False,0.0269083647343688,0.5289421157684631,False,False,0.0269083647343688,0.0218802977598895,0.8716923029549877,0.8986006676893565,0.0,0.5,1.0,0.006510818281995,1.0,1.0,True,True
history_feedback,0.5,110,8,5,False,0.0548748272319621,0.2455089820359281,False,False,0.0548748272319621,0.0757766120348427,0.8522516324178796,0.9071264596498416,0.125,0.625,1.0,0.0063390345115446,1.0,1.0,True,True
history_feedback,0.5,111,8,3,False,-0.0249581828165508,0.8263473053892215,False,False,-0.0249581828165508,-0.0997179965203136,0.8939154770807067,0.8689572942641559,0.0,0.375,1.0,0.0060612974254521,1.0,1.0,True,True
history_feedback,0.5,112,8,6,True,0.0792390513148959,0.1417165668662674,False,False,0.0792390513148959,0.0719933016200564,0.788444383376069,0.8676834346909649,0.125,0.75,1.0,0.0064858496447054,1.0,1.0,True,True
history_feedback,0.5,113,8,4,False,0.0555799200672078,0.3493013972055888,False,False,0.0555799200672078,-0.0001645352256292,0.847068011874303,0.9026479319415108,0.0,0.5,1.0,0.0060421037011089,1.0,1.0,True,True
history_feedback,0.5,114,8,5,False,0.0492108631695723,0.2834331337325349,False,False,0.0492108631695723,0.0341051229358027,0.8106406048322343,0.8598514680018066,0.0,0.625,1.0,0.0066893455713699,1.0,1.0,True,True
history_feedback,0.5,115,8,5,False,0.123663464281351,0.0399201596806387,True,False,0.123663464281351,0.1621617661644214,0.7319970055082352,0.8556604697895862,0.0,0.625,1.0,0.005931507994349,1.0,1.0,True,True
history_feedback,0.5,116,8,6,True,0.0906901833682052,0.0698602794411177,False,False,0.0906901833682052,0.0888992183550764,0.7830273969638083,0.8737175803320135,0.125,0.75,1.0,0.0063941244912252,1.0,1.0,True,True
history_feedback,0.5,117,8,7,True,0.088600168437396,0.1277445109780439,False,False,0.088600168437396,0.0625915784297865,0.8425451671927431,0.9311453356301392,0.0,0.875,1.0,0.0067907799984982,1.0,1.0,True,True
history_feedback,0.5,118,8,4,False,0.0226563518041803,0.592814371257485,False,False,0.0226563518041803,0.0333489718589271,0.8916640538930101,0.9143204056971904,0.0,0.5,1.0,0.0058690201575822,1.0,1.0,True,True
history_feedback,0.5,119,8,5,False,0.074633319349418,0.1736526946107784,False,False,0.074633319349418,0.0971198381869522,0.777851640268304,0.852484959617722,0.125,0.625,1.0,0.0058677382154901,1.0,1.0,True,True
history_feedback,0.5,120,8,4,False,0.0275746904836145,0.5269461077844312,False,False,0.0275746904836145,0.0016587707820397,0.877856911306687,0.9054316017903016,0.0,0.5,1.0,0.0064769960081485,1.0,1.0,True,True
history_feedback,0.5,121,8,4,False,0.0125509536682418,0.6307385229540918,False,False,0.0125509536682418,0.0250531620165105,0.8843345412938585,0.8968854949621003,0.0,0.5,1.0,0.0064032186610282,1.0,1.0,True,True
history_feedback,0.5,122,8,7,True,0.2083204052370262,0.0019960079840319,True,True,0.2083204052370262,0.2190962312462531,0.6463907434085152,0.8547111486455415,0.375,0.875,1.0,0.0062279158075179,1.0,1.0,True,True
history_feedback,0.5,123,8,3,False,-0.018127899429094,0.8343313373253493,False,False,-0.018127899429094,-0.0434688680520345,0.8877733241958088,0.8696454247667147,0.0,0.375,1.0,0.0059365743173961,1.0,1.0,True,True
history_feedback,0.5,124,8,4,False,0.0405306438363879,0.405189620758483,False,False,0.0405306438363879,0.0260083378214285,0.838123134294487,0.878653778130875,0.125,0.5,1.0,0.0061815705016595,1.0,1.0,True,True
history_feedback,0.5,125,8,3,False,0.0088620534248153,0.7764471057884231,False,False,0.0088620534248153,-0.0052691521508435,0.92336134690403,0.9322234003288454,0.0,0.375,1.0,0.0064789019459058,1.0,1.0,True,True
history_feedback,0.5,126,8,3,False,-0.0027268040266134,0.6826347305389222,False,False,-0.0027268040266134,-0.0474452926404565,0.8660794236552225,0.863352619628609,0.25,0.375,1.0,0.006198038338192,1.0,1.0,True,True
history_feedback,0.5,127,8,2,False,0.0022868127559391,0.7085828343313373,False,False,0.0022868127559391,-0.0636861682683219,0.8765729038236746,0.8788597165796138,0.125,0.25,1.0,0.0059349089558624,1.0,1.0,True,True
history_feedback,0.5,128,8,3,False,-0.0439408641479419,0.9141716566866268,False,False,-0.0439408641479419,-0.096683442636654,0.9039081691439544,0.8599673049960123,0.0,0.375,1.0,0.0068100433685268,1.0,1.0,True,True
history_feedback,0.5,129,8,5,False,0.0106622367198501,0.6427145708582834,False,False,0.0106622367198501,0.014671280433686,0.8767429077440401,0.8874051444638903,0.0,0.625,1.0,0.0066021020184745,1.0,1.0,True,True
history_feedback,0.5,130,8,7,True,0.1477710131635787,0.0159680638722554,True,True,0.1477710131635787,0.1445955632608044,0.762277444705173,0.9100484578687518,0.25,0.875,1.0,0.0064689016337567,1.0,1.0,True,True
history_feedback,0.5,131,8,6,True,0.1345962521769422,0.0199600798403193,True,True,0.1345962521769422,0.096846329517623,0.7441250028596726,0.878721255036615,0.125,0.75,1.0,0.0067760787587681,1.0,1.0,True,True
history_feedback,0.5,132,8,6,True,0.0690298722682229,0.1976047904191616,False,False,0.0690298722682229,0.0784319247860122,0.8132650403764075,0.8822949126446303,0.0,0.75,1.0,0.0062182372777563,1.0,1.0,True,True
history_feedback,0.5,133,8,6,True,0.1154625244310129,0.0359281437125748,True,True,0.1154625244310129,0.1262532885404074,0.7229267320465689,0.8383892564775819,0.0,0.75,1.0,0.0059905617107688,1.0,1.0,True,True
history_feedback,0.5,134,8,3,False,-0.0222802748061006,0.7445109780439122,False,False,-0.0222802748061006,-0.0144834820598919,0.8639800442063936,0.841699769400293,0.0,0.375,1.0,0.0062985224494194,1.0,1.0,True,True
history_feedback,0.5,135,8,4,False,0.0185340101907711,0.5568862275449101,False,False,0.0185340101907711,0.0064977073961025,0.8607214585606369,0.879255468751408,0.0,0.5,1.0,0.006024313912913,1.0,1.0,True,True
history_feedback,0.5,136,8,3,False,-0.027040430501109,0.872255489021956,False,False,-0.027040430501109,-0.0591507474068869,0.9186476179380718,0.8916071874369627,0.0,0.375,1.0,0.0068240941512719,1.0,1.0,True,True
history_feedback,0.5,137,8,7,True,0.0990749293516127,0.0718562874251497,False,False,0.0990749293516127,0.0714006004928204,0.7681032495940758,0.8671781789456885,0.0,0.875,1.0,0.0068240003388662,1.0,1.0,True,True
history_feedback,0.5,138,8,6,True,0.1080953729817688,0.0818363273453093,False,False,0.1080953729817688,0.1250717355051214,0.8031683612250106,0.9112637342067794,0.0,0.75,1.0,0.0057409536351634,1.0,1.0,True,True
history_feedback,0.5,139,8,3,False,-0.0413006081592716,0.9181636726546906,False,False,-0.0413006081592716,-0.0433019322096727,0.9167695316953552,0.8754689235360836,0.0,0.375,1.0,0.0056932695912739,1.0,1.0,True,True
history_feedback,0.5,140,8,4,False,0.0272982372895717,0.4091816367265469,False,False,0.0272982372895717,0.0186862115147523,0.8355718584937162,0.862870095783288,0.125,0.5,1.0,0.0064338330314604,1.0,1.0,True,True
history_feedback,0.5,141,8,4,False,0.0247802698461272,0.4750499001996008,False,False,0.0247802698461272,0.0066295748575788,0.8382871072428146,0.8630673770889419,0.125,0.5,1.0,0.0060251016411043,1.0,1.0,True,True
history_feedback,0.5,142,8,1,False,-0.0368441595851054,0.8802395209580839,False,False,-0.0368441595851054,-0.0866155467007839,0.914411241766742,0.8775670821816366,0.125,0.125,1.0,0.0061826806657972,1.0,1.0,True,True
history_feedback,0.5,143,8,4,False,0.0501890671446161,0.313373253493014,False,False,0.0501890671446161,-0.0029790324363065,0.8422457385564677,0.8924348057010838,0.0,0.5,1.0,0.0057030096788899,1.0,1.0,True,True
history_feedback,0.5,144,8,7,True,0.1280296363473677,0.0159680638722554,True,True,0.1280296363473677,0.0993302826072772,0.742808733904884,0.8708383702522517,0.125,0.875,1.0,0.0065208816445152,1.0,1.0,True,True
history_feedback,0.5,145,8,6,True,0.1228072428259211,0.0239520958083832,True,True,0.1228072428259211,0.1355242130216565,0.7522980578235042,0.8751053006494254,0.125,0.75,1.0,0.0063266903000304,1.0,1.0,True,True
history_feedback,0.5,146,8,6,True,0.0803013376830314,0.1137724550898203,False,False,0.0803013376830314,0.0423418973973235,0.7628408135298088,0.8431421512128403,0.25,0.75,1.0,0.0066207941611062,1.0,1.0,True,True
history_feedback,0.5,147,8,5,False,0.0847177798957726,0.1117764471057884,False,False,0.0847177798957726,0.0118401041075338,0.7650209160859218,0.8497386959816944,0.125,0.625,1.0,0.0062894716168917,1.0,1.0,True,True
history_feedback,0.5,148,8,4,False,0.0599390024001564,0.2115768463073852,False,False,0.0599390024001564,-0.0072027311590532,0.8084153560636278,0.8683543584637843,0.25,0.5,1.0,0.0058939012561282,1.0,1.0,True,True
history_feedback,0.5,149,8,4,False,0.050798473372939,0.2934131736526946,False,False,0.050798473372939,0.0028133760204014,0.825302712890664,0.876101186263603,0.125,0.5,1.0,0.0068135229573654,1.0,1.0,True,True
history_feedback,0.75,0,8,7,True,0.1329819954529351,0.0159680638722554,True,True,0.1329819954529351,0.1630852428873042,0.7554897181659411,0.8884717136188763,0.0,0.875,1.0,0.0069642532531152,1.0,1.0,True,True
history_feedback,0.75,1,8,4,False,0.0427467567730615,0.3972055888223553,False,False,0.0427467567730615,-0.0007947182727628,0.8697364166913486,0.9124831734644102,0.0,0.5,1.0,0.0068906280427732,1.0,1.0,True,True
history_feedback,0.75,2,8,5,False,0.1047764845388713,0.0558882235528942,False,False,0.1047764845388713,0.099648851319279,0.7630200109481662,0.8677964954870376,0.25,0.625,1.0,0.0061745265947808,1.0,1.0,True,True
history_feedback,0.75,3,8,5,False,0.0554162769634071,0.2135728542914171,False,False,0.0554162769634071,0.0629304774758083,0.7919181377596176,0.8473344147230247,0.0,0.625,1.0,0.0068993132267636,1.0,1.0,True,True
history_feedback,0.75,4,8,4,False,0.0564558196292443,0.2215568862275449,False,False,0.0564558196292443,0.0074601983871103,0.784308917636187,0.8407647372654314,0.125,0.5,1.0,0.0070853678990219,1.0,1.0,True,True
history_feedback,0.75,5,8,5,False,0.0143399273470369,0.5768463073852296,False,False,0.0143399273470369,0.0161783631147277,0.8459667731643736,0.8603067005114106,0.0,0.625,1.0,0.0062515022687666,1.0,1.0,True,True
history_feedback,0.75,6,8,5,False,0.0797940827328025,0.1057884231536926,False,False,0.0797940827328025,0.1163727031875609,0.7579779630693342,0.8377720458021367,0.125,0.625,1.0,0.0067357380284997,1.0,1.0,True,True
history_feedback,0.75,7,8,4,False,0.0943720004829265,0.0558882235528942,False,False,0.0943720004829265,0.0702649048270068,0.7009483508898715,0.795320351372798,0.25,0.5,1.0,0.0064567743414134,1.0,1.0,True,True
history_feedback,0.75,8,8,4,False,-0.0110608125775611,0.6906187624750499,False,False,-0.0110608125775611,-0.0003532489615634,0.8319660975918097,0.8209052850142485,0.125,0.5,1.0,0.0071494356068967,1.0,1.0,True,True
history_feedback,0.75,9,8,8,True,0.2182599925659571,0.0019960079840319,True,True,0.2182599925659571,0.2327375602103855,0.5682025405821924,0.7864625331481496,0.375,1.0,1.0,0.0071831345538495,1.0,1.0,True,True
history_feedback,0.75,10,8,7,True,0.1507830387428319,0.0159680638722554,True,True,0.1507830387428319,0.0954687507699119,0.7361828334654298,0.8869658722082617,0.125,0.875,1.0,0.0064608651066969,1.0,1.0,True,True
history_feedback,0.75,11,8,6,True,0.0447467309262151,0.281437125748503,False,False,0.0447467309262151,0.0554900654174667,0.7997276858688736,0.8444744167950886,0.0,0.75,1.0,0.0071491613563271,1.0,1.0,True,True
history_feedback,0.75,12,8,6,True,0.0727985261789632,0.0978043912175648,False,False,0.0727985261789632,0.0377382052222617,0.7201567334355531,0.7929552596145163,0.0,0.75,1.0,0.0072289734876013,1.0,1.0,True,True
history_feedback,0.75,13,8,6,True,0.0707196732376837,0.1297405189620758,False,False,0.0707196732376837,0.0618561543610766,0.7814083314879219,0.8521280047256056,0.0,0.75,1.0,0.0074357625642498,1.0,1.0,True,True
history_feedback,0.75,14,8,6,True,0.0968260144165282,0.0459081836327345,True,True,0.0968260144165282,0.1002263909455036,0.7198174248737497,0.8166434392902779,0.125,0.75,1.0,0.006634437016432,1.0,1.0,True,True
history_feedback,0.75,15,8,8,True,0.2621590764210631,0.0019960079840319,True,True,0.2621590764210631,0.2475945333083922,0.5488947814099754,0.8110538578310384,0.625,1.0,1.0,0.0069340635687934,1.0,1.0,True,True
history_feedback,0.75,16,8,4,False,0.0067281523272179,0.5429141716566867,False,False,0.0067281523272179,0.0009385070711694,0.8018556462982163,0.8085837986254342,0.0,0.5,1.0,0.0073058809087322,1.0,1.0,True,True
history_feedback,0.75,17,8,7,True,0.1454032450728566,0.0039920159680638,True,True,0.1454032450728566,0.1308726315680985,0.6901252216544089,0.8355284667272656,0.125,0.875,1.0,0.0068992779480535,1.0,1.0,True,True
history_feedback,0.75,18,8,6,True,0.1308694216291262,0.0139720558882235,True,True,0.1308694216291262,0.1671828732954573,0.7024251841962272,0.8332946058253534,0.0,0.75,1.0,0.0067645776371418,1.0,1.0,True,True
history_feedback,0.75,19,8,5,False,0.0509264175625166,0.2355289421157684,False,False,0.0509264175625166,0.0947032122636233,0.7721190833493174,0.8230455009118341,0.0,0.625,1.0,0.0075814676005944,1.0,1.0,True,True
history_feedback,0.75,20,8,5,False,0.0347139576668591,0.3453093812375249,False,False,0.0347139576668591,0.0664050506542521,0.8006432532971954,0.8353572109640546,0.0,0.625,1.0,0.0070203519102093,1.0,1.0,True,True
history_feedback,0.75,21,8,5,False,0.0684096551927503,0.1596806387225549,False,False,0.0684096551927503,0.0564769039272894,0.845513179768393,0.9139228349611436,0.25,0.625,1.0,0.006916076233307,1.0,1.0,True,True
history_feedback,0.75,22,8,6,True,0.1303391398533191,0.0079840319361277,True,True,0.1303391398533191,0.1415125866361619,0.7119200539778903,0.8422591938312094,0.5,0.75,1.0,0.0064984950909375,1.0,1.0,True,True
history_feedback,0.75,23,8,4,False,0.0104719081353053,0.5049900199600799,False,False,0.0104719081353053,0.0012387681001323,0.8027803731162191,0.8132522812515244,0.125,0.5,1.0,0.0070105974345919,1.0,1.0,True,True
history_feedback,0.75,24,8,5,False,0.0642467708355959,0.1576846307385229,False,False,0.0642467708355959,0.0317575681389509,0.7494657251249698,0.8137124959605657,0.25,0.625,1.0,0.0068875612310752,1.0,1.0,True,True
history_feedback,0.75,25,8,7,True,0.1551239956887947,0.0059880239520958,True,True,0.1551239956887947,0.1705067065828497,0.701004303503313,0.8561282991921078,0.125,0.875,1.0,0.0061222410734852,1.0,1.0,True,True
history_feedback,0.75,26,8,5,False,0.0077839633032633,0.5389221556886228,False,False,0.0077839633032633,0.0469894319288946,0.8211136340130265,0.8288975973162898,0.0,0.625,1.0,0.0071646896544163,1.0,1.0,True,True
history_feedback,0.75,27,8,4,False,-0.0069279291002495,0.6127744510978044,False,False,-0.0069279291002495,-0.0112517516706721,0.7984814730277001,0.7915535439274506,0.0,0.5,1.0,0.0069762304856042,1.0,1.0,True,True
history_feedback,0.75,28,8,4,False,0.0306030729879383,0.3912175648702595,False,False,0.0306030729879383,-0.0273211107224496,0.8241662684166577,0.854769341404596,0.125,0.5,1.0,0.0065101240297461,1.0,1.0,True,True
history_feedback,0.75,29,8,6,True,0.1025902318446768,0.0379241516966067,True,True,0.1025902318446768,0.1073675860373874,0.7234056518606371,0.825995883705314,0.125,0.75,1.0,0.0067844070688722,1.0,1.0,True,True
history_feedback,0.75,30,8,6,True,0.0603905083253168,0.1916167664670658,False,False,0.0603905083253168,0.0325153760216803,0.7919565060579865,0.8523470143833035,0.125,0.75,1.0,0.0071898462521926,1.0,1.0,True,True
history_feedback,0.75,31,8,4,False,0.0900644221686994,0.0538922155688622,False,False,0.0900644221686994,0.0254826215789665,0.742819065156289,0.8328834873249884,0.25,0.5,1.0,0.006327306043693,1.0,1.0,True,True
history_feedback,0.75,32,8,4,False,0.0935530073113934,0.0778443113772455,False,False,0.0935530073113934,0.0487919201080255,0.7882864256595095,0.881839432970903,0.25,0.5,1.0,0.0073039285370701,1.0,1.0,True,True
history_feedback,0.75,33,8,6,True,0.1023698832924599,0.0399201596806387,True,True,0.1023698832924599,0.0275779258005566,0.7645230629336013,0.8668929462260613,0.25,0.75,1.0,0.0064632769034302,1.0,1.0,True,True
history_feedback,0.75,34,8,3,False,-0.0090075348593821,0.5868263473053892,False,False,-0.0090075348593821,-0.0483791574463836,0.8117698710071476,0.8027623361477655,0.0,0.375,1.0,0.0072490411627703,1.0,1.0,True,True
history_feedback,0.75,35,8,5,False,0.0597242229661462,0.1776447105788423,False,False,0.0597242229661462,0.0532972812319474,0.7636973881807885,0.8234216111469346,0.125,0.625,1.0,0.0063345171473056,1.0,1.0,True,True
history_feedback,0.75,36,8,7,True,0.1388579949571222,0.0059880239520958,True,True,0.1388579949571222,0.1486878379031281,0.678469486419581,0.8173274813767033,0.0,0.875,1.0,0.0065933758304846,1.0,1.0,True,True
history_feedback,0.75,37,8,2,False,-0.0428677379657655,0.8942115768463074,False,False,-0.0428677379657655,-0.0477477397456681,0.8964422802061455,0.8535745422403799,0.0,0.25,1.0,0.007406147369354,1.0,1.0,True,True
history_feedback,0.75,38,8,3,False,-0.0150346009413937,0.656686626746507,False,False,-0.0150346009413937,-0.054564152770741,0.8089124961806512,0.7938778952392576,0.125,0.375,1.0,0.0062844958599026,1.0,1.0,True,True
history_feedback,0.75,39,8,7,True,0.1188307516472566,0.029940119760479,True,True,0.1188307516472566,0.156020964283284,0.7394061975986861,0.8582369492459427,0.0,0.875,1.0,0.0063968869133861,1.0,1.0,True,True
history_feedback,0.75,40,8,8,True,0.1697684832728554,0.0079840319361277,True,True,0.1697684832728554,0.1548379728103646,0.7128075832760133,0.8825760665488687,0.25,1.0,1.0,0.0062886137559257,1.0,1.0,True,True
history_feedback,0.75,41,8,5,False,0.0329163059289041,0.3233532934131736,False,False,0.0329163059289041,0.0601515517358464,0.8032587945580976,0.8361751004870017,0.0,0.625,1.0,0.0063836551946331,1.0,1.0,True,True
history_feedback,0.75,42,8,6,True,0.1028996825041724,0.0419161676646706,True,True,0.1028996825041724,0.0939658411139731,0.7570917714363011,0.8599914539404736,0.25,0.75,1.0,0.0072905507072491,1.0,1.0,True,True
history_feedback,0.75,43,8,7,True,0.1714636598793177,0.0019960079840319,True,True,0.1714636598793177,0.2172640584816026,0.6593298932903997,0.8307935531697175,0.25,0.875,1.0,0.0069821606372678,1.0,1.0,True,True
history_feedback,0.75,44,8,6,True,0.0293314036358817,0.4011976047904191,False,False,0.0293314036358817,0.0726787813716862,0.8015488354455239,0.8308802390814056,0.0,0.75,1.0,0.0065628639163685,1.0,1.0,True,True
history_feedback,0.75,45,8,4,False,-0.0280582216146258,0.782435129740519,False,False,-0.0280582216146258,-0.0123733347144681,0.8422729435546765,0.8142147219400506,0.0,0.5,1.0,0.0070809089174441,1.0,1.0,True,True
history_feedback,0.75,46,8,5,False,0.014098820677127,0.5968063872255489,False,False,0.014098820677127,0.0410501889226912,0.8578323946393542,0.8719312153164812,0.0,0.625,1.0,0.0062481566633449,1.0,1.0,True,True
history_feedback,0.75,47,8,5,False,0.0624273579282599,0.18562874251497,False,False,0.0624273579282599,0.0712014367663757,0.7920532624866693,0.8544806204149293,0.0,0.625,1.0,0.0062629954175401,1.0,1.0,True,True
history_feedback,0.75,48,8,6,True,0.1109988937220889,0.0199600798403193,True,True,0.1109988937220889,0.0910590061829439,0.7095191166739875,0.8205180103960765,0.125,0.75,1.0,0.00731217934249,1.0,1.0,True,True
history_feedback,0.75,49,8,4,False,-0.0120573777355783,0.7664670658682635,False,False,-0.0120573777355783,-0.005655949133135,0.8779919563796043,0.865934578644026,0.0,0.5,1.0,0.0067989816352376,1.0,1.0,True,True
history_feedback,0.75,50,8,6,True,0.1586774181208686,0.0059880239520958,True,True,0.1586774181208686,0.1387624582723527,0.7014426854463949,0.8601201035672636,0.375,0.75,1.0,0.0077301021414729,1.0,1.0,True,True
history_feedback,0.75,51,8,5,False,0.0364677989316323,0.3053892215568862,False,False,0.0364677989316323,0.0426887726758803,0.7914970739949261,0.8279648729265583,0.0,0.625,1.0,0.0066125731179639,1.0,1.0,True,True
history_feedback,0.75,52,8,6,True,0.0291615119408927,0.3572854291417165,False,False,0.0291615119408927,0.0768931398426898,0.7671638521315086,0.7963253640724013,0.0,0.75,1.0,0.0068617050985765,1.0,1.0,True,True
history_feedback,0.75,53,8,5,False,0.089101116726054,0.0518962075848303,False,False,0.089101116726054,0.0806932270229714,0.7326604174705267,0.8217615341965806,0.0,0.625,1.0,0.0074956089620555,1.0,1.0,True,True
history_feedback,0.75,54,8,6,True,0.0637974269328514,0.1337325349301397,False,False,0.0637974269328514,0.0252587688468046,0.7401538224260855,0.8039512493589369,0.25,0.75,1.0,0.0067488717097972,1.0,1.0,True,True
history_feedback,0.75,55,8,6,True,0.0937488337176255,0.0638722554890219,False,False,0.0937488337176255,0.16208718848438,0.7031889673600753,0.7969378010777008,0.0,0.75,1.0,0.0061733663669046,1.0,1.0,True,True
history_feedback,0.75,56,8,4,False,0.0822030299915051,0.0898203592814371,False,False,0.0822030299915051,0.0701972681934721,0.7691232892047304,0.8513263191962354,0.125,0.5,1.0,0.0074193240371936,1.0,1.0,True,True
history_feedback,0.75,57,8,3,False,0.0201954276418499,0.4930139720558882,False,False,0.0201954276418499,-0.0241376215298186,0.8489875717360992,0.8691829993779491,0.125,0.375,1.0,0.0062568909703982,1.0,1.0,True,True
history_feedback,0.75,58,8,4,False,0.0522632056108639,0.2055888223552894,False,False,0.0522632056108639,0.0332705803409666,0.7547832474575853,0.8070464530684494,0.0,0.5,1.0,0.0062961854821651,1.0,1.0,True,True
history_feedback,0.75,59,8,5,False,0.0587079195031627,0.217564870259481,False,False,0.0587079195031627,0.1042480397249001,0.7926645013165766,0.8513724208197393,0.0,0.625,1.0,0.0070036385878341,1.0,1.0,True,True
history_feedback,0.75,60,8,5,False,0.0819000566009139,0.0998003992015968,False,False,0.0819000566009139,0.0164480455571142,0.7288896288515728,0.8107896854524868,0.125,0.625,1.0,0.0067158006916967,1.0,1.0,True,True
history_feedback,0.75,61,8,6,True,0.0706272940563787,0.12375249500998,False,False,0.0706272940563787,0.0780079164054523,0.755787141635462,0.8264144356918408,0.125,0.75,1.0,0.0070041250607605,1.0,1.0,True,True
history_feedback,0.75,62,8,4,False,0.0592751105463968,0.1437125748502994,False,False,0.0592751105463968,0.034865136888693,0.7562306553300628,0.8155057658764596,0.125,0.5,1.0,0.0072891682694392,1.0,1.0,True,True
history_feedback,0.75,63,8,6,True,0.0598342887518134,0.1616766467065868,False,False,0.0598342887518134,0.0886386688091917,0.7578245395187431,0.8176588282705566,0.0,0.75,1.0,0.0068121253400232,1.0,1.0,True,True
history_feedback,0.75,64,8,5,False,0.093910069500906,0.0578842315369261,False,False,0.093910069500906,0.1067889753803116,0.7058945943919435,0.7998046638928495,0.125,0.625,1.0,0.0060428305208906,1.0,1.0,True,True
history_feedback,0.75,65,8,6,True,0.1250974687289182,0.0179640718562874,True,True,0.1250974687289182,0.1484051926449889,0.6864844135473216,0.8115818822762398,0.0,0.75,1.0,0.0081207937514552,1.0,1.0,True,True
history_feedback,0.75,66,8,6,True,0.0634760238807107,0.1696606786427145,False,False,0.0634760238807107,0.0541466553547281,0.7685453458724749,0.8320213697531856,0.0,0.75,1.0,0.0072202155267332,1.0,1.0,True,True
history_feedback,0.75,67,8,6,True,0.0436156181693429,0.2395209580838323,False,False,0.0436156181693429,0.020368844970777,0.7465041990966408,0.7901198172659838,0.0,0.75,1.0,0.0067238160987075,1.0,1.0,True,True
history_feedback,0.75,68,8,4,False,0.0437271138579123,0.2335329341317365,False,False,0.0437271138579123,-0.0115785621693612,0.7951495214660589,0.8388766353239712,0.125,0.5,1.0,0.0063183750893983,1.0,1.0,True,True
history_feedback,0.75,69,8,7,True,0.1611225963153194,0.0039920159680638,True,True,0.1611225963153194,0.1372064926945903,0.6782675619665088,0.8393901582818284,0.375,0.875,1.0,0.0069933398789801,1.0,1.0,True,True
history_feedback,0.75,70,8,6,True,0.1140779161184853,0.0419161676646706,True,True,0.1140779161184853,0.0860051019284461,0.7484609000573033,0.8625388161757885,0.25,0.75,1.0,0.0065676713445575,1.0,1.0,True,True
history_feedback,0.75,71,8,7,True,0.0621455412213869,0.2055888223552894,False,False,0.0621455412213869,0.0407395420607166,0.7895354502798588,0.8516809915012458,0.0,0.875,1.0,0.0070027108709788,1.0,1.0,True,True
history_feedback,0.75,72,8,6,True,0.1233383163207998,0.0139720558882235,True,True,0.1233383163207998,0.1951360447416802,0.7178562558442212,0.8411945721650209,0.0,0.75,1.0,0.0069221853004724,1.0,1.0,True,True
history_feedback,0.75,73,8,6,True,0.0949254048754422,0.0818363273453093,False,False,0.0949254048754422,0.0560256717139505,0.7698388302523527,0.8647642351277949,0.125,0.75,1.0,0.0067128050071451,1.0,1.0,True,True
history_feedback,0.75,74,8,6,True,0.0571560491477387,0.2115768463073852,False,False,0.0571560491477387,0.0834632825578604,0.7864786370324948,0.8436346861802335,0.0,0.75,1.0,0.0066827000334074,1.0,1.0,True,True
history_feedback,0.75,75,8,6,True,0.1245468528476114,0.0219560878243512,True,True,0.1245468528476114,0.0936386222492056,0.7115500038834428,0.8360968567310544,0.375,0.75,1.0,0.0067055423456445,1.0,1.0,True,True
history_feedback,0.75,76,8,5,False,0.0399559180316794,0.3093812375249501,False,False,0.0399559180316794,0.0704832476111553,0.8162046237016869,0.8561605417333664,0.125,0.625,1.0,0.006596145010731,1.0,1.0,True,True
history_feedback,0.75,77,8,4,False,0.0613407618413378,0.1756487025948103,False,False,0.0613407618413378,0.0195584648826914,0.7382226350118608,0.7995633968531988,0.25,0.5,1.0,0.0062852658703925,1.0,1.0,True,True
history_feedback,0.75,78,8,7,True,0.1719861922208972,0.0019960079840319,True,True,0.1719861922208972,0.1822659551955242,0.6254606413416041,0.7974468335625013,0.125,0.875,1.0,0.0077008344975887,1.0,1.0,True,True
history_feedback,0.75,79,8,6,True,0.0820927316279672,0.1037924151696606,False,False,0.0820927316279672,0.1250381061465005,0.7406478944906865,0.8227406261186538,0.0,0.75,1.0,0.0067217582128622,1.0,1.0,True,True
history_feedback,0.75,80,8,6,True,0.0551620109189263,0.2195608782435129,False,False,0.0551620109189263,0.0570443130941989,0.7910653586390625,0.8462273695579889,0.0,0.75,1.0,0.0063908023522845,1.0,1.0,True,True
history_feedback,0.75,81,8,3,False,-0.0085812236833456,0.6666666666666666,False,False,-0.0085812236833456,-0.0182041409837762,0.8437474442325561,0.8351662205492105,0.125,0.375,1.0,0.0067456900533378,1.0,1.0,True,True
history_feedback,0.75,82,8,7,True,0.0854383189184868,0.0518962075848303,False,False,0.0854383189184868,0.0954471467755924,0.718887920427132,0.8043262393456189,0.0,0.875,1.0,0.0064887713229753,1.0,1.0,True,True
history_feedback,0.75,83,8,8,True,0.1707149712432221,0.0019960079840319,True,True,0.1707149712432221,0.136619384819965,0.6489408105949946,0.8196557818382166,0.25,1.0,1.0,0.0067337519971535,1.0,1.0,True,True
history_feedback,0.75,84,8,4,False,0.0178843783789391,0.4451097804391217,False,False,0.0178843783789391,0.0099090469390159,0.7922236423181832,0.8101080206971224,0.125,0.5,1.0,0.0071989278306658,1.0,1.0,True,True
history_feedback,0.75,85,8,5,False,0.0845397100107807,0.0738522954091816,False,False,0.0845397100107807,0.1302946635019012,0.7707300946904685,0.8552698047012492,0.25,0.625,1.0,0.0065744686653581,1.0,1.0,True,True
history_feedback,0.75,86,8,7,True,0.0899653159862931,0.0399201596806387,True,True,0.0899653159862931,0.084389242825725,0.7097074201434328,0.7996727361297258,0.125,0.875,1.0,0.0069948065473786,1.0,1.0,True,True
history_feedback,0.75,87,8,6,True,0.0807253110913246,0.1197604790419161,False,False,0.0807253110913246,0.1071737050094183,0.77440223971265,0.8551275508039745,0.125,0.75,1.0,0.0066558404824032,1.0,1.0,True,True
history_feedback,0.75,88,8,5,False,0.0308739519790543,0.343313373253493,False,False,0.0308739519790543,0.0096968930117856,0.7677419784526447,0.798615930431699,0.0,0.625,1.0,0.0063951696552014,1.0,1.0,True,True
history_feedback,0.75,89,8,6,True,0.0971861337874065,0.0459081836327345,True,True,0.0971861337874065,0.106637092067396,0.738357064059226,0.8355431978466326,0.125,0.75,1.0,0.0067834142857949,1.0,1.0,True,True
history_feedback,0.75,90,8,5,False,0.0234513352188136,0.4590818363273453,False,False,0.0234513352188136,0.0731049809487697,0.8188096004264794,0.842260935645293,0.0,0.625,1.0,0.0064407674688998,1.0,1.0,True,True
history_feedback,0.75,91,8,6,True,0.1265996670232094,0.0119760479041916,True,True,0.1265996670232094,0.1415926908678053,0.7186813191916204,0.8452809862148298,0.125,0.75,1.0,0.0073707278024515,1.0,1.0,True,True
history_feedback,0.75,92,8,6,True,0.1281289795935611,0.0139720558882235,True,True,0.1281289795935611,0.1162391693733296,0.684342497451742,0.8124714770453032,0.25,0.75,1.0,0.0070582717729595,1.0,1.0,True,True
history_feedback,0.75,93,8,6,True,0.1001490355672593,0.0638722554890219,False,False,0.1001490355672593,0.1510928380672065,0.7564347695019716,0.8565838050692309,0.0,0.75,1.0,0.0069785212321801,1.0,1.0,True,True
history_feedback,0.75,94,8,4,False,0.0347086272669973,0.3473053892215569,False,False,0.0347086272669973,-0.0005230919911124,0.8005808767132835,0.8352895039802808,0.0,0.5,1.0,0.006333373116739,1.0,1.0,True,True
history_feedback,0.75,95,8,5,False,0.0179643915278788,0.4610778443113772,False,False,0.0179643915278788,0.0386291206093877,0.8017842635125718,0.8197486550404507,0.0,0.625,1.0,0.0063606129837681,1.0,1.0,True,True
history_feedback,0.75,96,8,3,False,-0.0145042108169806,0.8023952095808383,False,False,-0.0145042108169806,-0.0442024955260987,0.8846626886641699,0.8701584778471894,0.0,0.375,1.0,0.007125962648285,1.0,1.0,True,True
history_feedback,0.75,97,8,6,True,0.0716383596732922,0.1397205588822355,False,False,0.0716383596732922,0.0879414538938819,0.7711648970577389,0.8428032567310313,0.0,0.75,1.0,0.0066584181465136,1.0,1.0,True,True
history_feedback,0.75,98,8,4,False,0.0165055062106702,0.4730538922155688,False,False,0.0165055062106702,0.0237883033924272,0.8399310727116904,0.8564365789223607,0.0,0.5,1.0,0.0067154166767032,1.0,1.0,True,True
history_feedback,0.75,99,8,5,False,0.1031666657235358,0.0379241516966067,True,False,0.1031666657235358,0.1286166299862587,0.7151234804124498,0.8182901461359856,0.125,0.625,1.0,0.0058738283830357,1.0,1.0,True,True
history_feedback,0.75,100,8,3,False,-0.0094271819594896,0.6027944111776448,False,False,-0.0094271819594896,-0.0027962271553579,0.7924643177832198,0.7830371358237302,0.125,0.375,1.0,0.0065031477422205,1.0,1.0,True,True
history_feedback,0.75,101,8,8,True,0.1788462723869643,0.0019960079840319,True,True,0.1788462723869643,0.1678143914006727,0.691666456130975,0.8705127285179394,0.125,1.0,1.0,0.0068576951934696,1.0,1.0,True,True
history_feedback,0.75,102,8,6,True,0.0500143628300777,0.2155688622754491,False,False,0.0500143628300777,0.0387487286054499,0.7317238113948166,0.7817381742248943,0.0,0.75,1.0,0.0070622806170442,1.0,1.0,True,True
history_feedback,0.75,103,8,3,False,0.0260713303748082,0.467065868263473,False,False,0.0260713303748082,-0.0178166328295734,0.8324974583187497,0.8585687886935579,0.125,0.375,1.0,0.0069426097883895,1.0,1.0,True,True
history_feedback,0.75,104,8,3,False,-0.0283302206561221,0.7504990019960079,False,False,-0.0283302206561221,-0.052856040364394,0.8042851684829444,0.7759549478268223,0.0,0.375,1.0,0.0067522868601052,1.0,1.0,True,True
history_feedback,0.75,105,8,3,False,0.0236812193192945,0.437125748502994,False,False,0.0236812193192945,-0.0185498497642394,0.826979234415044,0.8506604537343385,0.0,0.375,1.0,0.006562118756415,1.0,1.0,True,True
history_feedback,0.75,106,8,8,True,0.1227089582357532,0.0379241516966067,True,True,0.1227089582357532,0.1161591121837335,0.7261230547182115,0.8488320129539647,0.0,1.0,1.0,0.0067524264485253,1.0,1.0,True,True
history_feedback,0.75,107,8,6,True,0.055724610058415,0.1656686626746507,False,False,0.055724610058415,0.1249143006678409,0.7423934187401044,0.7981180287985193,0.125,0.75,1.0,0.0067111839426628,1.0,1.0,True,True
history_feedback,0.75,108,8,6,True,0.1129466046003063,0.0279441117764471,True,True,0.1129466046003063,0.1126435473711068,0.6896650993548397,0.8026117039551459,0.25,0.75,1.0,0.0076343549820106,1.0,1.0,True,True
history_feedback,0.75,109,8,4,False,0.0166808811990838,0.5049900199600799,False,False,0.0166808811990838,0.0203090254937975,0.8498340385055041,0.866514919704588,0.0,0.5,1.0,0.0069132832442544,1.0,1.0,True,True
history_feedback,0.75,110,8,7,True,0.12725886453359,0.0279441117764471,True,True,0.12725886453359,0.1130800507743237,0.7370707716661183,0.8643296361997084,0.125,0.875,1.0,0.0068940441286283,1.0,1.0,True,True
history_feedback,0.75,111,8,4,False,-0.0018435996110258,0.5568862275449101,False,False,-0.0018435996110258,-0.0015994366172368,0.8271607014705553,0.8253171018595293,0.0,0.5,1.0,0.0069577473767075,1.0,1.0,True,True
history_feedback,0.75,112,8,4,False,0.0319522644678927,0.313373253493014,False,False,0.0319522644678927,-0.0014737182698599,0.776788118233201,0.8087403827010939,0.25,0.5,1.0,0.0073287750079952,1.0,1.0,True,True
history_feedback,0.75,113,8,5,False,0.0834629039393935,0.0818363273453093,False,False,0.0834629039393935,0.0782019075025214,0.7697364734363216,0.8531993773757152,0.125,0.625,1.0,0.0063679179374026,1.0,1.0,True,True
history_feedback,0.75,114,8,4,False,-0.0089874537922535,0.6187624750499002,False,False,-0.0089874537922535,0.0070671243193544,0.836392623278408,0.8274051694861545,0.0,0.5,1.0,0.0075713674403026,1.0,1.0,True,True
history_feedback,0.75,115,8,7,True,0.1552294738172611,0.0059880239520958,True,True,0.1552294738172611,0.1568462515531209,0.67231182500809,0.8275412988253512,0.125,0.875,1.0,0.0067532181868173,1.0,1.0,True,True
history_feedback,0.75,116,8,3,False,-0.0034262924468098,0.626746506986028,False,False,-0.0034262924468098,-0.0250558533930283,0.834660318762931,0.8312340263161211,0.0,0.375,1.0,0.0075263099591938,1.0,1.0,True,True
history_feedback,0.75,117,8,7,True,0.0840147042636666,0.1077844311377245,False,False,0.0840147042636666,0.0752852766266802,0.8026371818599197,0.8866518861235864,0.125,0.875,1.0,0.0074082026529211,1.0,1.0,True,True
history_feedback,0.75,118,8,6,True,0.1085016818638937,0.0419161676646706,True,True,0.1085016818638937,0.113764967599472,0.765607716742035,0.8741093986059286,0.125,0.75,1.0,0.0065963086692683,1.0,1.0,True,True
history_feedback,0.75,119,8,5,False,0.0647550018370651,0.1397205588822355,False,False,0.0647550018370651,0.1042078410861389,0.7504612320743267,0.8152162339113919,0.125,0.625,1.0,0.0062847425426427,1.0,1.0,True,True
history_feedback,0.75,120,8,6,True,0.0367627049596951,0.3193612774451098,False,False,0.0367627049596951,0.0550445704666531,0.8207397919864708,0.857502496946166,0.0,0.75,1.0,0.0066735886291559,1.0,1.0,True,True
history_feedback,0.75,121,8,4,False,-0.0120940022991018,0.7325349301397206,False,False,-0.0120940022991018,0.01458246206939,0.8650475930387276,0.8529535907396257,0.0,0.5,1.0,0.0066275967423037,1.0,1.0,True,True
history_feedback,0.75,122,8,5,False,0.0481805319058977,0.2135728542914171,False,False,0.0481805319058977,0.0251872600712997,0.7652760980981728,0.8134566300040704,0.125,0.625,1.0,0.006688074109527,1.0,1.0,True,True
history_feedback,0.75,123,8,4,False,0.023026326533115,0.4530938123752495,False,False,0.023026326533115,0.0041200136205547,0.8337634979766452,0.8567898245097603,0.0,0.5,1.0,0.0066543775076379,1.0,1.0,True,True
history_feedback,0.75,124,8,4,False,0.0579436803792344,0.18562874251497,False,False,0.0579436803792344,0.0385570718271266,0.8029429409302611,0.8608866213094954,0.0,0.5,1.0,0.007000800785358,1.0,1.0,True,True
history_feedback,0.75,125,8,4,False,0.0396152204542192,0.3672654690618762,False,False,0.0396152204542192,0.0108945834979471,0.8601411244691057,0.8997563449233251,0.125,0.5,1.0,0.0071205529243869,1.0,1.0,True,True
history_feedback,0.75,126,8,8,True,0.1108462595530399,0.0279441117764471,True,True,0.1108462595530399,0.125207528092661,0.7348893315194478,0.8457355910724877,0.0,1.0,1.0,0.0068328287468775,1.0,1.0,True,True
history_feedback,0.75,127,8,6,True,0.0763453129683004,0.1057884231536926,False,False,0.0763453129683004,0.0757684620633413,0.7514531509806281,0.8277984639489286,0.125,0.75,1.0,0.0062829872839777,1.0,1.0,True,True
history_feedback,0.75,128,8,3,False,0.0156070053635347,0.469061876247505,False,False,0.0156070053635347,-0.0124805279506771,0.8209341473856178,0.8365411527491525,0.0,0.375,1.0,0.00722829185741,1.0,1.0,True,True
history_feedback,0.75,129,8,7,True,0.0976777345814045,0.0439121756487025,True,True,0.0976777345814045,0.1102390867100067,0.7483140986010283,0.8459918331824328,0.0,0.875,1.0,0.0068257901180494,1.0,1.0,True,True
history_feedback,0.75,130,8,7,True,0.1320547472334314,0.0119760479041916,True,True,0.1320547472334314,0.0978812165646579,0.7325104032481918,0.8645651504816233,0.125,0.875,1.0,0.0069805699128926,1.0,1.0,True,True
history_feedback,0.75,131,8,2,False,-0.0027897186490929,0.5528942115768463,False,False,-0.0027897186490929,-0.0386839360984896,0.8073859577892658,0.8045962391401729,0.125,0.25,1.0,0.0073154725471992,1.0,1.0,True,True
history_feedback,0.75,132,8,4,False,0.0243683254410089,0.3972055888223553,False,False,0.0243683254410089,0.0150493663103949,0.8016851555953306,0.8260534810363395,0.0,0.5,1.0,0.0069522696092222,1.0,1.0,True,True
history_feedback,0.75,133,8,6,True,0.0646881755135549,0.1516966067864271,False,False,0.0646881755135549,0.0450394131665961,0.7628262204753407,0.8275143959888955,0.0,0.75,1.0,0.006453194969684,1.0,1.0,True,True
history_feedback,0.75,134,8,4,False,0.0288808973563684,0.3093812375249501,False,False,0.0288808973563684,0.0179023637099834,0.7720010153633579,0.8008819127197262,0.25,0.5,1.0,0.0065289412491254,1.0,1.0,True,True
history_feedback,0.75,135,8,4,False,0.0493930083520761,0.2235528942115768,False,False,0.0493930083520761,-0.0097010829659606,0.7811289384705504,0.8305219468226266,0.125,0.5,1.0,0.0065191736913723,1.0,1.0,True,True
history_feedback,0.75,136,8,4,False,-0.0042206328651958,0.6706586826347305,False,False,-0.0042206328651958,0.0106225370106501,0.8387291755384427,0.8345085426732468,0.0,0.5,1.0,0.0079470828887588,1.0,1.0,True,True
history_feedback,0.75,137,8,6,True,0.0992952492293936,0.0538922155688622,False,False,0.0992952492293936,0.1247243325484901,0.7209490722204881,0.8202443214498818,0.0,0.75,1.0,0.0073356427589729,1.0,1.0,True,True
history_feedback,0.75,138,8,6,True,0.1214000060074573,0.0239520958083832,True,True,0.1214000060074573,0.140736720550352,0.7646603103149809,0.8860603163224383,0.125,0.75,1.0,0.0062432755609736,1.0,1.0,True,True
history_feedback,0.75,139,8,2,False,-0.0360314502425392,0.8882235528942116,False,False,-0.0360314502425392,-0.0416131874335833,0.9117427854143147,0.8757113351717756,0.0,0.25,1.0,0.0062939672677019,1.0,1.0,True,True
history_feedback,0.75,140,8,7,True,0.128081549396379,0.0139720558882235,True,True,0.128081549396379,0.0600174853757162,0.6814218848805622,0.8095034342769412,0.25,0.875,1.0,0.0065847902155945,1.0,1.0,True,True
history_feedback,0.75,141,8,6,True,0.0879053565850531,0.059880239520958,False,False,0.0879053565850531,0.124413140331995,0.7237125995416457,0.8116179561266987,0.125,0.75,1.0,0.0065660872856046,1.0,1.0,True,True
history_feedback,0.75,142,8,5,False,0.0676488549098701,0.1417165668662674,False,False,0.0676488549098701,0.0621743578606368,0.770054539159556,0.8377033940694261,0.125,0.625,1.0,0.0065914560418721,1.0,1.0,True,True
history_feedback,0.75,143,8,8,True,0.1919012208964665,0.0019960079840319,True,True,0.1919012208964665,0.1961685379931778,0.6672969131762843,0.8591981340727508,0.125,1.0,1.0,0.0058841364503951,1.0,1.0,True,True
history_feedback,0.75,144,8,7,True,0.1188760496241571,0.0159680638722554,True,True,0.1188760496241571,0.1566436548656328,0.7133071702652551,0.8321832198894122,0.0,0.875,1.0,0.0069673168428369,1.0,1.0,True,True
history_feedback,0.75,145,8,6,True,0.0900593074164578,0.0499001996007984,True,True,0.0900593074164578,0.0907554702937401,0.7175719266105746,0.8076312340270324,0.0,0.75,1.0,0.0066629225665059,1.0,1.0,True,True
history_feedback,0.75,146,8,7,True,0.1139436852172467,0.0139720558882235,True,True,0.1139436852172467,0.1239224912907746,0.729983565059722,0.8439272502769687,0.125,0.875,1.0,0.0073249197830992,1.0,1.0,True,True
history_feedback,0.75,147,8,7,True,0.1647233157694086,0.0039920159680638,True,True,0.1647233157694086,0.1954069071777272,0.6401540770146155,0.8048773927840241,0.375,0.875,1.0,0.0069123700372025,1.0,1.0,True,True
history_feedback,0.75,148,8,5,False,0.0545171560419764,0.2155688622754491,False,False,0.0545171560419764,0.016593823356038,0.7841716672555122,0.8386888232974887,0.0,0.625,1.0,0.0059479722775259,1.0,1.0,True,True
history_feedback,0.75,149,8,5,False,0.0592065305832628,0.1776447105788423,False,False,0.0592065305832628,0.0679608693425463,0.7815484216589286,0.8407549522421914,0.125,0.625,1.0,0.0071375473467957,1.0,1.0,True,True
history_feedback,1.0,0,8,6,True,0.1100779753832617,0.029940119760479,True,True,0.1100779753832617,0.0767414935523937,0.7358272901010074,0.8459052654842691,0.375,0.75,1.0,0.0076758551698619,1.0,1.0,True,True
history_feedback,1.0,1,8,5,False,0.0726310888731567,0.1217564870259481,False,False,0.0726310888731567,0.0650872389166443,0.8063726310764494,0.8790037199496061,0.0,0.625,1.0,0.0076521118034242,1.0,1.0,True,True
history_feedback,1.0,2,8,5,False,0.0878755052689215,0.029940119760479,True,False,0.0878755052689215,0.1104896214148147,0.7438905217546273,0.831766027023549,0.125,0.625,1.0,0.0070213054245388,1.0,1.0,True,True
history_feedback,1.0,3,8,5,False,0.0519120210381717,0.1796407185628742,False,False,0.0519120210381717,0.0271271658552387,0.7530212831642851,0.8049333042024568,0.125,0.625,1.0,0.0075754475336194,1.0,1.0,True,True
history_feedback,1.0,4,8,7,True,0.1610612553915896,0.0019960079840319,True,True,0.1610612553915896,0.1612133704131351,0.6231231109851236,0.7841843663767133,0.25,0.875,1.0,0.0074999151246727,1.0,1.0,True,True
history_feedback,1.0,5,8,5,False,0.0375278924432981,0.3013972055888224,False,False,0.0375278924432981,0.025918722321333,0.7911221662917993,0.8286500587350975,0.125,0.625,1.0,0.0067568536557538,1.0,1.0,True,True
history_feedback,1.0,6,8,4,False,0.0072096334498358,0.4790419161676646,False,False,0.0072096334498358,0.0085044389441609,0.7845841233905098,0.7917937568403456,0.125,0.5,1.0,0.0071900629996024,1.0,1.0,True,True
history_feedback,1.0,7,8,5,False,0.0338555117974948,0.2554890219560878,False,False,0.0338555117974948,0.0540827647605069,0.7229858788411713,0.7568413906386661,0.0,0.625,1.0,0.0069705193640459,1.0,1.0,True,True
history_feedback,1.0,8,8,4,False,0.0709363343486728,0.1157684630738523,False,False,0.0709363343486728,0.0968834551277799,0.7043312103824004,0.7752675447310733,0.25,0.5,1.0,0.0075916969188767,1.0,1.0,True,True
history_feedback,1.0,9,8,4,False,0.0531898356366592,0.1417165668662674,False,False,0.0531898356366592,0.0448867401280952,0.6920693316648051,0.7452591673014644,0.125,0.5,1.0,0.0076374004695821,1.0,1.0,True,True
history_feedback,1.0,10,8,6,True,0.1649973300203548,0.0019960079840319,True,True,0.1649973300203548,0.2195397988109138,0.6609125400739871,0.8259098700943419,0.5,0.75,1.0,0.0066884697660793,1.0,1.0,True,True
history_feedback,1.0,11,8,6,True,0.1101386145254934,0.0259481037924151,True,True,0.1101386145254934,0.1325711386566954,0.6988776946496169,0.8090163091751104,0.25,0.75,1.0,0.007553635264375,1.0,1.0,True,True
history_feedback,1.0,12,8,6,True,0.0667887206350262,0.1137724550898203,False,False,0.0667887206350262,0.0686015743678431,0.6899337022444907,0.7567224228795169,0.125,0.75,1.0,0.0074886132085732,1.0,1.0,True,True
history_feedback,1.0,13,8,4,False,0.0395907924360073,0.2614770459081836,False,False,0.0395907924360073,0.0039315469494951,0.763226954887716,0.8028177473237232,0.25,0.5,1.0,0.0080519640824374,1.0,1.0,True,True
history_feedback,1.0,14,8,5,False,0.0803580556373476,0.0518962075848303,False,False,0.0803580556373476,0.0729177049153285,0.7132071801541615,0.7935652357915091,0.125,0.625,1.0,0.0069256044759022,1.0,1.0,True,True
history_feedback,1.0,15,8,7,True,0.0727282387159568,0.0938123752495009,False,False,0.0727282387159568,0.0716579202440086,0.7025376738644553,0.7752659125804121,0.0,0.875,1.0,0.007493044128987,1.0,1.0,True,True
history_feedback,1.0,16,8,4,False,-0.0477144278245238,0.8343313373253493,False,False,-0.0477144278245238,-0.0595291633544001,0.8187472359984127,0.7710328081738889,0.0,0.5,1.0,0.0080247468764943,1.0,1.0,True,True
history_feedback,1.0,17,8,5,False,0.0811072241214057,0.0778443113772455,False,False,0.0811072241214057,0.023933303590837,0.7176869787588813,0.7987942028802871,0.125,0.625,1.0,0.0077042797412841,1.0,1.0,True,True
history_feedback,1.0,18,8,5,False,0.1085995119616835,0.0239520958083832,True,False,0.1085995119616835,0.1538280740259742,0.7100438775848248,0.8186433895465084,0.125,0.625,1.0,0.007199984048202,1.0,1.0,True,True
history_feedback,1.0,19,8,6,True,0.1032872641790298,0.029940119760479,True,True,0.1032872641790298,0.1080039626690866,0.6731996419446817,0.7764869061237116,0.0,0.75,1.0,0.0087069460540408,1.0,1.0,True,True
history_feedback,1.0,20,8,7,True,0.1360374203263637,0.0079840319361277,True,True,0.1360374203263637,0.1252943336401184,0.6576292316855112,0.7936666520118749,0.25,0.875,1.0,0.0074142236615506,1.0,1.0,True,True
history_feedback,1.0,21,8,4,False,0.0640374513844989,0.1397205588822355,False,False,0.0640374513844989,0.0197188304148605,0.8056977419429823,0.8697351933274813,0.0,0.5,1.0,0.0071582555573195,1.0,1.0,True,True
history_feedback,1.0,22,8,5,False,0.1451927481004724,0.0059880239520958,True,False,0.1451927481004724,0.1211864354030013,0.6814062011982497,0.8265989492987221,0.375,0.625,1.0,0.0071110555351589,1.0,1.0,True,True
history_feedback,1.0,23,8,4,False,0.0084214093059473,0.469061876247505,False,False,0.0084214093059473,0.0324826248630148,0.7652677398958534,0.7736891492018008,0.0,0.5,1.0,0.006931531111413,1.0,1.0,True,True
history_feedback,1.0,24,8,7,True,0.0823069070182404,0.0858283433133732,False,False,0.0823069070182404,0.0466202548060141,0.7298659438383623,0.8121728508566028,0.0,0.875,1.0,0.0078867948675206,1.0,1.0,True,True
history_feedback,1.0,25,8,8,True,0.1949953242191532,0.0019960079840319,True,True,0.1949953242191532,0.1754036204547273,0.6386913642548655,0.8336866884740187,0.375,1.0,1.0,0.0069271457687961,1.0,1.0,True,True
history_feedback,1.0,26,8,7,True,0.0762472822451112,0.091816367265469,False,False,0.0762472822451112,0.0832989668657436,0.7214713597181117,0.797718641963223,0.0,0.875,1.0,0.0075233409817539,1.0,1.0,True,True
history_feedback,1.0,27,8,6,True,0.0976546489451625,0.0439121756487025,True,True,0.0976546489451625,0.0538174912402354,0.6891581406405602,0.7868127895857229,0.125,0.75,1.0,0.0079644658208615,1.0,1.0,True,True
history_feedback,1.0,28,8,5,False,0.0983201510112172,0.0239520958083832,True,False,0.0983201510112172,0.1779744682295186,0.7094696202538158,0.807789771265033,0.25,0.625,1.0,0.0066626635960466,1.0,1.0,True,True
history_feedback,1.0,29,8,4,False,0.0269421228945822,0.3173652694610778,False,False,0.0269421228945822,-0.000725174950619,0.7488463402286917,0.7757884631232739,0.0,0.5,1.0,0.0077980880374629,1.0,1.0,True,True
history_feedback,1.0,30,8,7,True,0.0245717360115894,0.3812375249500998,False,False,0.0245717360115894,0.0562420798955414,0.7887397846265579,0.8133115206381474,0.0,0.875,1.0,0.0079586222561846,1.0,1.0,True,True
history_feedback,1.0,31,8,8,True,0.1444237843628736,0.0039920159680638,True,True,0.1444237843628736,0.1028710696433578,0.6502158259873908,0.7946396103502644,0.25,1.0,1.0,0.0067894044428807,1.0,1.0,True,True
history_feedback,1.0,32,8,5,False,0.0562945627306619,0.1576846307385229,False,False,0.0562945627306619,0.0238252182823475,0.763914323024864,0.820208885755526,0.0,0.625,1.0,0.0081294391417504,1.0,1.0,True,True
history_feedback,1.0,33,8,5,False,0.048380150655547,0.1916167664670658,False,False,0.048380150655547,0.0361085819676164,0.7473227853339771,0.7957029359895242,0.0,0.625,1.0,0.0068473658472215,1.0,1.0,True,True
history_feedback,1.0,34,8,6,True,0.0433511197588649,0.1956087824351297,False,False,0.0433511197588649,0.0671773318210974,0.7366311921672768,0.7799823119261418,0.0,0.75,1.0,0.0074776897801125,1.0,1.0,True,True
history_feedback,1.0,35,8,4,False,0.0420898516406731,0.2135728542914171,False,False,0.0420898516406731,0.0592364607843339,0.7312494628316262,0.7733393144722993,0.25,0.5,1.0,0.0067701609412643,1.0,1.0,True,True
history_feedback,1.0,36,8,8,True,0.1451311433433779,0.0019960079840319,True,True,0.1451311433433779,0.1468880734836547,0.6504135903570596,0.7955447337004375,0.25,1.0,1.0,0.0074852464693861,1.0,1.0,True,True
history_feedback,1.0,37,8,3,False,0.024879172154683,0.4271457085828343,False,False,0.024879172154683,-0.0162714942219674,0.8194980630641837,0.8443772352188668,0.0,0.375,1.0,0.0078406537048887,1.0,1.0,True,True
history_feedback,1.0,38,8,3,False,-0.0014718021794076,0.5349301397205589,False,False,-0.0014718021794076,-0.014645698574397,0.7668618685219806,0.7653900663425729,0.0,0.375,1.0,0.0071236080770742,1.0,1.0,True,True
history_feedback,1.0,39,8,6,True,0.060556180239141,0.1676646706586826,False,False,0.060556180239141,0.1110090631442997,0.7779478875783511,0.8385040678174922,0.0,0.75,1.0,0.006849592662998,1.0,1.0,True,True
history_feedback,1.0,40,8,8,True,0.1641374107753651,0.0019960079840319,True,True,0.1641374107753651,0.0829060326716076,0.6900832958371752,0.8542207066125402,0.25,1.0,1.0,0.0067550813185467,1.0,1.0,True,True
history_feedback,1.0,41,8,6,True,0.0267597430535202,0.3373253493013972,False,False,0.0267597430535202,0.0354440239637641,0.7747231953420538,0.801482938395574,0.0,0.75,1.0,0.0067871106769535,1.0,1.0,True,True
history_feedback,1.0,42,8,5,False,0.0792508060151246,0.0838323353293413,False,False,0.0792508060151246,0.1074292103855279,0.719596056039462,0.7988468620545867,0.0,0.625,1.0,0.0078877133453378,1.0,1.0,True,True
history_feedback,1.0,43,8,7,True,0.0980434475555744,0.0259481037924151,True,True,0.0980434475555744,0.1544395882383269,0.7094426833832297,0.8074861309388042,0.0,0.875,1.0,0.0073059574247317,1.0,1.0,True,True
history_feedback,1.0,44,8,5,False,0.0601439853961745,0.1117764471057884,False,False,0.0601439853961745,0.0904965681889432,0.73720789871163,0.7973518841078043,0.0,0.625,1.0,0.007095570968311,1.0,1.0,True,True
history_feedback,1.0,45,8,5,False,-0.0286673190305729,0.7704590818363274,False,False,-0.0286673190305729,0.0252846937415874,0.8233268376205649,0.794659518589992,0.0,0.625,1.0,0.0079493569112736,1.0,1.0,True,True
history_feedback,1.0,46,8,5,False,0.0287066910065103,0.3672654690618762,False,False,0.0287066910065103,0.0325011963209297,0.7700609453183742,0.7987676363248846,0.0,0.625,1.0,0.0067288041645736,1.0,1.0,True,True
history_feedback,1.0,47,8,7,True,0.1646589104446418,0.0019960079840319,True,True,0.1646589104446418,0.1652612355206746,0.6612112011497429,0.8258701115943847,0.25,0.875,1.0,0.0068233276666078,1.0,1.0,True,True
history_feedback,1.0,48,8,6,True,0.0856460352657642,0.0518962075848303,False,False,0.0856460352657642,0.032277505688009,0.7115239004559915,0.7971699357217558,0.25,0.75,1.0,0.0078831465160277,1.0,1.0,True,True
history_feedback,1.0,49,8,7,True,0.1342470681452174,0.0059880239520958,True,True,0.1342470681452174,0.1330700569212622,0.6904314079179581,0.8246784760631756,0.25,0.875,1.0,0.0068577813330575,1.0,1.0,True,True
history_feedback,1.0,50,8,6,True,0.1188078709813023,0.0079840319361277,True,True,0.1188078709813023,0.1425506118050509,0.6808484551238696,0.799656326105172,0.25,0.75,1.0,0.0083201842216037,1.0,1.0,True,True
history_feedback,1.0,51,8,5,False,0.0748489784839641,0.0698602794411177,False,False,0.0748489784839641,0.0541827886590488,0.6986383733800994,0.7734873518640635,0.125,0.625,1.0,0.0072414871379212,1.0,1.0,True,True
history_feedback,1.0,52,8,5,False,0.0724117688075691,0.0858283433133732,False,False,0.0724117688075691,0.1027336828726231,0.6956523609459173,0.7680641297534865,0.125,0.625,1.0,0.0066109220180322,1.0,1.0,True,True
history_feedback,1.0,53,8,4,False,-0.0090807525390949,0.5748502994011976,False,False,-0.0090807525390949,0.0131985517917015,0.7761633642359516,0.7670826116968567,0.0,0.5,1.0,0.008136559580996,1.0,1.0,True,True
history_feedback,1.0,54,8,6,True,0.0791390452274119,0.0578842315369261,False,False,0.0791390452274119,0.1090063083261002,0.6943461957689427,0.7734852409963546,0.125,0.75,1.0,0.0073923953040974,1.0,1.0,True,True
history_feedback,1.0,55,8,7,True,0.111769903430333,0.0439121756487025,True,True,0.111769903430333,0.1046237643988279,0.6745324955575898,0.7863023989879229,0.125,0.875,1.0,0.0067951659056765,1.0,1.0,True,True
history_feedback,1.0,56,8,7,True,0.1027826110864021,0.0199600798403193,True,True,0.1027826110864021,0.1014772968186575,0.6628372892964428,0.765619900382845,0.125,0.875,1.0,0.0081733028301252,1.0,1.0,True,True
history_feedback,1.0,57,8,5,False,0.0611592922912088,0.1337325349301397,False,False,0.0611592922912088,0.050686447977123,0.7459692342144398,0.8071285265056487,0.25,0.625,1.0,0.0066541910892903,1.0,1.0,True,True
history_feedback,1.0,58,8,7,True,0.1148861491084566,0.0139720558882235,True,True,0.1148861491084566,0.0817336224346138,0.6792276213436628,0.7941137704521193,0.25,0.875,1.0,0.0066387957106555,1.0,1.0,True,True
history_feedback,1.0,59,8,5,False,0.0853947368344956,0.0978043912175648,False,False,0.0853947368344956,0.1180838313512528,0.7695450432893831,0.8549397801238788,0.125,0.625,1.0,0.0076608111148288,1.0,1.0,True,True
history_feedback,1.0,60,8,6,True,0.091864937798498,0.0379241516966067,True,True,0.091864937798498,0.1176920339094645,0.6464532605287834,0.7383181983272813,0.25,0.75,1.0,0.0070411285410185,1.0,1.0,True,True
history_feedback,1.0,61,8,6,True,0.0950387481285733,0.0199600798403193,True,True,0.0950387481285733,0.1499102462754421,0.6808069224456985,0.7758456705742719,0.25,0.75,1.0,0.007716028031884,1.0,1.0,True,True
history_feedback,1.0,62,8,6,True,0.0768656057983219,0.0658682634730539,False,False,0.0768656057983219,0.1100988104720253,0.6960625185078284,0.7729281243061503,0.125,0.75,1.0,0.0078329816843192,1.0,1.0,True,True
history_feedback,1.0,63,8,5,False,0.0323417159560144,0.2914171656686626,False,False,0.0323417159560144,0.0473075230005258,0.7341871638612252,0.7665288798172395,0.0,0.625,1.0,0.0072112189756369,1.0,1.0,True,True
history_feedback,1.0,64,8,6,True,0.1135456883551379,0.0219560878243512,True,True,0.1135456883551379,0.1328443244881247,0.653536824346544,0.7670825127016819,0.125,0.75,1.0,0.0066095308734992,1.0,1.0,True,True
history_feedback,1.0,65,8,6,True,0.0931711073113526,0.0479041916167664,True,True,0.0931711073113526,0.1129515364831065,0.7223063008091242,0.8154774081204768,0.0,0.75,1.0,0.0088486944722996,1.0,1.0,True,True
history_feedback,1.0,66,8,5,False,0.070105597585049,0.1117764471057884,False,False,0.070105597585049,0.0309012759915173,0.7538720511652837,0.8239776487503326,0.25,0.625,1.0,0.0080533386299339,1.0,1.0,True,True
history_feedback,1.0,67,8,7,True,0.1242537802867841,0.0059880239520958,True,True,0.1242537802867841,0.1127992410381961,0.6407534656812965,0.7650072459680808,0.25,0.875,1.0,0.0076302782630617,1.0,1.0,True,True
history_feedback,1.0,68,8,4,False,-0.000229156608585,0.530938123752495,False,False,-0.000229156608585,0.008803636095224,0.7871793569461931,0.7869502003376081,0.125,0.5,1.0,0.0067937117918839,1.0,1.0,True,True
history_feedback,1.0,69,8,5,False,0.0307030306219348,0.3173652694610778,False,False,0.0307030306219348,0.025784884417325,0.7724318083319591,0.8031348389538939,0.0,0.625,1.0,0.0076059846389731,1.0,1.0,True,True
history_feedback,1.0,70,8,7,True,0.1404751348615269,0.0019960079840319,True,True,0.1404751348615269,0.102082551458905,0.6901659666700138,0.8306411015315408,0.25,0.875,1.0,0.0071033439919336,1.0,1.0,True,True
history_feedback,1.0,71,8,7,True,0.1150870121996517,0.0259481037924151,True,True,0.1150870121996517,0.0518323679130748,0.6744777727120066,0.7895647849116583,0.25,0.875,1.0,0.0072017463452639,1.0,1.0,True,True
history_feedback,1.0,72,8,5,False,0.0439795999952713,0.2115768463073852,False,False,0.0439795999952713,0.0469860848451135,0.7738173209035174,0.8177969208987887,0.0,0.625,1.0,0.0078865893080154,1.0,1.0,True,True
history_feedback,1.0,73,8,4,False,0.0592650738722733,0.1656686626746507,False,False,0.0592650738722733,0.0450139540274286,0.769214034427119,0.8284791082993923,0.125,0.5,1.0,0.0073265440352327,1.0,1.0,True,True
history_feedback,1.0,74,8,7,True,0.0999716305765107,0.0459081836327345,True,True,0.0999716305765107,0.1026177214930926,0.7050754721194468,0.8050471026959574,0.125,0.875,1.0,0.0071487728584305,1.0,1.0,True,True
history_feedback,1.0,75,8,6,True,0.100579155786845,0.029940119760479,True,True,0.100579155786845,0.1205920817724989,0.6776087119076939,0.7781878676945388,0.0,0.75,1.0,0.0073988398417172,1.0,1.0,True,True
history_feedback,1.0,76,8,4,False,0.0583477615189396,0.1536926147704591,False,False,0.0583477615189396,0.0598936475053397,0.7574383442763826,0.8157861057953222,0.125,0.5,1.0,0.0068975476935321,1.0,1.0,True,True
history_feedback,1.0,77,8,5,False,0.0878068499882947,0.0419161676646706,True,False,0.0878068499882947,0.1168369804891068,0.6685531373904188,0.7563599873787135,0.125,0.625,1.0,0.0069248268048089,1.0,1.0,True,True
history_feedback,1.0,78,8,8,True,0.1782618842178176,0.0019960079840319,True,True,0.1782618842178176,0.1812041749743183,0.5907731333957353,0.769035017613553,0.25,1.0,1.0,0.0087912413392747,1.0,1.0,True,True
history_feedback,1.0,79,8,4,False,0.0296132640343087,0.3373253493013972,False,False,0.0296132640343087,-0.0044506135895194,0.7830162975965504,0.8126295616308592,0.0,0.5,1.0,0.0074730705727982,1.0,1.0,True,True
history_feedback,1.0,80,8,6,True,0.0336164075658745,0.2774451097804391,False,False,0.0336164075658745,0.0382534079097249,0.7674666097218513,0.8010830172877259,0.0,0.75,1.0,0.0071125502332607,1.0,1.0,True,True
history_feedback,1.0,81,8,7,True,0.0903813501832435,0.06187624750499,False,False,0.0903813501832435,0.1060246025377738,0.7258246639717342,0.8162060141549778,0.0,0.875,1.0,0.0078114650026462,1.0,1.0,True,True
history_feedback,1.0,82,8,5,False,0.0455959745204276,0.2115768463073852,False,False,0.0455959745204276,0.0800969125367375,0.7295993498803233,0.7751953244007508,0.0,0.625,1.0,0.0070086166731645,1.0,1.0,True,True
history_feedback,1.0,83,8,7,True,0.100192456142115,0.0379241516966067,True,True,0.100192456142115,0.1058542047832484,0.6980756055137298,0.7982680616558449,0.0,0.875,1.0,0.0072708493281387,1.0,1.0,True,True
history_feedback,1.0,84,8,5,False,0.0776847081355049,0.0518962075848303,False,False,0.0776847081355049,0.088402388044263,0.7016185380199067,0.7793032461554117,0.25,0.625,1.0,0.007588917700827,1.0,1.0,True,True
history_feedback,1.0,85,8,5,False,0.0848813313034911,0.0638722554890219,False,False,0.0848813313034911,0.0873150377389104,0.7325359052403042,0.8174172365437953,0.125,0.625,1.0,0.0069878036927329,1.0,1.0,True,True
history_feedback,1.0,86,8,6,True,0.0367960543144402,0.281437125748503,False,False,0.0367960543144402,0.0558686211017241,0.7331865813337678,0.769982635648208,0.0,0.75,1.0,0.0071479475943945,1.0,1.0,True,True
history_feedback,1.0,87,8,5,False,0.0298098344523713,0.3153692614770459,False,False,0.0298098344523713,0.0337570313720377,0.7891765019211291,0.8189863363735004,0.125,0.625,1.0,0.0076385536727963,1.0,1.0,True,True
history_feedback,1.0,88,8,4,False,0.0389882879389232,0.2435129740518962,False,False,0.0389882879389232,-0.0069354317881086,0.7179742219399511,0.7569625098788743,0.125,0.5,1.0,0.0070913612145942,1.0,1.0,True,True
history_feedback,1.0,89,8,7,True,0.0459236057614359,0.2035928143712574,False,False,0.0459236057614359,0.0627235515391954,0.7552564058654433,0.8011800116268792,0.0,0.875,1.0,0.0077099492395546,1.0,1.0,True,True
history_feedback,1.0,90,8,4,False,0.0334991881905813,0.3193612774451098,False,False,0.0334991881905813,-0.0046066909568598,0.7605039764672736,0.794003164657855,0.0,0.5,1.0,0.0073488070715268,1.0,1.0,True,True
history_feedback,1.0,91,8,6,True,0.1521520211473266,0.0019960079840319,True,True,0.1521520211473266,0.2227571563674368,0.6632157376145604,0.815367758761887,0.375,0.75,1.0,0.007737254639999,1.0,1.0,True,True
history_feedback,1.0,92,8,6,True,0.092280209064169,0.0379241516966067,True,True,0.092280209064169,0.1258039845121258,0.6847179071705511,0.7769981162347201,0.25,0.75,1.0,0.0075015379585204,1.0,1.0,True,True
history_feedback,1.0,93,8,6,True,0.043182814920708,0.2455089820359281,False,False,0.043182814920708,0.0568633960784574,0.7482910669561029,0.791473881876811,0.0,0.75,1.0,0.0071124544287381,1.0,1.0,True,True
history_feedback,1.0,94,8,5,False,0.1107685921772413,0.0199600798403193,True,False,0.1107685921772413,0.1253870677200646,0.6848708960193634,0.7956394881966047,0.25,0.625,1.0,0.0069023933552881,1.0,1.0,True,True
history_feedback,1.0,95,8,5,False,0.0443462216808471,0.2155688622754491,False,False,0.0443462216808471,0.0239431433872058,0.7492480999630127,0.7935943216438599,0.25,0.625,1.0,0.007128056989373,1.0,1.0,True,True
history_feedback,1.0,96,8,4,False,-0.0120509738765827,0.7005988023952096,False,False,-0.0120509738765827,-0.0073870099688441,0.8423697474757285,0.8303187735991457,0.0,0.5,1.0,0.0078004111775288,1.0,1.0,True,True
history_feedback,1.0,97,8,8,True,0.1024987420242389,0.0339321357285429,True,True,0.1024987420242389,0.0983893654666004,0.7195071245097036,0.8220058665339425,0.0,1.0,1.0,0.0068954951453514,1.0,1.0,True,True
history_feedback,1.0,98,8,7,True,0.0518645112627903,0.2195608782435129,False,False,0.0518645112627903,0.0733403243851964,0.7650746298063625,0.8169391410691529,0.0,0.875,1.0,0.0069954133565471,1.0,1.0,True,True
history_feedback,1.0,99,8,7,True,0.1419202861082246,0.0099800399201596,True,True,0.1419202861082246,0.1407446355079749,0.6261593953122913,0.768079681420516,0.25,0.875,1.0,0.0068135531002503,1.0,1.0,True,True
history_feedback,1.0,100,8,4,False,0.0503212877297694,0.2135728542914171,False,False,0.0503212877297694,0.0039760326031019,0.7347693509104242,0.7850906386401935,0.25,0.5,1.0,0.0065586397835478,1.0,1.0,True,True
history_feedback,1.0,101,8,6,True,0.1690555818236443,0.0019960079840319,True,True,0.1690555818236443,0.1701158877898933,0.6536090795213482,0.8226646613449925,0.375,0.75,1.0,0.0075319027347438,1.0,1.0,True,True
history_feedback,1.0,102,8,6,True,0.0740321257378366,0.091816367265469,False,False,0.0740321257378366,0.0503162218070463,0.6671165610206697,0.7411486867585064,0.125,0.75,1.0,0.0070795273827728,1.0,1.0,True,True
history_feedback,1.0,103,8,5,False,0.03891218756899,0.249500998003992,False,False,0.03891218756899,0.0200537777912375,0.7584450922213055,0.7973572797902955,0.125,0.625,1.0,0.0076133787394958,1.0,1.0,True,True
history_feedback,1.0,104,8,4,False,0.0169149176160487,0.4091816367265469,False,False,0.0169149176160487,0.0366788118491303,0.7236844292855125,0.7405993469015613,0.0,0.5,1.0,0.0071867647454042,1.0,1.0,True,True
history_feedback,1.0,105,8,5,False,0.0285504341090386,0.3053892215568862,False,False,0.0285504341090386,0.0313510627179285,0.7743448313108994,0.8028952654199379,0.0,0.625,1.0,0.0072249375078725,1.0,1.0,True,True
history_feedback,1.0,106,8,3,False,-0.0113410792294826,0.6347305389221557,False,False,-0.0113410792294826,-0.0184550870469888,0.827014943275979,0.8156738640464964,0.0,0.375,1.0,0.0075092332411405,1.0,1.0,True,True
history_feedback,1.0,107,8,7,True,0.0834112576679347,0.0439121756487025,True,True,0.0834112576679347,0.0874740120296608,0.6517155466723871,0.7351268043403218,0.0,0.875,1.0,0.007312185627631,1.0,1.0,True,True
history_feedback,1.0,108,8,5,False,0.0731859878435547,0.0698602794411177,False,False,0.0731859878435547,0.0671969035680711,0.6983144127758512,0.771500400619406,0.25,0.625,1.0,0.0083523880048426,1.0,1.0,True,True
history_feedback,1.0,109,8,5,False,0.0095520212032475,0.5409181636726547,False,False,0.0095520212032475,0.0243303853245517,0.8224698667013304,0.832021887904578,0.0,0.625,1.0,0.0071983221732549,1.0,1.0,True,True
history_feedback,1.0,110,8,7,True,0.0947133270461939,0.0518962075848303,False,False,0.0947133270461939,0.092777654138145,0.7134693855215242,0.8081827125677181,0.0,0.875,1.0,0.0071843305711678,1.0,1.0,True,True
history_feedback,1.0,111,8,5,False,0.0136767471088589,0.4411177644710579,False,False,0.0136767471088589,0.0408430213431979,0.7823924998895146,0.7960692469983737,0.0,0.625,1.0,0.0069180822348745,1.0,1.0,True,True
history_feedback,1.0,112,8,5,False,0.055635423545346,0.1576846307385229,False,False,0.055635423545346,0.0851434029983949,0.7308794251393101,0.7865148486846563,0.0,0.625,1.0,0.0078876225980412,1.0,1.0,True,True
history_feedback,1.0,113,8,6,True,0.0848633737612015,0.0718562874251497,False,False,0.0848633737612015,0.0469643450654148,0.716166097775889,0.8010294715370906,0.0,0.75,1.0,0.0063471898870046,1.0,1.0,True,True
history_feedback,1.0,114,8,7,True,0.0941627361040358,0.0518962075848303,False,False,0.0941627361040358,0.1040036409702882,0.7120753773695034,0.8062381134735392,0.125,0.875,1.0,0.0081642316886356,1.0,1.0,True,True
history_feedback,1.0,115,8,6,True,0.0638296087210101,0.1277445109780439,False,False,0.0638296087210101,0.0955130200755707,0.7305059566547907,0.794335565375801,0.0,0.75,1.0,0.007629295074249,1.0,1.0,True,True
history_feedback,1.0,116,8,4,False,-0.022354855951677,0.7025948103792415,False,False,-0.022354855951677,0.0162589947070093,0.8232034237144105,0.8008485677627335,0.0,0.5,1.0,0.008010807675374,1.0,1.0,True,True
history_feedback,1.0,117,8,5,False,0.0176569283589696,0.4770459081836327,False,False,0.0176569283589696,0.0149876143224416,0.8266465372412767,0.8443034656002464,0.125,0.625,1.0,0.0076495881991977,1.0,1.0,True,True
history_feedback,1.0,118,8,4,False,0.0410540707611848,0.2974051896207584,False,False,0.0410540707611848,0.0167912349909602,0.7965464884945237,0.8376005592557085,0.0,0.5,1.0,0.0072331380983645,1.0,1.0,True,True
history_feedback,1.0,119,8,5,False,0.0780371568924754,0.0898203592814371,False,False,0.0780371568924754,0.0832200913963283,0.7120347338123387,0.7900718907048141,0.125,0.625,1.0,0.0064613787860496,1.0,1.0,True,True
history_feedback,1.0,120,8,7,True,0.1215766141233457,0.0059880239520958,True,True,0.1215766141233457,0.1072692817273132,0.7000547495717409,0.8216313636950866,0.0,0.875,1.0,0.0079135365459652,1.0,1.0,True,True
history_feedback,1.0,121,8,3,False,-0.0073854434679668,0.590818363273453,False,False,-0.0073854434679668,-0.0117735400758914,0.7974058143354622,0.7900203708674953,0.0,0.375,1.0,0.006878855537357,1.0,1.0,True,True
history_feedback,1.0,122,8,5,False,0.040419458162141,0.217564870259481,False,False,0.040419458162141,0.0597606294748049,0.739029584669346,0.779449042831487,0.125,0.625,1.0,0.0072838837241359,1.0,1.0,True,True
history_feedback,1.0,123,8,5,False,0.1028298687518068,0.0359281437125748,True,False,0.1028298687518068,0.207062472444275,0.7487837974172017,0.8516136661690086,0.25,0.625,1.0,0.0073990053078361,1.0,1.0,True,True
history_feedback,1.0,124,8,5,False,0.1019586352938611,0.0419161676646706,True,False,0.1019586352938611,0.082886551922702,0.7249903217453864,0.8269489570392475,0.25,0.625,1.0,0.0075027088452811,1.0,1.0,True,True
history_feedback,1.0,125,8,3,False,0.0324352223308718,0.3532934131736527,False,False,0.0324352223308718,-0.0390483468362681,0.826060726597413,0.8584959489282848,0.125,0.375,1.0,0.0074796311865194,1.0,1.0,True,True
history_feedback,1.0,126,8,6,True,0.1351792136855353,0.0179640718562874,True,True,0.1351792136855353,0.1732891908370098,0.7238926455565059,0.8590718592420412,0.125,0.75,1.0,0.0075879394468122,1.0,1.0,True,True
history_feedback,1.0,127,8,7,True,0.0855055682757038,0.0658682634730539,False,False,0.0855055682757038,0.0893381620337687,0.7055936704372782,0.791099238712982,0.125,0.875,1.0,0.0067369744005674,1.0,1.0,True,True
history_feedback,1.0,128,8,5,False,0.05905857082948,0.1277445109780439,False,False,0.05905857082948,0.1054034206629298,0.721363646684915,0.7804222175143952,0.0,0.625,1.0,0.0075265364417692,1.0,1.0,True,True
history_feedback,1.0,129,8,5,False,0.0464062930384461,0.18562874251497,False,False,0.0464062930384461,0.0417828527781473,0.7664620172568561,0.8128683102953023,0.0,0.625,1.0,0.0070466700218703,1.0,1.0,True,True
history_feedback,1.0,130,8,6,True,0.1368499642339463,0.0059880239520958,True,True,0.1368499642339463,0.126420651938439,0.6825266826375269,0.8193766468714732,0.25,0.75,1.0,0.0077324330176411,1.0,1.0,True,True
history_feedback,1.0,131,8,3,False,-0.0197100786073008,0.6626746506986028,False,False,-0.0197100786073008,-0.0557104259862007,0.7691228392174483,0.7494127606101475,0.0,0.375,1.0,0.0076134300688635,1.0,1.0,True,True
history_feedback,1.0,132,8,6,True,0.0624714897736727,0.1357285429141716,False,False,0.0624714897736727,0.0749080751594182,0.7479524136896397,0.8104239034633123,0.0,0.75,1.0,0.0074613189947482,1.0,1.0,True,True
history_feedback,1.0,133,8,6,True,0.0848822131606727,0.0678642714570858,False,False,0.0848822131606727,0.1001748443825784,0.7111597232655026,0.7960419364261754,0.0,0.75,1.0,0.0070763493364895,1.0,1.0,True,True
history_feedback,1.0,134,8,5,False,0.0380877850699295,0.2155688622754491,False,False,0.0380877850699295,0.0493720540903408,0.7296065638840065,0.7676943489539361,0.125,0.625,1.0,0.0076093760057555,1.0,1.0,True,True
history_feedback,1.0,135,8,3,False,-0.0228013807970916,0.7125748502994012,False,False,-0.0228013807970916,-0.0342317583445213,0.8117489512765156,0.788947570479424,0.0,0.375,1.0,0.0069721408154215,1.0,1.0,True,True
history_feedback,1.0,136,8,4,False,0.0347544817352282,0.2934131736526946,False,False,0.0347544817352282,0.039192512660318,0.7726885954376831,0.8074430771729113,0.0,0.5,1.0,0.0088551761475799,1.0,1.0,True,True
history_feedback,1.0,137,8,8,True,0.1860186935457522,0.0019960079840319,True,True,0.1860186935457522,0.1841124004641913,0.6038050595221991,0.7898237530679513,0.25,1.0,1.0,0.0078753937272408,1.0,1.0,True,True
history_feedback,1.0,138,8,5,False,0.0689329519971004,0.0938123752495009,False,False,0.0689329519971004,0.1005312402619365,0.7626120574056767,0.8315450094027772,0.125,0.625,1.0,0.0070602983418679,1.0,1.0,True,True
history_feedback,1.0,139,8,6,True,0.0654721270337351,0.1137724550898203,False,False,0.0654721270337351,0.0716633722188,0.74851336943736,0.8139854964710953,0.125,0.75,1.0,0.0063903960473628,1.0,1.0,True,True
history_feedback,1.0,140,8,7,True,0.1306079104138622,0.0139720558882235,True,True,0.1306079104138622,0.0675130040179451,0.6631777779074441,0.7937856883213064,0.25,0.875,1.0,0.007043744174372,1.0,1.0,True,True
history_feedback,1.0,141,8,6,True,0.0606681041162297,0.1656686626746507,False,False,0.0606681041162297,0.0983314287683189,0.7215585921493413,0.7822266962655711,0.0,0.75,1.0,0.0072624363026937,1.0,1.0,True,True
history_feedback,1.0,142,8,4,False,0.0121834582121873,0.4411177644710579,False,False,0.0121834582121873,-0.0062266402887574,0.7727628362457362,0.7849462944579235,0.0,0.5,1.0,0.007136152500488,1.0,1.0,True,True
history_feedback,1.0,143,8,7,True,0.1481477626130529,0.0039920159680638,True,True,0.1481477626130529,0.1144307491033393,0.6881995131669982,0.8363472757800512,0.25,0.875,1.0,0.0064718921005996,1.0,1.0,True,True
history_feedback,1.0,144,8,6,True,0.1252135519585816,0.0079840319361277,True,True,0.1252135519585816,0.1787622397905692,0.6936403506461657,0.8188539026047473,0.25,0.75,1.0,0.0073690157559402,1.0,1.0,True,True
history_feedback,1.0,145,8,7,True,0.1238631110974848,0.0179640718562874,True,True,0.1238631110974848,0.1250188919220046,0.6592288365280454,0.7830919476255302,0.0,0.875,1.0,0.0067160561601121,1.0,1.0,True,True
history_feedback,1.0,146,8,6,True,0.0928263006055945,0.0479041916167664,True,True,0.0928263006055945,0.068290562383687,0.7283881024934203,0.821214403099015,0.25,0.75,1.0,0.0082004245886816,1.0,1.0,True,True
history_feedback,1.0,147,8,6,True,0.1257102451059422,0.0099800399201596,True,True,0.1257102451059422,0.1819456707763269,0.6600449255376984,0.7857551706436408,0.125,0.75,1.0,0.0076749974101605,1.0,1.0,True,True
history_feedback,1.0,148,8,6,True,0.1544845572862506,0.0039920159680638,True,True,0.1544845572862506,0.183661384158639,0.6318858132716338,0.7863703705578844,0.125,0.75,1.0,0.0064483357601065,1.0,1.0,True,True
history_feedback,1.0,149,8,5,False,0.0916370470741243,0.0379241516966067,True,False,0.0916370470741243,0.1515167458888782,0.7160035609405326,0.8076406080146571,0.125,0.625,1.0,0.0074262119166732,1.0,1.0,True,True
persistent_regime_alignment,0.2,0,8,4,False,0.0581895295784363,0.3992015968063872,False,False,0.0581895295784363,0.0151015896850538,0.8688308255785631,0.9270203551569992,0.125,0.5,1.0,0.0055402339843403,1.0,1.0,True,True
persistent_regime_alignment,0.2,1,8,3,False,0.0005829082858092,0.7504990019960079,False,False,0.0005829082858092,-0.0095290624184785,0.8910225327210305,0.8916054410068398,0.0,0.375,1.0,0.0059817143530292,1.0,1.0,True,True
persistent_regime_alignment,0.2,2,8,6,True,0.1300680331562426,0.0339321357285429,True,True,0.1300680331562426,0.1605006965836038,0.8167905878180886,0.9468586209743312,0.125,0.75,1.0,0.0057207528811567,1.0,1.0,True,True
persistent_regime_alignment,0.2,3,8,2,False,-0.0507159639913763,0.9520958083832336,False,False,-0.0507159639913763,-0.0944116524889435,0.9421539601014656,0.8914379961100892,0.0,0.25,1.0,0.0057346700023774,1.0,1.0,True,True
persistent_regime_alignment,0.2,4,8,4,False,0.0073635455366059,0.7325349301397206,False,False,0.0073635455366059,-0.0173553775282365,0.8983530538329196,0.9057165993695256,0.0,0.5,1.0,0.0059793876071682,1.0,1.0,True,True
persistent_regime_alignment,0.2,5,8,6,True,0.086633507224636,0.1896207584830339,False,False,0.086633507224636,0.084778071492136,0.8620021597113666,0.9486356669360028,0.0,0.75,1.0,0.0053667784149498,1.0,1.0,True,True
persistent_regime_alignment,0.2,6,8,2,False,-0.0022454836270355,0.872255489021956,False,False,-0.0022454836270355,-0.0493588529303415,0.9340639071594437,0.931818423532408,0.0,0.25,1.0,0.0060195294870088,1.0,1.0,True,True
persistent_regime_alignment,0.2,7,8,6,True,0.0747998732381613,0.2155688622754491,False,False,0.0747998732381613,0.1287784827433866,0.8146839951148367,0.889483868352998,0.0,0.75,1.0,0.0058225916546146,1.0,1.0,True,True
persistent_regime_alignment,0.2,8,8,5,False,0.0357331735061857,0.4810379241516966,False,False,0.0357331735061857,0.024546689603428,0.8503918382766121,0.8861250117827979,0.125,0.625,1.0,0.005528576326202,1.0,1.0,True,True
persistent_regime_alignment,0.2,9,8,4,False,0.0286491099733208,0.4630738522954092,False,False,0.0286491099733208,0.0125712499424551,0.8160045359390325,0.8446536459123534,0.0,0.5,1.0,0.0063375510427461,1.0,1.0,True,True
persistent_regime_alignment,0.2,10,8,4,False,0.1046539613323761,0.1177644710578842,False,False,0.1046539613323761,0.0558957155200254,0.8114451124211466,0.9160990737535228,0.125,0.5,1.0,0.0054892464000929,1.0,1.0,True,True
persistent_regime_alignment,0.2,11,8,3,False,-0.003826324715641,0.8143712574850299,False,False,-0.003826324715641,-0.0070399539984856,0.9069459906013346,0.9031196658856936,0.0,0.375,1.0,0.0057097705872607,1.0,1.0,True,True
persistent_regime_alignment,0.2,12,8,5,False,0.0485493071948505,0.3313373253493014,False,False,0.0485493071948505,0.0373002361495853,0.7945537939500827,0.8431031011449333,0.0,0.625,1.0,0.0058647817318989,1.0,1.0,True,True
persistent_regime_alignment,0.2,13,8,2,False,-0.0609499360182498,0.9880239520958084,False,False,-0.0609499360182498,-0.0630467380151453,0.9603277932286676,0.8993778572104176,0.0,0.25,1.0,0.0060679525661901,1.0,1.0,True,True
persistent_regime_alignment,0.2,14,8,5,False,0.1017152881485017,0.1037924151696606,False,False,0.1017152881485017,0.1625748994288028,0.778900049985891,0.8806153381343927,0.125,0.625,1.0,0.0058843815480538,1.0,1.0,True,True
persistent_regime_alignment,0.2,15,8,5,False,0.0495477010481852,0.2914171656686626,False,False,0.0495477010481852,0.0503776014765806,0.803206780240817,0.8527544812890023,0.0,0.625,1.0,0.0061108998435449,1.0,1.0,True,True
persistent_regime_alignment,0.2,16,8,4,False,0.0274546539700963,0.5888223552894212,False,False,0.0274546539700963,0.0024147306128318,0.9016985678266258,0.9291532217967222,0.125,0.5,1.0,0.0059590542375679,1.0,1.0,True,True
persistent_regime_alignment,0.2,17,8,2,False,0.0065408037827186,0.7225548902195609,False,False,0.0065408037827186,-0.0146242876162679,0.8975850733180528,0.9041258771007714,0.125,0.25,1.0,0.0058806172087981,1.0,1.0,True,True
persistent_regime_alignment,0.2,18,8,4,False,0.0446922853704759,0.5289421157684631,False,False,0.0446922853704759,0.0236039134888804,0.9074211494142146,0.9521134347846908,0.0,0.5,1.0,0.0058427360747266,1.0,1.0,True,True
persistent_regime_alignment,0.2,19,8,4,False,-0.0138963760240675,0.812375249500998,False,False,-0.0138963760240675,0.0012734164020307,0.8933027827773516,0.8794064067532841,0.0,0.5,1.0,0.0055861304834196,1.0,1.0,True,True
persistent_regime_alignment,0.2,20,8,5,False,0.0794362831149502,0.2215568862275449,False,False,0.0794362831149502,0.0765774469690874,0.8410266755567546,0.9204629586717048,0.0,0.625,1.0,0.0055876318081355,1.0,1.0,True,True
persistent_regime_alignment,0.2,21,8,6,True,0.16220836018481,0.0159680638722554,True,True,0.16220836018481,0.1050468128152395,0.7604172611973299,0.92262562138214,0.25,0.75,1.0,0.0059023639204056,1.0,1.0,True,True
persistent_regime_alignment,0.2,22,8,4,False,0.0338980199478271,0.4391217564870259,False,False,0.0338980199478271,0.0397490482153017,0.8511409456942229,0.8850389656420501,0.0,0.5,1.0,0.0058967268358732,1.0,1.0,True,True
persistent_regime_alignment,0.2,23,8,3,False,0.0307363945408463,0.5668662674650699,False,False,0.0307363945408463,-0.0150442494377525,0.9064560443457124,0.9371924388865586,0.0,0.375,1.0,0.0056009440617507,1.0,1.0,True,True
persistent_regime_alignment,0.2,24,8,4,False,0.0599932104657479,0.2634730538922156,False,False,0.0599932104657479,0.070587284087996,0.8179334152649522,0.8779266257307002,0.0,0.5,1.0,0.0058500544086909,1.0,1.0,True,True
persistent_regime_alignment,0.2,25,8,6,True,0.1446223854673804,0.0159680638722554,True,True,0.1446223854673804,0.1604443497357748,0.7484143573015053,0.8930367427688857,0.25,0.75,1.0,0.0054660928806338,1.0,1.0,True,True
persistent_regime_alignment,0.2,26,8,3,False,-0.0031569041398778,0.7664670658682635,False,False,-0.0031569041398778,-0.0192648461054941,0.9016900178736016,0.8985331137337239,0.0,0.375,1.0,0.0058362391630594,1.0,1.0,True,True
persistent_regime_alignment,0.2,27,8,3,False,-0.0200401243643587,0.8383233532934131,False,False,-0.0200401243643587,-0.051014998467946,0.8752587514421546,0.855218627077796,0.0,0.375,1.0,0.00574495310502,1.0,1.0,True,True
persistent_regime_alignment,0.2,28,8,8,True,0.1415352340998274,0.0399201596806387,True,True,0.1415352340998274,0.1102132969739924,0.7928579897623453,0.9343932238621728,0.125,1.0,1.0,0.0055648320750916,1.0,1.0,True,True
persistent_regime_alignment,0.2,29,8,5,False,0.0138039458340584,0.5469061876247505,False,False,0.0138039458340584,0.0366118019647983,0.833165115753769,0.8469690615878274,0.0,0.625,1.0,0.0056372421451143,1.0,1.0,True,True
persistent_regime_alignment,0.2,30,8,2,False,0.0292379694426847,0.6147704590818364,False,False,0.0292379694426847,-0.0242030874481385,0.9124038677040224,0.9416418371467072,0.125,0.25,1.0,0.0059329120702282,1.0,1.0,True,True
persistent_regime_alignment,0.2,31,8,4,False,0.054743212282916,0.343313373253493,False,False,0.054743212282916,-0.0019693283352259,0.8366593499731028,0.8914025622560188,0.0,0.5,1.0,0.005820891374116,1.0,1.0,True,True
persistent_regime_alignment,0.2,32,8,3,False,-0.0053505337997235,0.7944111776447106,False,False,-0.0053505337997235,-0.0283012539918911,0.9115274179250834,0.90617688412536,0.0,0.375,1.0,0.006111037312412,1.0,1.0,True,True
persistent_regime_alignment,0.2,33,8,4,False,0.0086561452997447,0.6427145708582834,False,False,0.0086561452997447,0.0292282502293814,0.863867665522136,0.8725238108218807,0.0,0.5,1.0,0.0059917058834181,1.0,1.0,True,True
persistent_regime_alignment,0.2,34,8,5,False,0.0547932771428079,0.3193612774451098,False,False,0.0547932771428079,0.0080204618205606,0.8307000606266244,0.8854933377694324,0.0,0.625,1.0,0.0057927205211247,1.0,1.0,True,True
persistent_regime_alignment,0.2,35,8,6,True,0.0566434112649545,0.3313373253493014,False,False,0.0566434112649545,0.0514573843418227,0.8412400085648761,0.8978834198298308,0.0,0.75,1.0,0.0056473583448159,1.0,1.0,True,True
persistent_regime_alignment,0.2,36,8,7,True,0.1162983906917708,0.0558882235528942,False,False,0.1162983906917708,0.1356385913785057,0.7762851290649451,0.892583519756716,0.0,0.875,1.0,0.0056672138659185,1.0,1.0,True,True
persistent_regime_alignment,0.2,37,8,4,False,0.0372027935147551,0.5069860279441117,False,False,0.0372027935147551,0.0125797077824674,0.8886702166294875,0.9258730101442426,0.0,0.5,1.0,0.0062584695595761,1.0,1.0,True,True
persistent_regime_alignment,0.2,38,8,5,False,0.0861845129596705,0.1277445109780439,False,False,0.0861845129596705,0.0514425818362318,0.7965772564177576,0.8827617693774281,0.25,0.625,1.0,0.0055183115139087,1.0,1.0,True,True
persistent_regime_alignment,0.2,39,8,4,False,0.0889777855191668,0.1656686626746507,False,False,0.0889777855191668,0.0270251756761861,0.8210410230333274,0.9100188085524944,0.125,0.5,1.0,0.0059908061814871,1.0,1.0,True,True
persistent_regime_alignment,0.2,40,8,5,False,0.061194049261574,0.3532934131736527,False,False,0.061194049261574,0.0341357041082309,0.856645536004253,0.9178395852658272,0.0,0.625,1.0,0.00571133589222,1.0,1.0,True,True
persistent_regime_alignment,0.2,41,8,4,False,-0.0202038963571807,0.9121756487025948,False,False,-0.0202038963571807,0.0031054014339341,0.9379982371052352,0.9177943407480544,0.0,0.5,1.0,0.005367050643499,1.0,1.0,True,True
persistent_regime_alignment,0.2,42,8,6,True,0.1013537864475685,0.0758483033932135,False,False,0.1013537864475685,0.1274577994410719,0.7753494026204102,0.8767031890679786,0.125,0.75,1.0,0.0057964589685675,1.0,1.0,True,True
persistent_regime_alignment,0.2,43,8,3,False,-0.0303694006510912,0.9461077844311376,False,False,-0.0303694006510912,-0.0557763915837642,0.9391327543412408,0.9087633536901496,0.0,0.375,1.0,0.0057651854545197,1.0,1.0,True,True
persistent_regime_alignment,0.2,44,8,6,True,0.154791711390221,0.0159680638722554,True,True,0.154791711390221,0.1186623294150264,0.7150607703644055,0.8698524817546265,0.375,0.75,1.0,0.0056622239684633,1.0,1.0,True,True
persistent_regime_alignment,0.2,45,8,6,True,0.1187282296472697,0.0798403193612774,False,False,0.1187282296472697,0.1147730811688247,0.7678113159797393,0.886539545627009,0.0,0.75,1.0,0.0059528133004048,1.0,1.0,True,True
persistent_regime_alignment,0.2,46,8,4,False,0.0614799721307727,0.281437125748503,False,False,0.0614799721307727,-0.009122696806964,0.8450665605404484,0.9065465326712212,0.125,0.5,1.0,0.0056734359356502,1.0,1.0,True,True
persistent_regime_alignment,0.2,47,8,5,False,0.0373139024265301,0.5349301397205589,False,False,0.0373139024265301,0.0528975200837265,0.8859619980222648,0.9232759004487948,0.0,0.625,1.0,0.0053635554928876,1.0,1.0,True,True
persistent_regime_alignment,0.2,48,8,2,False,0.0138892858668693,0.7145708582834331,False,False,0.0138892858668693,-0.0102507003873766,0.9147867737406494,0.9286760596075186,0.0,0.25,1.0,0.0053037941102227,1.0,1.0,True,True
persistent_regime_alignment,0.2,49,8,5,False,0.0772495544469005,0.1976047904191616,False,False,0.0772495544469005,0.0850857392666107,0.8363100407114086,0.9135595951583092,0.0,0.625,1.0,0.0059653024582245,1.0,1.0,True,True
persistent_regime_alignment,0.2,50,8,5,False,-0.0088889040206556,0.8702594810379242,False,False,-0.0088889040206556,0.0077692451510546,0.9393712451925684,0.9304823411719126,0.0,0.625,1.0,0.0060716305723522,1.0,1.0,True,True
persistent_regime_alignment,0.2,51,8,4,False,0.0651146265034454,0.2235528942115768,False,False,0.0651146265034454,0.034172440627111,0.8078299799912722,0.8729446064947176,0.125,0.5,1.0,0.0057774654992981,1.0,1.0,True,True
persistent_regime_alignment,0.2,52,8,3,False,-0.0024004564450961,0.7425149700598802,False,False,-0.0024004564450961,-0.0161398599461516,0.8874230537948391,0.885022597349743,0.0,0.375,1.0,0.0056772599474054,1.0,1.0,True,True
persistent_regime_alignment,0.2,53,8,5,False,0.0563386754505953,0.2514970059880239,False,False,0.0563386754505953,0.0981562039649797,0.8016147385427341,0.8579534139933294,0.125,0.625,1.0,0.0060545726138998,1.0,1.0,True,True
persistent_regime_alignment,0.2,54,8,2,False,-0.0087947729373305,0.8223552894211577,False,False,-0.0087947729373305,-0.0571439220418434,0.9068294174940056,0.8980346445566751,0.125,0.25,1.0,0.0058644516238474,1.0,1.0,True,True
persistent_regime_alignment,0.2,55,8,4,False,0.0498129298479398,0.3473053892215569,False,False,0.0498129298479398,0.034116425223501,0.8255794602925399,0.8753923901404798,0.0,0.5,1.0,0.0055970707253198,1.0,1.0,True,True
persistent_regime_alignment,0.2,56,8,4,False,0.0563316556419954,0.311377245508982,False,False,0.0563316556419954,0.0297317528691941,0.8386602072145739,0.8949918628565693,0.125,0.5,1.0,0.0058614211461608,1.0,1.0,True,True
persistent_regime_alignment,0.2,57,8,4,False,0.0548849079972322,0.3453093812375249,False,False,0.0548849079972322,0.0173075882024123,0.8493999595488615,0.9042848675460938,0.0,0.5,1.0,0.0058028988379346,1.0,1.0,True,True
persistent_regime_alignment,0.2,58,8,2,False,0.0278255884865353,0.5369261477045908,False,False,0.0278255884865353,-0.0120677877053086,0.8562392842538942,0.8840648727404294,0.125,0.25,1.0,0.0059902317263492,1.0,1.0,True,True
persistent_regime_alignment,0.2,59,8,5,False,0.064849594439984,0.3692614770459081,False,False,0.064849594439984,0.0944964842687832,0.8551644563088608,0.920014050748845,0.0,0.625,1.0,0.0056175567916385,1.0,1.0,True,True
persistent_regime_alignment,0.2,60,8,3,False,0.0514369925206057,0.4191616766467065,False,False,0.0514369925206057,0.0,0.881185126709962,0.9326221192305676,0.0,0.375,1.0,0.0059976791015161,1.0,1.0,True,True
persistent_regime_alignment,0.2,61,8,6,True,0.0553967262746573,0.3313373253493014,False,False,0.0553967262746573,0.0747618599409389,0.8369697594964733,0.8923664857711306,0.0,0.75,1.0,0.0053788329502923,1.0,1.0,True,True
persistent_regime_alignment,0.2,62,8,4,False,0.0619588419687286,0.2774451097804391,False,False,0.0619588419687286,0.0525510928920094,0.8141798991354924,0.8761387411042212,0.125,0.5,1.0,0.0060753514629577,1.0,1.0,True,True
persistent_regime_alignment,0.2,63,8,6,True,0.1336397615854142,0.0319361277445109,True,True,0.1336397615854142,0.1295094415520907,0.7804132747018253,0.9140530362872396,0.125,0.75,1.0,0.0057365381901645,1.0,1.0,True,True
persistent_regime_alignment,0.2,64,8,5,False,0.0335502681725802,0.4530938123752495,False,False,0.0335502681725802,0.0147965178678098,0.8235974184490567,0.8571476866216369,0.0,0.625,1.0,0.0059478280482199,1.0,1.0,True,True
persistent_regime_alignment,0.2,65,8,4,False,0.0912394044336654,0.1377245508982036,False,False,0.0912394044336654,0.056083499334351,0.7959746002702204,0.8872140047038857,0.25,0.5,1.0,0.0062065541719861,1.0,1.0,True,True
persistent_regime_alignment,0.2,66,8,3,False,0.022038954820969,0.6686626746506986,False,False,0.022038954820969,-0.0070710302301549,0.892194635182541,0.91423359000351,0.0,0.375,1.0,0.0057116199405097,1.0,1.0,True,True
persistent_regime_alignment,0.2,67,8,4,False,0.0478671246226971,0.3852295409181637,False,False,0.0478671246226971,-0.0018631417208929,0.8606541213267136,0.9085212459494107,0.0,0.5,1.0,0.0057262618235511,1.0,1.0,True,True
persistent_regime_alignment,0.2,68,8,5,False,0.0165666164914229,0.5788423153692615,False,False,0.0165666164914229,0.0139857167296594,0.8428696322523679,0.8594362487437909,0.0,0.625,1.0,0.0063574328982911,1.0,1.0,True,True
persistent_regime_alignment,0.2,69,8,0,False,-0.0674227147249348,0.996007984031936,False,False,-0.0674227147249348,-0.0729517076531055,0.9775319922607943,0.9101092775358596,0.0,0.0,1.0,0.0057478233877245,1.0,1.0,True,True
persistent_regime_alignment,0.2,70,8,2,False,0.0035992824858011,0.6846307385229541,False,False,0.0035992824858011,-0.0119568401317809,0.8777613540042981,0.8813606364900992,0.0,0.25,1.0,0.0059717665748994,1.0,1.0,True,True
persistent_regime_alignment,0.2,71,8,5,False,0.0411221710430439,0.4251497005988024,False,False,0.0411221710430439,0.0283432439324543,0.8502625155368029,0.8913846865798468,0.125,0.625,1.0,0.0060161901590603,1.0,1.0,True,True
persistent_regime_alignment,0.2,72,8,4,False,0.0261866784378397,0.5588822355289421,False,False,0.0261866784378397,0.0151199154513103,0.8791293497595819,0.9053160281974216,0.0,0.5,1.0,0.0055225622048578,1.0,1.0,True,True
persistent_regime_alignment,0.2,73,8,2,False,-0.000797614906795,0.7664670658682635,False,False,-0.000797614906795,-0.0445681875239243,0.9035795034472188,0.9027818885404236,0.125,0.25,1.0,0.0057487899221966,1.0,1.0,True,True
persistent_regime_alignment,0.2,74,8,2,False,-0.0122862752188217,0.8403193612774451,False,False,-0.0122862752188217,-0.048099883351184,0.9167660125893542,0.9044797373705324,0.0,0.25,1.0,0.0058294781303965,1.0,1.0,True,True
persistent_regime_alignment,0.2,75,8,4,False,0.1030143688208329,0.1037924151696606,False,False,0.1030143688208329,0.0300314169980673,0.8122964025887411,0.915310771409574,0.25,0.5,1.0,0.0061797544018932,1.0,1.0,True,True
persistent_regime_alignment,0.2,76,8,2,False,0.0112707716527572,0.7365269461077845,False,False,0.0112707716527572,-0.0302267199831755,0.9205015866199642,0.9317723582727216,0.0,0.25,1.0,0.0061638195894586,1.0,1.0,True,True
persistent_regime_alignment,0.2,77,8,3,False,0.0265701322713674,0.564870259481038,False,False,0.0265701322713674,-0.0333251505535678,0.8863561881176998,0.9129263203890672,0.0,0.375,1.0,0.0056742952204055,1.0,1.0,True,True
persistent_regime_alignment,0.2,78,8,5,False,0.1185543806793718,0.0858283433133732,False,False,0.1185543806793718,0.0639952043775154,0.813742545653026,0.9322969263323978,0.125,0.625,1.0,0.0060190773835812,1.0,1.0,True,True
persistent_regime_alignment,0.2,79,8,3,False,-0.0113826306273139,0.8423153692614771,False,False,-0.0113826306273139,-0.0199824675649501,0.9226225534699852,0.9112399228426712,0.0,0.375,1.0,0.0056269728018089,1.0,1.0,True,True
persistent_regime_alignment,0.2,80,8,3,False,-0.0351568654722954,0.9141716566866268,False,False,-0.0351568654722954,-0.0635821941013587,0.9201866548033484,0.8850297893310528,0.0,0.375,1.0,0.0059622917153937,1.0,1.0,True,True
persistent_regime_alignment,0.2,81,8,2,False,-0.0065297250188221,0.812375249500998,False,False,-0.0065297250188221,-0.0259246165314808,0.9020291618767082,0.895499436857886,0.0,0.25,1.0,0.0061076223555395,1.0,1.0,True,True
persistent_regime_alignment,0.2,82,8,3,False,0.0396044350338657,0.4491017964071856,False,False,0.0396044350338657,-0.0330592676380425,0.8662102114278462,0.905814646461712,0.125,0.375,1.0,0.0059307827420269,1.0,1.0,True,True
persistent_regime_alignment,0.2,83,8,7,True,0.178698496969863,0.0039920159680638,True,True,0.178698496969863,0.1608691479667002,0.7300241941017632,0.9087226910716262,0.375,0.875,1.0,0.0060780294387425,1.0,1.0,True,True
persistent_regime_alignment,0.2,84,8,1,False,-0.0539052311030221,0.9760479041916168,False,False,-0.0539052311030221,-0.0721314272809687,0.9331813265923964,0.8792760954893744,0.0,0.125,1.0,0.0064329121824295,1.0,1.0,True,True
persistent_regime_alignment,0.2,85,8,4,False,0.0084840534894433,0.7844311377245509,False,False,0.0084840534894433,-0.0126640093881061,0.9198630988928316,0.9283471523822748,0.0,0.5,1.0,0.0056101293458657,1.0,1.0,True,True
persistent_regime_alignment,0.2,86,8,5,False,0.0769204019745885,0.1916167664670658,False,False,0.0769204019745885,0.0617615486462812,0.8216707087379975,0.898591110712586,0.0,0.625,1.0,0.0062008766017476,1.0,1.0,True,True
persistent_regime_alignment,0.2,87,8,5,False,0.1089802679093409,0.0558882235528942,False,False,0.1089802679093409,0.1154994433467055,0.7420579306198993,0.8510381985292403,0.125,0.625,1.0,0.0059827358878147,1.0,1.0,True,True
persistent_regime_alignment,0.2,88,8,4,False,0.0229426896740119,0.5748502994011976,False,False,0.0229426896740119,0.0185647829340045,0.8634480956337374,0.8863907853077493,0.0,0.5,1.0,0.0057012814166157,1.0,1.0,True,True
persistent_regime_alignment,0.2,89,8,2,False,-0.0111155994977795,0.8502994011976048,False,False,-0.0111155994977795,-0.0274980627884079,0.9227097771478934,0.9115941776501136,0.0,0.25,1.0,0.0058501034431647,1.0,1.0,True,True
persistent_regime_alignment,0.2,90,8,4,False,0.0539465637545506,0.3353293413173652,False,False,0.0539465637545506,-0.0002212384048448,0.836598164929602,0.8905447286841527,0.125,0.5,1.0,0.0055927669625653,1.0,1.0,True,True
persistent_regime_alignment,0.2,91,8,3,False,-0.0244758833083499,0.906187624750499,False,False,-0.0244758833083499,-0.0494387761587765,0.9188212289265004,0.8943453456181505,0.0,0.375,1.0,0.0060468518578109,1.0,1.0,True,True
persistent_regime_alignment,0.2,92,8,2,False,0.017973538204284,0.654690618762475,False,False,0.017973538204284,-0.0252833862160233,0.8896419228930584,0.9076154610973426,0.125,0.25,1.0,0.0059475911468639,1.0,1.0,True,True
persistent_regime_alignment,0.2,93,8,4,False,0.0118792988393974,0.716566866267465,False,False,0.0118792988393974,0.0131771577225118,0.8947460874788176,0.906625386318215,0.125,0.5,1.0,0.0054905824023881,1.0,1.0,True,True
persistent_regime_alignment,0.2,94,8,2,False,-0.0169115618470138,0.8902195608782435,False,False,-0.0169115618470138,-0.0400059061410043,0.9367492749688974,0.9198377131218836,0.125,0.25,1.0,0.0063633873613054,1.0,1.0,True,True
persistent_regime_alignment,0.2,95,8,6,True,0.0635067465136991,0.2235528942115768,False,False,0.0635067465136991,0.0637259868830741,0.7920079364843635,0.8555146829980627,0.0,0.75,1.0,0.0054511206568464,1.0,1.0,True,True
persistent_regime_alignment,0.2,96,8,4,False,0.0497619953648301,0.3872255489021956,False,False,0.0497619953648301,0.0289652263426705,0.8499983117509977,0.8997603071158278,0.0,0.5,1.0,0.0056504181110053,1.0,1.0,True,True
persistent_regime_alignment,0.2,97,8,6,True,0.0240096060105592,0.5129740518962076,False,False,0.0240096060105592,0.0572925174427148,0.8424550502196692,0.8664646562302284,0.0,0.75,1.0,0.0057108740048056,1.0,1.0,True,True
persistent_regime_alignment,0.2,98,8,4,False,0.0662654962177655,0.24750499001996,False,False,0.0662654962177655,0.0419843177848751,0.8126104401321858,0.8788759363499512,0.0,0.5,1.0,0.0058084726552539,1.0,1.0,True,True
persistent_regime_alignment,0.2,99,8,5,False,0.0285713396336147,0.5389221556886228,False,False,0.0285713396336147,0.0120732096894964,0.8636563910031474,0.8922277306367623,0.125,0.625,1.0,0.0057484425018322,1.0,1.0,True,True
persistent_regime_alignment,0.2,100,8,7,True,0.1360428988563551,0.0319361277445109,True,True,0.1360428988563551,0.1120903328295341,0.7716116444719792,0.9076545433283342,0.125,0.875,1.0,0.0059406384620737,1.0,1.0,True,True
persistent_regime_alignment,0.2,101,8,2,False,-0.0106373009323877,0.7924151696606786,False,False,-0.0106373009323877,-0.0253909392115064,0.8903112693219877,0.8796739683896,0.0,0.25,1.0,0.0055346816087371,1.0,1.0,True,True
persistent_regime_alignment,0.2,102,8,4,False,0.0426509023712378,0.5269461077844312,False,False,0.0426509023712378,-0.0048451449836008,0.8974968326639179,0.9401477350351558,0.125,0.5,1.0,0.0058447589447971,1.0,1.0,True,True
persistent_regime_alignment,0.2,103,8,3,False,-0.023717575690955,0.8622754491017964,False,False,-0.023717575690955,-0.0232075512869734,0.9160019308668742,0.8922843551759192,0.0,0.375,1.0,0.0059998675356074,1.0,1.0,True,True
persistent_regime_alignment,0.2,104,8,5,False,0.026176957178673,0.4331337325349301,False,False,0.026176957178673,0.0322257893879541,0.8179535183921547,0.8441304755708278,0.0,0.625,1.0,0.0061415006087811,1.0,1.0,True,True
persistent_regime_alignment,0.2,105,8,3,False,0.0448119287406272,0.3972055888223553,False,False,0.0448119287406272,-0.0067589458561483,0.8306655129802164,0.8754774417208437,0.0,0.375,1.0,0.0054647984710583,1.0,1.0,True,True
persistent_regime_alignment,0.2,106,8,3,False,-0.0075698752852612,0.8323353293413174,False,False,-0.0075698752852612,-0.0185899820221933,0.9100308395759348,0.9024609642906734,0.0,0.375,1.0,0.0058334658978591,1.0,1.0,True,True
persistent_regime_alignment,0.2,107,8,5,False,0.0681138741702849,0.2035928143712574,False,False,0.0681138741702849,0.102203578531312,0.7782236951152552,0.8463375692855402,0.0,0.625,1.0,0.006432743740779,1.0,1.0,True,True
persistent_regime_alignment,0.2,108,8,5,False,0.0439764386553375,0.3912175648702595,False,False,0.0439764386553375,0.0690506333973139,0.8607750775329792,0.9047515161883168,0.0,0.625,1.0,0.0058991508464966,1.0,1.0,True,True
persistent_regime_alignment,0.2,109,8,3,False,-0.0169884060708048,0.812375249500998,False,False,-0.0169884060708048,-0.0534513388521331,0.8946988537939133,0.8777104477231086,0.0,0.375,1.0,0.0064488152770699,1.0,1.0,True,True
persistent_regime_alignment,0.2,110,8,3,False,0.0360435709521956,0.5848303393213573,False,False,0.0360435709521956,-0.0112003450476406,0.9094959045055812,0.9455394754577768,0.125,0.375,1.0,0.0056953375810698,1.0,1.0,True,True
persistent_regime_alignment,0.2,111,8,5,False,0.0464096145097959,0.3712574850299401,False,False,0.0464096145097959,0.0528337162206572,0.8314960861037052,0.8779057006135011,0.0,0.625,1.0,0.0057728333599485,1.0,1.0,True,True
persistent_regime_alignment,0.2,112,8,7,True,0.1586449204994938,0.0179640718562874,True,True,0.1586449204994938,0.1677120214979598,0.7602010483786708,0.9188459688781644,0.125,0.875,1.0,0.0061429143972106,1.0,1.0,True,True
persistent_regime_alignment,0.2,113,8,5,False,0.0683878006399241,0.3393213572854291,False,False,0.0683878006399241,0.0915612344050412,0.855535327094079,0.923923127734003,0.0,0.625,1.0,0.0058800023906818,1.0,1.0,True,True
persistent_regime_alignment,0.2,114,8,4,False,0.071024679225189,0.1976047904191616,False,False,0.071024679225189,0.0060140012096271,0.8223436211484557,0.8933683003736448,0.125,0.5,1.0,0.005909306925058,1.0,1.0,True,True
persistent_regime_alignment,0.2,115,8,5,False,0.075392307346487,0.1956087824351297,False,False,0.075392307346487,0.0653670684146867,0.7968829627605045,0.8722752701069916,0.0,0.625,1.0,0.0056861911250233,1.0,1.0,True,True
persistent_regime_alignment,0.2,116,8,3,False,0.0033455669248646,0.5868263473053892,False,False,0.0033455669248646,-0.0108652029093037,0.8195967722622699,0.8229423391871346,0.125,0.375,1.0,0.0058727192135706,1.0,1.0,True,True
persistent_regime_alignment,0.2,117,8,4,False,0.0458206610371022,0.5029940119760479,False,False,0.0458206610371022,0.0257076079919947,0.8913317659520745,0.9371524269891768,0.0,0.5,1.0,0.0061459287992766,1.0,1.0,True,True
persistent_regime_alignment,0.2,118,8,6,True,0.0229765563503652,0.5209580838323353,False,False,0.0229765563503652,0.0442694892664941,0.8431993920385195,0.8661759483888848,0.0,0.75,1.0,0.0060133017929803,1.0,1.0,True,True
persistent_regime_alignment,0.2,119,8,0,False,-0.0902450886422954,1.0,False,False,-0.0902450886422954,-0.0821758727380159,0.9794503776667948,0.8892052890244992,0.0,0.0,1.0,0.00585875082146,1.0,1.0,True,True
persistent_regime_alignment,0.2,120,8,1,False,-0.0676182392076584,0.9920159680638724,False,False,-0.0676182392076584,-0.0425758652098717,0.9491985790646448,0.8815803398569861,0.0,0.125,1.0,0.0065139986910983,1.0,1.0,True,True
persistent_regime_alignment,0.2,121,8,5,False,0.1284844354003896,0.0359281437125748,True,False,0.1284844354003896,0.1368885951111777,0.790090938451697,0.9185753738520868,0.25,0.625,1.0,0.0062077066441429,1.0,1.0,True,True
persistent_regime_alignment,0.2,122,8,6,True,0.0531794978711668,0.4391217564870259,False,False,0.0531794978711668,0.020575459850832,0.8606193258643304,0.9137988237354971,0.0,0.75,1.0,0.0059285471875756,1.0,1.0,True,True
persistent_regime_alignment,0.2,123,8,3,False,-0.0140783671902067,0.8363273453093812,False,False,-0.0140783671902067,-0.0362394143250862,0.8920271689994352,0.8779488018092285,0.0,0.375,1.0,0.0052843060021083,1.0,1.0,True,True
persistent_regime_alignment,0.2,124,8,5,False,0.0311483405661262,0.5249500998003992,False,False,0.0311483405661262,0.0113521678264214,0.8666515982998587,0.897799938865985,0.0,0.625,1.0,0.0059801886877726,1.0,1.0,True,True
persistent_regime_alignment,0.2,125,8,4,False,0.0248020087544298,0.6167664670658682,False,False,0.0248020087544298,0.021213803329726,0.871515184134972,0.8963171928894018,0.0,0.5,1.0,0.0060124966048172,1.0,1.0,True,True
persistent_regime_alignment,0.2,126,8,3,False,0.0053721384902477,0.6526946107784432,False,False,0.0053721384902477,-0.0174569825791919,0.8571443728831505,0.8625165113733981,0.0,0.375,1.0,0.0057501981919394,1.0,1.0,True,True
persistent_regime_alignment,0.2,127,8,1,False,-0.0561700697545505,0.9441117764471058,False,False,-0.0561700697545505,-0.0867123926500351,0.916808982312372,0.8606389125578214,0.0,0.125,1.0,0.0059849397220661,1.0,1.0,True,True
persistent_regime_alignment,0.2,128,8,5,False,0.0677620831967031,0.2574850299401197,False,False,0.0677620831967031,0.0346817034545892,0.826849873583535,0.8946119567802381,0.125,0.625,1.0,0.0060868914641945,1.0,1.0,True,True
persistent_regime_alignment,0.2,129,8,4,False,0.0824721291215686,0.1896207584830339,False,False,0.0824721291215686,0.0477370071999918,0.8313386160498303,0.9138107451713988,0.125,0.5,1.0,0.0058859999305466,1.0,1.0,True,True
persistent_regime_alignment,0.2,130,8,3,False,0.0663118694922723,0.2914171656686626,False,False,0.0663118694922723,-0.0277434599273578,0.8451360535388075,0.9114479230310796,0.125,0.375,1.0,0.0061063841425744,1.0,1.0,True,True
persistent_regime_alignment,0.2,131,8,2,False,-0.0210979815448919,0.8862275449101796,False,False,-0.0210979815448919,-0.0316752337196571,0.923584887332402,0.90248690578751,0.0,0.25,1.0,0.0060550606181374,1.0,1.0,True,True
persistent_regime_alignment,0.2,132,8,6,True,0.1374532202077301,0.0179640718562874,True,True,0.1374532202077301,0.1632452884411339,0.735412950503725,0.8728661707114552,0.125,0.75,1.0,0.006025407854976,1.0,1.0,True,True
persistent_regime_alignment,0.2,133,8,2,False,-0.003283275458244,0.7764471057884231,False,False,-0.003283275458244,-0.0358505534443038,0.908774223948338,0.905490948490094,0.0,0.25,1.0,0.0056218672770117,1.0,1.0,True,True
persistent_regime_alignment,0.2,134,8,7,True,0.103316210792925,0.0878243512974051,False,False,0.103316210792925,0.1369398097706172,0.7926056567460766,0.8959218675390017,0.0,0.875,1.0,0.0056291238968087,1.0,1.0,True,True
persistent_regime_alignment,0.2,135,8,3,False,0.0027844728344054,0.7365269461077845,False,False,0.0027844728344054,-0.0286856841106373,0.8993820883881564,0.9021665612225618,0.125,0.375,1.0,0.0059238940252321,1.0,1.0,True,True
persistent_regime_alignment,0.2,136,8,6,True,0.0994587106121437,0.1337325349301397,False,False,0.0994587106121437,0.0877340562897657,0.8179127667554765,0.9173714773676204,0.0,0.75,1.0,0.0061595096496976,1.0,1.0,True,True
persistent_regime_alignment,0.2,137,8,2,False,-0.0029806660625399,0.7624750499001997,False,False,-0.0029806660625399,-0.0248927644844311,0.8992175985668531,0.8962369325043131,0.0,0.25,1.0,0.0061735572969892,1.0,1.0,True,True
persistent_regime_alignment,0.2,138,8,3,False,0.0416660324375245,0.437125748502994,False,False,0.0416660324375245,-0.0109251360957514,0.8515356739155833,0.8932017063531079,0.125,0.375,1.0,0.0057122552897538,1.0,1.0,True,True
persistent_regime_alignment,0.2,139,8,3,False,-0.0108446034006278,0.812375249500998,False,False,-0.0108446034006278,-0.016588011692906,0.902822447514423,0.8919778441137951,0.0,0.375,1.0,0.0057793680441815,1.0,1.0,True,True
persistent_regime_alignment,0.2,140,8,4,False,0.0131836502437688,0.6606786427145709,False,False,0.0131836502437688,0.0083726894429885,0.8858035393322659,0.8989871895760347,0.0,0.5,1.0,0.0057581846227455,1.0,1.0,True,True
persistent_regime_alignment,0.2,141,8,3,False,0.008159417762348,0.6626746506986028,False,False,0.008159417762348,-0.0237002276749818,0.8809412391609799,0.889100656923328,0.0,0.375,1.0,0.0054405765836274,1.0,1.0,True,True
persistent_regime_alignment,0.2,142,8,3,False,-0.0214403986259058,0.8982035928143712,False,False,-0.0214403986259058,-0.0159437933010802,0.9267254838691612,0.9052850852432552,0.0,0.375,1.0,0.0056630570021983,1.0,1.0,True,True
persistent_regime_alignment,0.2,143,8,6,True,0.0851367771868093,0.1696606786427145,False,False,0.0851367771868093,0.0845041760579254,0.7990123594349197,0.8841491366217289,0.0,0.75,1.0,0.0053611450550437,1.0,1.0,True,True
persistent_regime_alignment,0.2,144,8,4,False,0.0563658956995917,0.3333333333333333,False,False,0.0563658956995917,0.032719699056335,0.8455107661947415,0.9018766618943332,0.125,0.5,1.0,0.0061361405843609,1.0,1.0,True,True
persistent_regime_alignment,0.2,145,8,5,False,0.1070503085562409,0.0698602794411177,False,False,0.1070503085562409,0.1219761728644731,0.7493201413626409,0.8563704499188819,0.25,0.625,1.0,0.0058253351350555,1.0,1.0,True,True
persistent_regime_alignment,0.2,146,8,5,False,0.0500782518116434,0.2714570858283433,False,False,0.0500782518116434,0.0579084164065514,0.7960050316987309,0.8460832835103743,0.0,0.625,1.0,0.0058178130198408,1.0,1.0,True,True
persistent_regime_alignment,0.2,147,8,4,False,0.0549721591383963,0.3373253493013972,False,False,0.0549721591383963,0.0319219824359821,0.845689740437437,0.9006618995758333,0.125,0.5,1.0,0.0057165586115728,1.0,1.0,True,True
persistent_regime_alignment,0.2,148,8,4,False,0.0394315492654413,0.4431137724550898,False,False,0.0394315492654413,-0.0007666238324907,0.8651239315987644,0.9045554808642056,0.0,0.5,1.0,0.005674018222274,1.0,1.0,True,True
persistent_regime_alignment,0.2,149,8,4,False,0.034699179286956,0.437125748502994,False,False,0.034699179286956,-0.0149602337200303,0.8474753550578924,0.8821745343448484,0.0,0.5,1.0,0.0061327019263768,1.0,1.0,True,True
persistent_regime_alignment,0.4,0,8,5,False,0.0523236901784837,0.1437125748502994,False,False,0.0523236901784837,0.0255071248474744,0.6705722880925642,0.722895978271048,0.125,0.625,1.0,0.007480677687973,1.0,1.0,True,True
persistent_regime_alignment,0.4,1,8,3,False,0.0458333856950268,0.1816367265469061,False,False,0.0458333856950268,-0.0273451623029522,0.6892051822391292,0.735038567934156,0.0,0.375,1.0,0.0073234652372998,1.0,1.0,True,True
persistent_regime_alignment,0.4,2,8,3,False,-0.0191682842852723,0.6027944111776448,False,False,-0.0191682842852723,-0.0598001795694998,0.7044938485484404,0.685325564263168,0.0,0.375,1.0,0.0092405071471615,1.0,1.0,True,True
persistent_regime_alignment,0.4,3,8,2,False,-0.0147697679374089,0.5688622754491018,False,False,-0.0147697679374089,-0.0490344634581747,0.7148957978776885,0.7001260299402797,0.125,0.25,1.0,0.0097875280052319,1.0,1.0,True,True
persistent_regime_alignment,0.4,4,8,7,True,0.1266104148591361,0.0099800399201596,True,True,0.1266104148591361,0.1734476062324652,0.5857458745659376,0.7123562894250737,0.375,0.875,1.0,0.0081330687220853,1.0,1.0,True,True
persistent_regime_alignment,0.4,5,8,4,False,-0.0248221646640615,0.7005988023952096,False,False,-0.0248221646640615,-0.0506234602880897,0.7059939880713638,0.6811718234073022,0.0,0.5,1.0,0.0086428548491628,1.0,1.0,True,True
persistent_regime_alignment,0.4,6,8,4,False,0.0411805470147647,0.24750499001996,False,False,0.0411805470147647,0.0116392842446749,0.7331057352824966,0.7742862822972613,0.0,0.5,1.0,0.0075880357715318,1.0,1.0,True,True
persistent_regime_alignment,0.4,7,8,6,True,0.0702867530322393,0.0838323353293413,False,False,0.0702867530322393,0.0744349170752495,0.635875914323652,0.7061626673558913,0.125,0.75,1.0,0.0075826286514545,1.0,1.0,True,True
persistent_regime_alignment,0.4,8,8,3,False,-0.0516091769695906,0.8403193612774451,False,False,-0.0516091769695906,-0.0379995302750039,0.7136945168651339,0.6620853398955432,0.0,0.375,1.0,0.0069399481664803,1.0,1.0,True,True
persistent_regime_alignment,0.4,9,8,6,True,0.1182903935399018,0.0139720558882235,True,True,0.1182903935399018,0.1301573398302788,0.6289495825081575,0.7472399760480593,0.25,0.75,1.0,0.0089860901544978,1.0,1.0,True,True
persistent_regime_alignment,0.4,10,8,6,True,0.0639536290942661,0.1277445109780439,False,False,0.0639536290942661,0.0816167442422859,0.6776489315730094,0.7416025606672756,0.0,0.75,1.0,0.0083404638446225,1.0,1.0,True,True
persistent_regime_alignment,0.4,11,8,5,False,0.0498255434709511,0.1457085828343313,False,False,0.0498255434709511,0.0493718099553881,0.6349909573912644,0.6848165008622156,0.0,0.625,1.0,0.0077164365092668,1.0,1.0,True,True
persistent_regime_alignment,0.4,12,8,4,False,0.0537862832125505,0.1377245508982036,False,False,0.0537862832125505,0.0147340585438174,0.6102077495680354,0.6639940327805859,0.25,0.5,1.0,0.007658439746126,1.0,1.0,True,True
persistent_regime_alignment,0.4,13,8,7,True,0.116905171385197,0.0219560878243512,True,True,0.116905171385197,0.1073794448606214,0.6471784675162209,0.7640836389014178,0.125,0.875,1.0,0.0078903567302512,1.0,1.0,True,True
persistent_regime_alignment,0.4,14,8,4,False,0.0004129393339758,0.4810379241516966,False,False,0.0004129393339758,0.0014580850287443,0.7290323234811853,0.7294452628151611,0.0,0.5,1.0,0.0092599365986196,1.0,1.0,True,True
persistent_regime_alignment,0.4,15,8,3,False,0.0095821023835633,0.4071856287425149,False,False,0.0095821023835633,-0.0658780277112378,0.6815626472863818,0.6911447496699452,0.125,0.375,1.0,0.0078781593429698,1.0,1.0,True,True
persistent_regime_alignment,0.4,16,8,2,False,-0.1439757719128073,1.0,False,False,-0.1439757719128073,-0.1851026330161114,0.8791734302752876,0.7351976583624802,0.0,0.25,1.0,0.0078204568697311,1.0,1.0,True,True
persistent_regime_alignment,0.4,17,8,1,False,-0.1320248318978551,0.996007984031936,False,False,-0.1320248318978551,-0.1783988214632312,0.8305035852737461,0.6984787533758909,0.0,0.125,1.0,0.008447054966306,1.0,1.0,True,True
persistent_regime_alignment,0.4,18,8,5,False,0.0794218104674058,0.0518962075848303,False,False,0.0794218104674058,0.0741710758167279,0.6258892949526295,0.7053111054200354,0.25,0.625,1.0,0.0074073866239398,1.0,1.0,True,True
persistent_regime_alignment,0.4,19,8,3,False,-0.0229370056577031,0.6806387225548902,False,False,-0.0229370056577031,-0.0258213053491108,0.7458630377279317,0.7229260320702287,0.0,0.375,1.0,0.0082433741782334,1.0,1.0,True,True
persistent_regime_alignment,0.4,20,8,6,True,0.1070516718386473,0.029940119760479,True,True,0.1070516718386473,0.1076493148423377,0.6287524033582488,0.7358040751968961,0.125,0.75,1.0,0.0079251652644153,1.0,1.0,True,True
persistent_regime_alignment,0.4,21,8,5,False,-0.0012765596303019,0.5828343313373253,False,False,-0.0012765596303019,0.0351249674466469,0.8101681241931555,0.8088915645628535,0.0,0.625,1.0,0.0088988391057539,1.0,1.0,True,True
persistent_regime_alignment,0.4,22,8,4,False,-0.0694187912744989,0.940119760479042,False,False,-0.0694187912744989,-0.0449796002222339,0.8016756747486145,0.7322568834741154,0.0,0.5,1.0,0.0097825916789524,1.0,1.0,True,True
persistent_regime_alignment,0.4,23,8,7,True,0.1174665785620577,0.0139720558882235,True,True,0.1174665785620577,0.1344820367161814,0.6050717379191456,0.7225383164812034,0.25,0.875,1.0,0.0077367474059985,1.0,1.0,True,True
persistent_regime_alignment,0.4,24,8,3,False,-0.0552346058253381,0.8363273453093812,False,False,-0.0552346058253381,-0.0463389646478148,0.7392413520361816,0.6840067462108432,0.0,0.375,1.0,0.0093274870265568,1.0,1.0,True,True
persistent_regime_alignment,0.4,25,8,4,False,-0.0313261655233679,0.7285429141716567,False,False,-0.0313261655233679,0.0042285463219419,0.7124040262393891,0.681077860716021,0.0,0.5,1.0,0.0089430135525495,1.0,1.0,True,True
persistent_regime_alignment,0.4,26,8,7,True,0.0925935617908409,0.029940119760479,True,True,0.0925935617908409,0.0267992629354402,0.589578486903057,0.6821720486938979,0.0,0.875,1.0,0.0083281779324214,1.0,1.0,True,True
persistent_regime_alignment,0.4,27,8,8,True,0.150809968999648,0.0019960079840319,True,True,0.150809968999648,0.1484772239495993,0.5087661445593741,0.6595761135590221,0.125,1.0,1.0,0.0074552991506632,1.0,1.0,True,True
persistent_regime_alignment,0.4,28,8,5,False,0.0560005371676925,0.1576846307385229,False,False,0.0560005371676925,0.0704772525841161,0.6948953382305311,0.7508958753982236,0.125,0.625,1.0,0.0087269969390676,1.0,1.0,True,True
persistent_regime_alignment,0.4,29,8,5,False,-0.0216272507883607,0.6307385229540918,False,False,-0.0216272507883607,0.0268677649400876,0.7175421070744243,0.6959148562860635,0.0,0.625,1.0,0.0084605029740581,1.0,1.0,True,True
persistent_regime_alignment,0.4,30,8,4,False,-0.0381481613428208,0.8063872255489022,False,False,-0.0381481613428208,-0.0469655018132026,0.7422353274225892,0.7040871660797684,0.0,0.5,1.0,0.0083939781844949,1.0,1.0,True,True
persistent_regime_alignment,0.4,31,8,6,True,0.0574397765566084,0.1197604790419161,False,False,0.0574397765566084,0.0675959741183965,0.6518466578592433,0.7092864344158518,0.25,0.75,1.0,0.0071599508028507,1.0,1.0,True,True
persistent_regime_alignment,0.4,32,8,5,False,0.019240827912541,0.373253493013972,False,False,0.019240827912541,0.0077931086170016,0.7271002648791574,0.7463410927916985,0.0,0.625,1.0,0.0087757403237736,1.0,1.0,True,True
persistent_regime_alignment,0.4,33,8,3,False,-0.0112643526186396,0.5868263473053892,False,False,-0.0112643526186396,-0.0034908760099749,0.7177369499889601,0.7064725973703205,0.0,0.375,1.0,0.0083108803779218,1.0,1.0,True,True
persistent_regime_alignment,0.4,34,8,3,False,0.003743448465827,0.4590818363273453,False,False,0.003743448465827,-0.0146393889508642,0.6696865504061242,0.6734299988719513,0.0,0.375,1.0,0.0075328494166114,1.0,1.0,True,True
persistent_regime_alignment,0.4,35,8,5,False,0.0574495375014401,0.1097804391217564,False,False,0.0574495375014401,0.078270832925909,0.6335985189975641,0.6910480564990042,0.25,0.625,1.0,0.007654581242593,1.0,1.0,True,True
persistent_regime_alignment,0.4,36,8,3,False,-0.0329373839528911,0.720558882235529,False,False,-0.0329373839528911,-0.0421558395435593,0.7120176984942228,0.6790803145413317,0.0,0.375,1.0,0.0094341128309507,1.0,1.0,True,True
persistent_regime_alignment,0.4,37,8,2,False,-0.108143579760004,0.9720558882235528,False,False,-0.108143579760004,-0.1708669230870446,0.7750153583361211,0.6668717785761171,0.0,0.25,1.0,0.0096513757348449,1.0,1.0,True,True
persistent_regime_alignment,0.4,38,8,5,False,0.09764864030254,0.0419161676646706,True,False,0.09764864030254,0.0939309952871632,0.6338073837639374,0.7314560240664774,0.0,0.625,1.0,0.0074098978090605,1.0,1.0,True,True
persistent_regime_alignment,0.4,39,8,4,False,-0.0434663568618659,0.7425149700598802,False,False,-0.0434663568618659,-0.0098973879106257,0.710761532883931,0.6672951760220651,0.0,0.5,1.0,0.0093101583650351,1.0,1.0,True,True
persistent_regime_alignment,0.4,40,8,4,False,-0.005980025676848,0.5349301397205589,False,False,-0.005980025676848,-0.0106301193795513,0.72302401608014,0.7170439904032919,0.0,0.5,1.0,0.0078790609851974,1.0,1.0,True,True
persistent_regime_alignment,0.4,41,8,4,False,-0.0084920413207963,0.5149700598802395,False,False,-0.0084920413207963,0.0039916394574188,0.672580493065869,0.6640884517450725,0.125,0.5,1.0,0.0113206596533939,1.0,1.0,True,True
persistent_regime_alignment,0.4,42,8,6,True,0.083284973671922,0.0558882235528942,False,False,0.083284973671922,0.0527086639395549,0.6334182643592133,0.7167032380311354,0.25,0.75,1.0,0.0079324036122653,1.0,1.0,True,True
persistent_regime_alignment,0.4,43,8,5,False,0.01946246930539,0.3632734530938123,False,False,0.01946246930539,0.0318982760402746,0.691956900275462,0.7114193695808521,0.0,0.625,1.0,0.008269387745116,1.0,1.0,True,True
persistent_regime_alignment,0.4,44,8,0,False,-0.0834341703900571,0.9540918163672656,False,False,-0.0834341703900571,-0.0708891091990026,0.7593930230332665,0.6759588526432094,0.0,0.0,1.0,0.008047321373483,1.0,1.0,True,True
persistent_regime_alignment,0.4,45,8,5,False,0.0639335479870915,0.1257485029940119,False,False,0.0639335479870915,0.0666353788153236,0.6378072197510513,0.7017407677381429,0.125,0.625,1.0,0.0074407449092671,1.0,1.0,True,True
persistent_regime_alignment,0.4,46,8,5,False,0.0250294290450098,0.3013972055888224,False,False,0.0250294290450098,0.0139000928504899,0.691590971010123,0.7166204000551328,0.25,0.625,1.0,0.0077104368880163,1.0,1.0,True,True
persistent_regime_alignment,0.4,47,8,5,False,0.0465337261092314,0.1696606786427145,False,False,0.0465337261092314,0.0244171402484126,0.6355743153640419,0.6821080414732732,0.125,0.625,1.0,0.0088712019908018,1.0,1.0,True,True
persistent_regime_alignment,0.4,48,8,4,False,-0.0152221401737884,0.5968063872255489,False,False,-0.0152221401737884,-0.0050709979978554,0.7056670112552654,0.6904448710814769,0.0,0.5,1.0,0.0080490266787839,1.0,1.0,True,True
persistent_regime_alignment,0.4,49,8,7,True,0.0500294541064706,0.1816367265469061,False,False,0.0500294541064706,0.0724052712082189,0.7315275917897224,0.781557045896193,0.125,0.875,1.0,0.0072496216705773,1.0,1.0,True,True
persistent_regime_alignment,0.4,50,8,4,False,0.008797388754568,0.4750499001996008,False,False,0.008797388754568,0.0190031565205963,0.7585118030024647,0.7673091917570328,0.0,0.5,1.0,0.0082531018599359,1.0,1.0,True,True
persistent_regime_alignment,0.4,51,8,6,True,0.0347088946274994,0.2594810379241516,False,False,0.0347088946274994,0.0329401682275036,0.6823654599911403,0.7170743546186397,0.0,0.75,1.0,0.008679405466536,1.0,1.0,True,True
persistent_regime_alignment,0.4,52,8,6,True,0.0660221195024025,0.0978043912175648,False,False,0.0660221195024025,0.0626267238104926,0.6833727969887042,0.7493949164911067,0.0,0.75,1.0,0.0098664107729455,1.0,1.0,True,True
persistent_regime_alignment,0.4,53,8,6,True,0.0300027568950556,0.2315369261477046,False,False,0.0300027568950556,0.0380225172222,0.6737699841557965,0.7037727410508522,0.125,0.75,1.0,0.0093461565332597,1.0,1.0,True,True
persistent_regime_alignment,0.4,54,8,5,False,0.0034865228621212,0.4411177644710579,False,False,0.0034865228621212,0.0274612551629002,0.7112642081971969,0.7147507310593182,0.0,0.625,1.0,0.0096499206090324,1.0,1.0,True,True
persistent_regime_alignment,0.4,55,8,5,False,-0.0084250319639757,0.564870259481038,False,False,-0.0084250319639757,0.0261859676911306,0.6674122054543016,0.6589871734903258,0.0,0.625,1.0,0.0066644792237901,1.0,1.0,True,True
persistent_regime_alignment,0.4,56,8,5,False,0.0462497921886789,0.1616766467065868,False,False,0.0462497921886789,0.0404446380114205,0.6611146056435616,0.7073643978322406,0.125,0.625,1.0,0.0075524284474814,1.0,1.0,True,True
persistent_regime_alignment,0.4,57,8,2,False,-0.0830707995130017,0.9580838323353292,False,False,-0.0830707995130017,-0.0684971070114482,0.7809100580502084,0.6978392585372066,0.0,0.25,1.0,0.0077102451784036,1.0,1.0,True,True
persistent_regime_alignment,0.4,58,8,5,False,-0.0059623620622714,0.5389221556886228,False,False,-0.0059623620622714,0.0278796123843283,0.7031111551853297,0.6971487931230582,0.0,0.625,1.0,0.0087265395472086,1.0,1.0,True,True
persistent_regime_alignment,0.4,59,8,3,False,0.062808021970019,0.1217564870259481,False,False,0.062808021970019,-0.0234632220397464,0.6444029287295496,0.7072109506995686,0.25,0.375,1.0,0.0075887319301074,1.0,1.0,True,True
persistent_regime_alignment,0.4,60,8,2,False,-0.0728742767399567,0.9021956087824352,False,False,-0.0728742767399567,-0.0725211396926343,0.8020237819866844,0.7291495052467278,0.0,0.25,1.0,0.0079052515607707,1.0,1.0,True,True
persistent_regime_alignment,0.4,61,8,4,False,0.0439684919875797,0.2335329341317365,False,False,0.0439684919875797,0.024944809655326,0.677246206230562,0.7212146982181417,0.125,0.5,1.0,0.0084317176039633,1.0,1.0,True,True
persistent_regime_alignment,0.4,62,8,6,True,0.0333646112604123,0.2275449101796407,False,False,0.0333646112604123,0.0606809189418812,0.6580517994139516,0.6914164106743641,0.0,0.75,1.0,0.0094853828193828,1.0,1.0,True,True
persistent_regime_alignment,0.4,63,8,4,False,0.0087558675814582,0.4331337325349301,False,False,0.0087558675814582,0.0077559893563938,0.7009131504140002,0.7096690179954583,0.125,0.5,1.0,0.0088039421176445,1.0,1.0,True,True
persistent_regime_alignment,0.4,64,8,4,False,0.0054036562979266,0.4451097804391217,False,False,0.0054036562979266,-0.0211745433389385,0.7193783143330574,0.7247819706309839,0.125,0.5,1.0,0.0090592242565981,1.0,1.0,True,True
persistent_regime_alignment,0.4,65,8,2,False,-0.0288930379558026,0.6926147704590818,False,False,-0.0288930379558026,-0.0856704738318633,0.7645322004847629,0.7356391625289602,0.0,0.25,1.0,0.00833268880774,1.0,1.0,True,True
persistent_regime_alignment,0.4,66,8,6,True,0.0195774807113055,0.3453093812375249,False,False,0.0195774807113055,0.0407568094334355,0.7080903499166398,0.7276678306279454,0.0,0.75,1.0,0.0069352445249085,1.0,1.0,True,True
persistent_regime_alignment,0.4,67,8,2,False,-0.0364980944787497,0.6946107784431138,False,False,-0.0364980944787497,-0.0530450912342235,0.7294647197146127,0.692966625235863,0.0,0.25,1.0,0.0081445986885013,1.0,1.0,True,True
persistent_regime_alignment,0.4,68,8,4,False,0.0141603440857634,0.3932135728542914,False,False,0.0141603440857634,0.0247125757164801,0.6821224110882336,0.696282755173997,0.0,0.5,1.0,0.0098537803473974,1.0,1.0,True,True
persistent_regime_alignment,0.4,69,8,5,False,0.0692584214551993,0.0658682634730539,False,False,0.0692584214551993,0.0925355280920582,0.6040482665584006,0.6733066880136,0.125,0.625,1.0,0.0087482674583472,1.0,1.0,True,True
persistent_regime_alignment,0.4,70,8,4,False,-0.0038672443614018,0.4930139720558882,False,False,-0.0038672443614018,0.0045468270331363,0.6543301006481648,0.6504628562867629,0.0,0.5,1.0,0.0061960278481835,1.0,1.0,True,True
persistent_regime_alignment,0.4,71,8,5,False,0.0598289701076303,0.1536926147704591,False,False,0.0598289701076303,0.0569960122603448,0.7289794608560751,0.7888084309637053,0.125,0.625,1.0,0.0082648216603531,1.0,1.0,True,True
persistent_regime_alignment,0.4,72,8,6,True,0.0599289655812491,0.1656686626746507,False,False,0.0599289655812491,0.0597483981087754,0.7235154273897043,0.7834443929709535,0.0,0.75,1.0,0.0091816057009736,1.0,1.0,True,True
persistent_regime_alignment,0.4,73,8,2,False,-0.048387847817651,0.812375249500998,False,False,-0.048387847817651,-0.0822232947051713,0.7836500570425657,0.7352622092249147,0.0,0.25,1.0,0.0080933658752965,1.0,1.0,True,True
persistent_regime_alignment,0.4,74,8,5,False,0.0553765758023983,0.0958083832335329,False,False,0.0553765758023983,0.0969819634511715,0.6275509726082602,0.6829275484106586,0.0,0.625,1.0,0.0081234309538182,1.0,1.0,True,True
persistent_regime_alignment,0.4,75,8,5,False,0.0019118882720702,0.4411177644710579,False,False,0.0019118882720702,0.0470715328478216,0.6794339331535464,0.6813458214256165,0.125,0.625,1.0,0.0091705031441514,1.0,1.0,True,True
persistent_regime_alignment,0.4,76,8,2,False,-0.1105310354572923,0.9760479041916168,False,False,-0.1105310354572923,-0.1312982094048661,0.8180048338703245,0.7074737984130322,0.0,0.25,1.0,0.0090884791265136,1.0,1.0,True,True
persistent_regime_alignment,0.4,77,8,4,False,0.0107220404831777,0.4431137724550898,False,False,0.0107220404831777,0.0556219876698262,0.7169697867295712,0.7276918272127489,0.0,0.5,1.0,0.007307395511346,1.0,1.0,True,True
persistent_regime_alignment,0.4,78,8,7,True,0.1673947887881297,0.0019960079840319,True,True,0.1673947887881297,0.2061236853336104,0.5524368597909959,0.7198316485791256,0.125,0.875,1.0,0.0083297596315056,1.0,1.0,True,True
persistent_regime_alignment,0.4,79,8,5,False,-0.0047393937878122,0.5169660678642715,False,False,-0.0047393937878122,0.0418226471392119,0.6646662717031737,0.6599268779153615,0.0,0.625,1.0,0.0077722253717415,1.0,1.0,True,True
persistent_regime_alignment,0.4,80,8,4,False,-0.0303303913261835,0.7085828343313373,False,False,-0.0303303913261835,0.0072834838027752,0.7511961881039488,0.7208657967777652,0.0,0.5,1.0,0.0072232555146302,1.0,1.0,True,True
persistent_regime_alignment,0.4,81,8,7,True,0.0866179230443281,0.0518962075848303,False,False,0.0866179230443281,0.07014534944612,0.628731297499356,0.7153492205436841,0.0,0.875,1.0,0.0089232308195829,1.0,1.0,True,True
persistent_regime_alignment,0.4,82,8,4,False,0.0353991281507301,0.2335329341317365,False,False,0.0353991281507301,0.0183234566951311,0.6828759068663739,0.7182750350171041,0.125,0.5,1.0,0.008395058877603,1.0,1.0,True,True
persistent_regime_alignment,0.4,83,8,5,False,0.0702815159160207,0.0858283433133732,False,False,0.0702815159160207,0.0652218566436842,0.6646862852483653,0.734967801164386,0.25,0.625,1.0,0.009663088789603,1.0,1.0,True,True
persistent_regime_alignment,0.4,84,8,2,False,-0.0071367375998249,0.5868263473053892,False,False,-0.0071367375998249,-0.0177220628185477,0.7342237974954406,0.7270870598956157,0.125,0.25,1.0,0.0087567988089096,1.0,1.0,True,True
persistent_regime_alignment,0.4,85,8,4,False,-0.0145000760138124,0.5868263473053892,False,False,-0.0145000760138124,-0.0153723748842304,0.702875079050005,0.6883750030361926,0.125,0.5,1.0,0.0082926086727998,1.0,1.0,True,True
persistent_regime_alignment,0.4,86,8,6,True,0.015141753153044,0.3153692614770459,False,False,0.015141753153044,0.0081407956144919,0.6643959261290149,0.6795376792820589,0.0,0.75,1.0,0.0079260819136603,1.0,1.0,True,True
persistent_regime_alignment,0.4,87,8,5,False,0.0460051791053824,0.1996007984031936,False,False,0.0460051791053824,0.0601621002548474,0.6849556457557295,0.7309608248611119,0.125,0.625,1.0,0.0078327949746964,1.0,1.0,True,True
persistent_regime_alignment,0.4,88,8,2,False,-0.0308142604494833,0.7105788423153693,False,False,-0.0308142604494833,-0.0672602670090358,0.7300456784882057,0.6992314180387225,0.0,0.25,1.0,0.0081418569045569,1.0,1.0,True,True
persistent_regime_alignment,0.4,89,8,7,True,0.0656772363681365,0.1137724550898203,False,False,0.0656772363681365,0.0521606466339407,0.6628067276702656,0.7284839640384022,0.0,0.875,1.0,0.008042194091142,1.0,1.0,True,True
persistent_regime_alignment,0.4,90,8,3,False,0.0091809805371876,0.4191616766467065,False,False,0.0091809805371876,-0.0538332089440998,0.6811508008491475,0.6903317813863352,0.125,0.375,1.0,0.0076129063656062,1.0,1.0,True,True
persistent_regime_alignment,0.4,91,8,5,False,0.0318750784270219,0.2594810379241516,False,False,0.0318750784270219,0.0123180330213367,0.6920338839773796,0.7239089624044015,0.125,0.625,1.0,0.0083804578493906,1.0,1.0,True,True
persistent_regime_alignment,0.4,92,8,4,False,0.0146607072071867,0.405189620758483,False,False,0.0146607072071867,0.00427443411021,0.7140268795201263,0.728687586727313,0.0,0.5,1.0,0.0072666130252782,1.0,1.0,True,True
persistent_regime_alignment,0.4,93,8,3,False,-0.0242286067581386,0.626746506986028,False,False,-0.0242286067581386,-0.0755859618262619,0.716746562879519,0.6925179561213802,0.0,0.375,1.0,0.0073447569476657,1.0,1.0,True,True
persistent_regime_alignment,0.4,94,8,4,False,0.0755377262856604,0.0658682634730539,False,False,0.0755377262856604,0.0581839568684128,0.6461044933517628,0.7216422196374231,0.25,0.5,1.0,0.0081719365828077,1.0,1.0,True,True
persistent_regime_alignment,0.4,95,8,5,False,0.0133534579513251,0.405189620758483,False,False,0.0133534579513251,0.0432685338767355,0.6666754358653648,0.6800288938166899,0.0,0.625,1.0,0.0088099785001136,1.0,1.0,True,True
persistent_regime_alignment,0.4,96,8,5,False,0.0434698510792179,0.1477045908183632,False,False,0.0434698510792179,0.015900803963159,0.655030964212568,0.698500815291786,0.125,0.625,1.0,0.0078386669383563,1.0,1.0,True,True
persistent_regime_alignment,0.4,97,8,4,False,-0.0235755509806125,0.6906187624750499,False,False,-0.0235755509806125,-0.025180254819398,0.7521120021552621,0.7285364511746495,0.0,0.5,1.0,0.0083618213248894,1.0,1.0,True,True
persistent_regime_alignment,0.4,98,8,4,False,0.0482751014083102,0.1656686626746507,False,False,0.0482751014083102,0.0170774566918754,0.6657455333120131,0.7140206347203234,0.125,0.5,1.0,0.0073279282733352,1.0,1.0,True,True
persistent_regime_alignment,0.4,99,8,4,False,0.0127054087423413,0.3792415169660678,False,False,0.0127054087423413,0.0214316491513753,0.663258069705952,0.6759634784482933,0.125,0.5,1.0,0.0085630426685775,1.0,1.0,True,True
persistent_regime_alignment,0.4,100,8,3,False,-0.033674529423096,0.718562874251497,False,False,-0.033674529423096,-0.0232435104741369,0.7224220758734736,0.6887475464503776,0.0,0.375,1.0,0.0077582426036523,1.0,1.0,True,True
persistent_regime_alignment,0.4,101,8,6,True,0.0936524662326077,0.0279441117764471,True,True,0.0936524662326077,0.0827641771387429,0.6294472691811422,0.7230997354137499,0.125,0.75,1.0,0.0078133884969621,1.0,1.0,True,True
persistent_regime_alignment,0.4,102,8,3,False,-0.0094030078922511,0.5429141716566867,False,False,-0.0094030078922511,-0.0205301068701923,0.7434962282758937,0.7340932203836426,0.125,0.375,1.0,0.0089300107771826,1.0,1.0,True,True
persistent_regime_alignment,0.4,103,8,5,False,0.0855712161719836,0.0638722554890219,False,False,0.0855712161719836,0.1293890720389769,0.6570148592610339,0.7425860754330176,0.125,0.625,1.0,0.0074891853820254,1.0,1.0,True,True
persistent_regime_alignment,0.4,104,8,4,False,0.0220691627802136,0.3413173652694611,False,False,0.0220691627802136,0.011443118482112,0.7090097840734484,0.731078946853662,0.0,0.5,1.0,0.0074152181229756,1.0,1.0,True,True
persistent_regime_alignment,0.4,105,8,4,False,0.0024246275550862,0.4411177644710579,False,False,0.0024246275550862,-0.0057165358232548,0.6962720324671048,0.6986966600221909,0.125,0.5,1.0,0.0081313208566217,1.0,1.0,True,True
persistent_regime_alignment,0.4,106,8,3,False,-0.026088499803914,0.6427145708582834,False,False,-0.026088499803914,-0.0153565101211342,0.7101341512652722,0.6840456514613582,0.125,0.375,1.0,0.0088919094715377,1.0,1.0,True,True
persistent_regime_alignment,0.4,107,8,3,False,-0.0105351023951033,0.6606786427145709,False,False,-0.0105351023951033,-0.0399965303682538,0.76140071095825,0.7508656085631467,0.0,0.375,1.0,0.0083758246450119,1.0,1.0,True,True
persistent_regime_alignment,0.4,108,8,6,True,0.0535929813238185,0.1477045908183632,False,False,0.0535929813238185,0.052138596578914,0.6706417945002467,0.7242347758240653,0.125,0.75,1.0,0.0083701568192593,1.0,1.0,True,True
persistent_regime_alignment,0.4,109,8,5,False,0.0876694546356294,0.0399201596806387,True,False,0.0876694546356294,0.1287751384952339,0.6314167419694182,0.7190861966050477,0.0,0.625,1.0,0.0090574371130728,1.0,1.0,True,True
persistent_regime_alignment,0.4,110,8,4,False,0.0124682304889114,0.3992015968063872,False,False,0.0124682304889114,-0.0006328774321933,0.6970512067523243,0.7095194372412358,0.375,0.5,1.0,0.007819451501433,1.0,1.0,True,True
persistent_regime_alignment,0.4,111,8,4,False,-0.0084998038110322,0.5409181636726547,False,False,-0.0084998038110322,-0.0105598884151017,0.6744175735039946,0.6659177696929623,0.0,0.5,1.0,0.0078538171255616,1.0,1.0,True,True
persistent_regime_alignment,0.4,112,8,7,True,0.0643233785923767,0.1057884231536926,False,False,0.0643233785923767,0.0480987141314039,0.6046496524442643,0.668973031036641,0.125,0.875,1.0,0.0067964282055438,1.0,1.0,True,True
persistent_regime_alignment,0.4,113,8,6,True,0.0723261800326742,0.0858283433133732,False,False,0.0723261800326742,0.0570312501533486,0.6302885736446256,0.7026147536773,0.125,0.75,1.0,0.0087700993124778,1.0,1.0,True,True
persistent_regime_alignment,0.4,114,8,4,False,-0.0302540210270961,0.7065868263473054,False,False,-0.0302540210270961,0.0177748768098873,0.7680560537103773,0.7378020326832813,0.0,0.5,1.0,0.0081875952001022,1.0,1.0,True,True
persistent_regime_alignment,0.4,115,8,3,False,0.0038498642499931,0.4750499001996008,False,False,0.0038498642499931,-0.0110886167895096,0.706352738401902,0.7102026026518953,0.0,0.375,1.0,0.0074311865060557,1.0,1.0,True,True
persistent_regime_alignment,0.4,116,8,4,False,-0.0425512816276189,0.782435129740519,False,False,-0.0425512816276189,-0.0122883498868452,0.7471312832479315,0.7045800016203126,0.0,0.5,1.0,0.007573862397407,1.0,1.0,True,True
persistent_regime_alignment,0.4,117,8,3,False,-0.0784506960711971,0.936127744510978,False,False,-0.0784506960711971,-0.1191689788853003,0.7964686166101653,0.7180179205389683,0.0,0.375,1.0,0.0078238064957099,1.0,1.0,True,True
persistent_regime_alignment,0.4,118,8,5,False,0.0445094356610903,0.2235528942115768,False,False,0.0445094356610903,0.080360743157563,0.6997800302587442,0.7442894659198345,0.0,0.625,1.0,0.0091431511994586,1.0,1.0,True,True
persistent_regime_alignment,0.4,119,8,6,True,0.0787637962794726,0.0499001996007984,True,True,0.0787637962794726,0.1119822606169693,0.6561448631158129,0.7349086593952855,0.0,0.75,1.0,0.0077986956791134,1.0,1.0,True,True
persistent_regime_alignment,0.4,120,8,5,False,0.041259477510336,0.2075848303393213,False,False,0.041259477510336,0.0915809650574,0.6185113809993437,0.6597708585096798,0.125,0.625,1.0,0.0072014002952565,1.0,1.0,True,True
persistent_regime_alignment,0.4,121,8,3,False,-0.0100681270282842,0.5329341317365269,False,False,-0.0100681270282842,-0.044167220178801,0.6969858246897302,0.686917697661446,0.0,0.375,1.0,0.0080747263718652,1.0,1.0,True,True
persistent_regime_alignment,0.4,122,8,4,False,0.0538328188625899,0.1437125748502994,False,False,0.0538328188625899,0.0428029371208573,0.6554104659889136,0.7092432848515036,0.0,0.5,1.0,0.0077403499852971,1.0,1.0,True,True
persistent_regime_alignment,0.4,123,8,4,False,-0.0478788171771126,0.7984031936127745,False,False,-0.0478788171771126,-0.0612047055230117,0.7251534198855358,0.6772746027084233,0.125,0.5,1.0,0.0067250995872771,1.0,1.0,True,True
persistent_regime_alignment,0.4,124,8,6,True,0.099809734441369,0.0319361277445109,True,True,0.099809734441369,0.0723508417811323,0.5882986248545361,0.6881083592959052,0.25,0.75,1.0,0.0081383096853063,1.0,1.0,True,True
persistent_regime_alignment,0.4,125,8,2,False,-0.0893620010640047,0.9680638722554892,False,False,-0.0893620010640047,-0.0994336249534502,0.8091935870560306,0.7198315859920259,0.0,0.25,1.0,0.008405854329581,1.0,1.0,True,True
persistent_regime_alignment,0.4,126,8,3,False,0.0335919367241071,0.2614770459081836,False,False,0.0335919367241071,-0.0130970937102813,0.674026773358485,0.7076187100825921,0.25,0.375,1.0,0.0091729150722072,1.0,1.0,True,True
persistent_regime_alignment,0.4,127,8,5,False,0.0258380895123175,0.3253493013972056,False,False,0.0258380895123175,0.0416953379151892,0.6938835389012339,0.7197216284135515,0.125,0.625,1.0,0.0084176924647546,1.0,1.0,True,True
persistent_regime_alignment,0.4,128,8,5,False,0.0094969794549697,0.4291417165668663,False,False,0.0094969794549697,0.0418854968455869,0.7067147811110438,0.7162117605660137,0.0,0.625,1.0,0.0090411549590312,1.0,1.0,True,True
persistent_regime_alignment,0.4,129,8,7,True,0.1177392422096106,0.0099800399201596,True,True,0.1177392422096106,0.170618983193903,0.6473875750089682,0.7651268172185788,0.25,0.875,1.0,0.0078891439502107,1.0,1.0,True,True
persistent_regime_alignment,0.4,130,8,5,False,0.0420656892176784,0.1776447105788423,False,False,0.0420656892176784,0.0743781680130938,0.6674580797516294,0.7095237689693079,0.0,0.625,1.0,0.0088239737955606,1.0,1.0,True,True
persistent_regime_alignment,0.4,131,8,5,False,0.0859935226356877,0.0459081836327345,True,False,0.0859935226356877,0.0653702774511855,0.6027491809879205,0.6887427036236082,0.25,0.625,1.0,0.0080712093740064,1.0,1.0,True,True
persistent_regime_alignment,0.4,132,8,2,False,-0.0769455214590654,0.9201596806387226,False,False,-0.0769455214590654,-0.0841725281675308,0.7971633575732275,0.720217836114162,0.0,0.25,1.0,0.0090490893815943,1.0,1.0,True,True
persistent_regime_alignment,0.4,133,8,7,True,0.1112076341188971,0.0179640718562874,True,True,0.1112076341188971,0.1495061966619786,0.6201370924218097,0.7313447265407069,0.0,0.875,1.0,0.0079315647375593,1.0,1.0,True,True
persistent_regime_alignment,0.4,134,8,3,False,-0.0004338141646026,0.500998003992016,False,False,-0.0004338141646026,-0.0711612871100715,0.6897773027676674,0.6893434886030647,0.125,0.375,1.0,0.0084413626300059,1.0,1.0,True,True
persistent_regime_alignment,0.4,135,8,4,False,0.0189250928468244,0.3512974051896207,False,False,0.0189250928468244,0.0028555860183409,0.6733180648988051,0.6922431577456295,0.0,0.5,1.0,0.0068008432156067,1.0,1.0,True,True
persistent_regime_alignment,0.4,136,8,5,False,0.0532788613115673,0.1676646706586826,False,False,0.0532788613115673,0.041909158495509,0.6827336461814528,0.7360125074930202,0.125,0.625,1.0,0.0088995532776644,1.0,1.0,True,True
persistent_regime_alignment,0.4,137,8,4,False,-0.011302798584075,0.6487025948103793,False,False,-0.011302798584075,-0.0246103553823612,0.7298242348631414,0.7185214362790664,0.0,0.5,1.0,0.0076572454794666,1.0,1.0,True,True
persistent_regime_alignment,0.4,138,8,5,False,0.0478491542100133,0.1916167664670658,False,False,0.0478491542100133,0.035514159661397,0.6537824288258345,0.7016315830358478,0.25,0.625,1.0,0.0080021361862211,1.0,1.0,True,True
persistent_regime_alignment,0.4,139,8,5,False,0.0177389454195273,0.2954091816367265,False,False,0.0177389454195273,0.0468189882179091,0.6854998572602915,0.7032388026798189,0.125,0.625,1.0,0.0089643548050818,1.0,1.0,True,True
persistent_regime_alignment,0.4,140,8,4,False,0.0400958170907213,0.2275449101796407,False,False,0.0400958170907213,0.0368863781307692,0.684515598052434,0.7246114151431553,0.125,0.5,1.0,0.0077091037159817,1.0,1.0,True,True
persistent_regime_alignment,0.4,141,8,5,False,0.0200167941952877,0.3592814371257485,False,False,0.0200167941952877,0.0592268695364081,0.7184914924925314,0.7385082866878192,0.125,0.625,1.0,0.0080405676156836,1.0,1.0,True,True
persistent_regime_alignment,0.4,142,8,3,False,-0.0305876536953493,0.718562874251497,False,False,-0.0305876536953493,-0.0434006806395525,0.7363351593265315,0.7057475056311822,0.0,0.375,1.0,0.0077674223350584,1.0,1.0,True,True
persistent_regime_alignment,0.4,143,8,5,False,-0.045048024290207,0.7944111776447106,False,False,-0.045048024290207,0.01090166354396,0.7552834425691825,0.7102354182789754,0.0,0.625,1.0,0.0069344790746083,1.0,1.0,True,True
persistent_regime_alignment,0.4,144,8,5,False,0.0503834865255861,0.1457085828343313,False,False,0.0503834865255861,0.0438833988665688,0.6645736153543997,0.7149571018799858,0.125,0.625,1.0,0.0075876255603378,1.0,1.0,True,True
persistent_regime_alignment,0.4,145,8,7,True,0.1208829271686205,0.0139720558882235,True,True,0.1208829271686205,0.1250138968462193,0.6020246204795012,0.7229075476481217,0.0,0.875,1.0,0.0082140883837539,1.0,1.0,True,True
persistent_regime_alignment,0.4,146,8,6,True,0.0270978183813944,0.3053892215568862,False,False,0.0270978183813944,0.0530465125493425,0.6311479524402461,0.6582457708216407,0.0,0.75,1.0,0.007856542383006,1.0,1.0,True,True
persistent_regime_alignment,0.4,147,8,6,True,0.0175694357155387,0.3712574850299401,False,False,0.0175694357155387,0.0418391064881079,0.7103511211405135,0.7279205568560523,0.0,0.75,1.0,0.0079937505397219,1.0,1.0,True,True
persistent_regime_alignment,0.4,148,8,5,False,-0.0270981783350692,0.6806387225548902,False,False,-0.0270981783350692,0.0395565534442642,0.7263498189448081,0.6992516406097389,0.0,0.625,1.0,0.007634416017484,1.0,1.0,True,True
persistent_regime_alignment,0.4,149,8,3,False,0.0189371224697977,0.3233532934131736,False,False,0.0189371224697977,-0.0244059974844691,0.6795289270018534,0.6984660494716511,0.0,0.375,1.0,0.008133616084552,1.0,1.0,True,True
persistent_regime_alignment,0.6,0,8,5,False,0.0084203074393968,0.3792415169660678,False,False,0.0084203074393968,0.0171818800673956,0.488468748306648,0.4968890557460448,0.0,0.625,1.0,0.0114289477435953,1.0,1.0,True,True
persistent_regime_alignment,0.6,1,8,7,True,0.068888810908515,0.0339321357285429,True,True,0.068888810908515,0.0309365314538403,0.4548297247507727,0.5237185356592878,0.125,0.875,1.0,0.0117952385335218,1.0,1.0,True,True
persistent_regime_alignment,0.6,2,8,6,True,0.0464472029223086,0.0638722554890219,False,False,0.0464472029223086,0.0596155305178827,0.4397517233284054,0.4861989262507141,0.0,0.75,1.0,0.0116285933009395,1.0,1.0,True,True
persistent_regime_alignment,0.6,3,8,2,False,-0.0421916419285466,0.8083832335329342,False,False,-0.0421916419285466,-0.0561724126436394,0.5888338552116136,0.546642213283067,0.0,0.25,1.0,0.0136336570803476,1.0,1.0,True,True
persistent_regime_alignment,0.6,4,8,3,False,-0.017271390992909,0.6207584830339321,False,False,-0.017271390992909,-0.0237313595090647,0.5713033487549619,0.5540319577620529,0.0,0.375,1.0,0.0099125310171284,1.0,1.0,True,True
persistent_regime_alignment,0.6,5,8,5,False,0.0098904282317088,0.3493013972055888,False,False,0.0098904282317088,0.0596155651491097,0.5275325596955971,0.5374229879273058,0.0,0.625,1.0,0.0120736891577881,1.0,1.0,True,True
persistent_regime_alignment,0.6,6,8,4,False,-0.004137908414512,0.4810379241516966,False,False,-0.004137908414512,0.0063248331247701,0.5412035729835414,0.5370656645690294,0.0,0.5,1.0,0.0149320283354536,1.0,1.0,True,True
persistent_regime_alignment,0.6,7,8,6,True,0.0364129658727629,0.1397205588822355,False,False,0.0364129658727629,0.0531488405993032,0.4827452044123093,0.5191581702850723,0.125,0.75,1.0,0.0114509903330426,1.0,1.0,True,True
persistent_regime_alignment,0.6,8,8,4,False,-0.0400392147545498,0.8003992015968064,False,False,-0.0400392147545498,-0.0233178496150698,0.6387338289315954,0.5986946141770456,0.0,0.5,1.0,0.0121534240087875,1.0,1.0,True,True
persistent_regime_alignment,0.6,9,8,5,False,0.0320366933115187,0.1816367265469061,False,False,0.0320366933115187,0.0509447355973493,0.4800568292870129,0.5120935225985317,0.125,0.625,1.0,0.0101103787949287,1.0,1.0,True,True
persistent_regime_alignment,0.6,10,8,1,False,-0.0722453543609814,0.9481037924151696,False,False,-0.0722453543609814,-0.0521992362295273,0.6095888032083788,0.5373434488473974,0.0,0.125,1.0,0.0150482081062129,1.0,1.0,True,True
persistent_regime_alignment,0.6,11,8,5,False,-0.0179248346832183,0.6287425149700598,False,False,-0.0179248346832183,0.0166014906782231,0.5461499823617211,0.5282251476785027,0.0,0.625,1.0,0.0143827101842133,1.0,1.0,True,True
persistent_regime_alignment,0.6,12,8,6,True,0.0577260063119766,0.0778443113772455,False,False,0.0577260063119766,0.0505176887767245,0.4712952555084372,0.5290212618204139,0.25,0.75,1.0,0.0137163176789964,1.0,1.0,True,True
persistent_regime_alignment,0.6,13,8,4,False,-0.032482734554328,0.7564870259481038,False,False,-0.032482734554328,-0.0072188566759381,0.5722205351151655,0.5397378005608373,0.125,0.5,1.0,0.0125576383415044,1.0,1.0,True,True
persistent_regime_alignment,0.6,14,8,5,False,0.0489466441290762,0.0958083832335329,False,False,0.0489466441290762,0.0690039040037987,0.5079225572182585,0.5568692013473346,0.125,0.625,1.0,0.0112671842099582,1.0,1.0,True,True
persistent_regime_alignment,0.6,15,8,7,True,0.1146146318782289,0.0039920159680638,True,True,0.1146146318782289,0.1105025123833815,0.402332958149764,0.516947590027993,0.25,0.875,1.0,0.0119010537133961,1.0,1.0,True,True
persistent_regime_alignment,0.6,16,8,3,False,-0.002173220000692,0.4351297405189621,False,False,-0.002173220000692,-0.0108469659255253,0.5676098970719141,0.565436677071222,0.0,0.375,1.0,0.0105793509535397,1.0,1.0,True,True
persistent_regime_alignment,0.6,17,8,4,False,0.0514541238170034,0.1137724550898203,False,False,0.0514541238170034,0.018216688193163,0.5360552984766851,0.5875094222936885,0.25,0.5,1.0,0.0142206353532934,1.0,1.0,True,True
persistent_regime_alignment,0.6,18,8,4,False,0.0025848603131895,0.4550898203592814,False,False,0.0025848603131895,0.0075917654917126,0.4966020980190827,0.4991869583322723,0.125,0.5,1.0,0.0098341110381439,1.0,1.0,True,True
persistent_regime_alignment,0.6,19,8,4,False,0.0250867833577864,0.2674650698602794,False,False,0.0250867833577864,0.0088150215721149,0.5580756813380098,0.5831624646957962,0.125,0.5,1.0,0.0136927105591064,1.0,1.0,True,True
persistent_regime_alignment,0.6,20,8,6,True,0.0380615265963267,0.1297405189620758,False,False,0.0380615265963267,0.0325241086242956,0.5176692570174404,0.5557307836137672,0.125,0.75,1.0,0.0124269582435686,1.0,1.0,True,True
persistent_regime_alignment,0.6,21,8,4,False,-0.0195616809563678,0.5828343313373253,False,False,-0.0195616809563678,-0.0064447981771785,0.5182047274036314,0.4986430464472636,0.0,0.5,1.0,0.0121346119284212,1.0,1.0,True,True
persistent_regime_alignment,0.6,22,8,4,False,0.0339913577975814,0.1696606786427145,False,False,0.0339913577975814,0.0382460207449351,0.526251125434521,0.5602424832321025,0.125,0.5,1.0,0.01118977397228,1.0,1.0,True,True
persistent_regime_alignment,0.6,23,8,5,False,0.0010898788895571,0.4451097804391217,False,False,0.0010898788895571,0.0305936696293513,0.5861952823848651,0.5872851612744223,0.0,0.625,1.0,0.0115847441898347,1.0,1.0,True,True
persistent_regime_alignment,0.6,24,8,3,False,0.0034185090801655,0.3672654690618762,False,False,0.0034185090801655,-0.0352776476384025,0.52068088598621,0.5240993950663755,0.25,0.375,1.0,0.0104690947182083,1.0,1.0,True,True
persistent_regime_alignment,0.6,25,8,2,False,-0.1176959866658633,0.998003992015968,False,False,-0.1176959866658633,-0.1582396908919552,0.6578270852922021,0.5401310986263388,0.0,0.25,1.0,0.010422568792243,1.0,1.0,True,True
persistent_regime_alignment,0.6,26,8,3,False,-0.0077023753000317,0.5249500998003992,False,False,-0.0077023753000317,-0.025669907768491,0.496854293604591,0.4891519183045592,0.0,0.375,1.0,0.0119101820075145,1.0,1.0,True,True
persistent_regime_alignment,0.6,27,8,5,False,0.0404663664291218,0.1297405189620758,False,False,0.0404663664291218,0.0580385853683514,0.5064942802055796,0.5469606466347013,0.0,0.625,1.0,0.0119813537256003,1.0,1.0,True,True
persistent_regime_alignment,0.6,28,8,7,True,0.1009104850890696,0.0039920159680638,True,True,0.1009104850890696,0.11911687025403,0.4776936163704896,0.5786041014595593,0.0,0.875,1.0,0.0127030325616166,1.0,1.0,True,True
persistent_regime_alignment,0.6,29,8,5,False,0.0277518779084228,0.279441117764471,False,False,0.0277518779084228,0.0507819869442545,0.5707676960338519,0.5985195739422748,0.0,0.625,1.0,0.0134540077570728,1.0,1.0,True,True
persistent_regime_alignment,0.6,30,8,6,True,0.0651114678849463,0.0638722554890219,False,False,0.0651114678849463,0.092762121599516,0.5067589362420903,0.5718704041270368,0.0,0.75,1.0,0.0141922516256607,1.0,1.0,True,True
persistent_regime_alignment,0.6,31,8,5,False,0.0466424390235888,0.1077844311377245,False,False,0.0466424390235888,0.0527197124984124,0.4764546623200481,0.523097101343637,0.25,0.625,1.0,0.0112703242601415,1.0,1.0,True,True
persistent_regime_alignment,0.6,32,8,4,False,0.0092763588070752,0.4031936127744511,False,False,0.0092763588070752,0.0046093023250776,0.5303694685911723,0.5396458273982475,0.0,0.5,1.0,0.0131920339205258,1.0,1.0,True,True
persistent_regime_alignment,0.6,33,8,5,False,0.0519294207700614,0.0878243512974051,False,False,0.0519294207700614,0.0725016594863172,0.5012444018247078,0.5531738225947693,0.0,0.625,1.0,0.0128823770827342,1.0,1.0,True,True
persistent_regime_alignment,0.6,34,8,6,True,0.0215210421721747,0.2994011976047904,False,False,0.0215210421721747,0.0347449207586003,0.5455682391861365,0.5670892813583112,0.0,0.75,1.0,0.0118679475349748,1.0,1.0,True,True
persistent_regime_alignment,0.6,35,8,2,False,-0.0408642686256751,0.812375249500998,False,False,-0.0408642686256751,-0.0309037290341826,0.562338903778869,0.5214746351531938,0.0,0.25,1.0,0.0129029111017522,1.0,1.0,True,True
persistent_regime_alignment,0.6,36,8,4,False,0.0159967700408056,0.3093812375249501,False,False,0.0159967700408056,-0.0075585490516625,0.5294898593122696,0.5454866293530751,0.25,0.5,1.0,0.0121665558213247,1.0,1.0,True,True
persistent_regime_alignment,0.6,37,8,4,False,-0.030852108806534,0.7225548902195609,False,False,-0.030852108806534,-0.0351408690148302,0.6021881330322203,0.5713360242256862,0.0,0.5,1.0,0.0127843246740465,1.0,1.0,True,True
persistent_regime_alignment,0.6,38,8,7,True,0.0307638176495778,0.1796407185628742,False,False,0.0307638176495778,0.0370623920105011,0.4937671228394232,0.5245309404890011,0.125,0.875,1.0,0.0115178349583892,1.0,1.0,True,True
persistent_regime_alignment,0.6,39,8,5,False,0.0087481289771448,0.3772455089820359,False,False,0.0087481289771448,0.0167294620471017,0.5531839531898614,0.5619320821670062,0.0,0.625,1.0,0.0159920879504495,1.0,1.0,True,True
persistent_regime_alignment,0.6,40,8,3,False,-0.0159670642716133,0.5828343313373253,False,False,-0.0159670642716133,-0.0412057445248941,0.5845832806385906,0.5686162163669771,0.0,0.375,1.0,0.0130451728008118,1.0,1.0,True,True
persistent_regime_alignment,0.6,41,8,4,False,0.0211827370504953,0.2754491017964072,False,False,0.0211827370504953,0.0075934759768697,0.5127032662774798,0.5338860033279751,0.0,0.5,1.0,0.0133381513673004,1.0,1.0,True,True
persistent_regime_alignment,0.6,42,8,4,False,-0.0226193355950717,0.6726546906187625,False,False,-0.0226193355950717,-0.0102939801651756,0.6176882009060878,0.5950688653110161,0.0,0.5,1.0,0.0159898380861207,1.0,1.0,True,True
persistent_regime_alignment,0.6,43,8,5,False,0.0177247452077866,0.2994011976047904,False,False,0.0177247452077866,0.0337685472535637,0.4994592457657468,0.5171839909735334,0.125,0.625,1.0,0.0126566358206193,1.0,1.0,True,True
persistent_regime_alignment,0.6,44,8,7,True,0.0920746807135666,0.0079840319361277,True,True,0.0920746807135666,0.098201730150156,0.450901391050153,0.5429760717637198,0.25,0.875,1.0,0.0119358843099068,1.0,1.0,True,True
persistent_regime_alignment,0.6,45,8,8,True,0.0929684217285085,0.0099800399201596,True,True,0.0929684217285085,0.0714947448383719,0.4196598923405301,0.5126283140690386,0.0,1.0,1.0,0.0090128916793047,1.0,1.0,True,True
persistent_regime_alignment,0.6,46,8,7,True,0.0713594318081004,0.029940119760479,True,True,0.0713594318081004,0.0612940856546207,0.4879052164582927,0.5592646482663932,0.125,0.875,1.0,0.0104637389156989,1.0,1.0,True,True
persistent_regime_alignment,0.6,47,8,8,True,0.1345673567084921,0.0019960079840319,True,True,0.1345673567084921,0.0957755904090169,0.4241417894920933,0.5587091462005855,0.25,1.0,1.0,0.0143286312971061,1.0,1.0,True,True
persistent_regime_alignment,0.6,48,8,3,False,0.0053402886178745,0.3972055888223553,False,False,0.0053402886178745,-0.0305036330258102,0.5314183901008291,0.5367586787187038,0.25,0.375,1.0,0.009758059479976,1.0,1.0,True,True
persistent_regime_alignment,0.6,49,8,5,False,0.0362153792468892,0.1097804391217564,False,False,0.0362153792468892,0.0290780655839307,0.4797504998798986,0.5159658791267878,0.125,0.625,1.0,0.0113479724996599,1.0,1.0,True,True
persistent_regime_alignment,0.6,50,8,5,False,0.0731732660084382,0.0139720558882235,True,False,0.0731732660084382,0.0644146375916626,0.4169961455480682,0.4901694115565065,0.125,0.625,1.0,0.0119970785685615,1.0,1.0,True,True
persistent_regime_alignment,0.6,51,8,1,False,-0.0824619447743664,0.9600798403193612,False,False,-0.0824619447743664,-0.0809016321505192,0.6296180468739725,0.5471561020996061,0.0,0.125,1.0,0.0128001202640382,1.0,1.0,True,True
persistent_regime_alignment,0.6,52,8,4,False,-0.0064136729343123,0.4910179640718562,False,False,-0.0064136729343123,0.0114074388260388,0.5579914456158545,0.5515777726815422,0.0,0.5,1.0,0.0118951189685868,1.0,1.0,True,True
persistent_regime_alignment,0.6,53,8,5,False,0.0353652132254626,0.1337325349301397,False,False,0.0353652132254626,0.039998519359197,0.5066610383223114,0.5420262515477738,0.125,0.625,1.0,0.0118505348774278,1.0,1.0,True,True
persistent_regime_alignment,0.6,54,8,4,False,0.032093722895773,0.2435129740518962,False,False,0.032093722895773,0.0375262003657935,0.531756873473848,0.5638505963696211,0.125,0.5,1.0,0.0123091773285153,1.0,1.0,True,True
persistent_regime_alignment,0.6,55,8,5,False,-0.023411702214431,0.6806387225548902,False,False,-0.023411702214431,0.0384788274576466,0.5893024684034156,0.5658907661889845,0.0,0.625,1.0,0.011343661770973,1.0,1.0,True,True
persistent_regime_alignment,0.6,56,8,2,False,-0.051506067298909,0.8383233532934131,False,False,-0.051506067298909,-0.0733659554023296,0.5673859200042669,0.5158798527053577,0.0,0.25,1.0,0.0120948114887569,1.0,1.0,True,True
persistent_regime_alignment,0.6,57,8,3,False,-0.0311877233279172,0.7744510978043913,False,False,-0.0311877233279172,-0.0388500053699867,0.6047145192095302,0.573526795881613,0.125,0.375,1.0,0.0139846709248805,1.0,1.0,True,True
persistent_regime_alignment,0.6,58,8,3,False,-0.0581233215828137,0.9201596806387226,False,False,-0.0581233215828137,-0.0249450975130331,0.5346720528962433,0.4765487313134295,0.0,0.375,1.0,0.0110974482443052,1.0,1.0,True,True
persistent_regime_alignment,0.6,59,8,3,False,-0.0167573473197644,0.5988023952095808,False,False,-0.0167573473197644,-0.022148611791446,0.5723619276754884,0.5556045803557239,0.0,0.375,1.0,0.0121992323631411,1.0,1.0,True,True
persistent_regime_alignment,0.6,60,8,6,True,0.0516662693913716,0.091816367265469,False,False,0.0516662693913716,0.0611221572029606,0.4708930836836504,0.5225593530750221,0.125,0.75,1.0,0.014842033748547,1.0,1.0,True,True
persistent_regime_alignment,0.6,61,8,5,False,0.0497833816330906,0.1117764471057884,False,False,0.0497833816330906,0.0609364445701628,0.5097533929392017,0.5595367745722925,0.125,0.625,1.0,0.0108128151780781,1.0,1.0,True,True
persistent_regime_alignment,0.6,62,8,4,False,-0.0035771803285429,0.5049900199600799,False,False,-0.0035771803285429,0.0056942822619084,0.5791186451538453,0.5755414648253023,0.0,0.5,1.0,0.0118801266194626,1.0,1.0,True,True
persistent_regime_alignment,0.6,63,8,5,False,0.0308520719561139,0.2075848303393213,False,False,0.0308520719561139,0.0448933050419999,0.4586797745291723,0.4895318464852863,0.125,0.625,1.0,0.0131539752515682,1.0,1.0,True,True
persistent_regime_alignment,0.6,64,8,5,False,0.0445479089336954,0.1097804391217564,False,False,0.0445479089336954,0.0339559687044321,0.547195085695573,0.5917429946292685,0.125,0.625,1.0,0.0163925656510951,1.0,1.0,True,True
persistent_regime_alignment,0.6,65,8,3,False,-0.010370212171535,0.5868263473053892,False,False,-0.010370212171535,-0.0535138009354178,0.5460908241149794,0.5357206119434444,0.0,0.375,1.0,0.013569890446389,1.0,1.0,True,True
persistent_regime_alignment,0.6,66,8,2,False,-0.0809215969179913,0.9281437125748504,False,False,-0.0809215969179913,-0.0934587775404491,0.6742521774880402,0.593330580570049,0.0,0.25,1.0,0.013187779946286,1.0,1.0,True,True
persistent_regime_alignment,0.6,67,8,7,True,0.1051286199117093,0.0039920159680638,True,True,0.1051286199117093,0.1358800915384426,0.450654353648205,0.5557829735599145,0.375,0.875,1.0,0.0169087158832752,1.0,1.0,True,True
persistent_regime_alignment,0.6,68,8,5,False,0.0774007323804683,0.0199600798403193,True,False,0.0774007323804683,0.1023272403182894,0.4864085520950093,0.5638092844754776,0.25,0.625,1.0,0.0124427762104211,1.0,1.0,True,True
persistent_regime_alignment,0.6,69,8,4,False,-0.0434465609068941,0.8483033932135728,False,False,-0.0434465609068941,-0.0022909882544633,0.6157575669248236,0.5723110060179295,0.0,0.5,1.0,0.0123180502741407,1.0,1.0,True,True
persistent_regime_alignment,0.6,70,8,8,True,0.0984574549452994,0.0039920159680638,True,True,0.0984574549452994,0.1064852349213099,0.4202708011871745,0.518728256132474,0.125,1.0,1.0,0.0126278399846346,1.0,1.0,True,True
persistent_regime_alignment,0.6,71,8,4,False,0.0083253692199482,0.4131736526946107,False,False,0.0083253692199482,0.0210456447733065,0.5688147190980049,0.5771400883179532,0.125,0.5,1.0,0.0137758023071264,1.0,1.0,True,True
persistent_regime_alignment,0.6,72,8,4,False,-0.0015985669144459,0.4870259481037924,False,False,-0.0015985669144459,-0.0078648131649091,0.4995174466943859,0.49791887977994,0.0,0.5,1.0,0.0105636060208279,1.0,1.0,True,True
persistent_regime_alignment,0.6,73,8,3,False,-0.0011633706649167,0.5508982035928144,False,False,-0.0011633706649167,-0.061343140371533,0.5603808817671287,0.559217511102212,0.125,0.375,1.0,0.013427259172991,1.0,1.0,True,True
persistent_regime_alignment,0.6,74,8,6,True,0.0295111248653845,0.2455089820359281,False,False,0.0295111248653845,0.0408169717669432,0.5539429795451964,0.583454104410581,0.0,0.75,1.0,0.0125642340318773,1.0,1.0,True,True
persistent_regime_alignment,0.6,75,8,3,False,-0.0064618131118077,0.5229540918163673,False,False,-0.0064618131118077,-0.0115656284641103,0.5667271540459216,0.5602653409341138,0.125,0.375,1.0,0.014869295487339,1.0,1.0,True,True
persistent_regime_alignment,0.6,76,8,5,False,0.0208108146457927,0.3093812375249501,False,False,0.0208108146457927,0.0199870911358706,0.563385223461677,0.5841960381074698,0.0,0.625,1.0,0.0154091166179711,1.0,1.0,True,True
persistent_regime_alignment,0.6,77,8,4,False,-0.0230154111264625,0.654690618762475,False,False,-0.0230154111264625,-0.0181746306846342,0.5997844028005836,0.5767689916741211,0.0,0.5,1.0,0.0121998207506911,1.0,1.0,True,True
persistent_regime_alignment,0.6,78,8,3,False,-0.0082221027964315,0.5489021956087824,False,False,-0.0082221027964315,-0.0156035769702119,0.5575571843094883,0.5493350815130567,0.25,0.375,1.0,0.0116859000442305,1.0,1.0,True,True
persistent_regime_alignment,0.6,79,8,4,False,0.0244294165767787,0.2115768463073852,False,False,0.0244294165767787,0.0287995958982089,0.4661450200791243,0.490574436655903,0.125,0.5,1.0,0.0132932648536828,1.0,1.0,True,True
persistent_regime_alignment,0.6,80,8,6,True,0.0340029314105398,0.1576846307385229,False,False,0.0340029314105398,0.0125526230572463,0.4687782207491446,0.5027811521596846,0.0,0.75,1.0,0.0104614369249784,1.0,1.0,True,True
persistent_regime_alignment,0.6,81,8,4,False,0.0090543780160725,0.3592814371257485,False,False,0.0090543780160725,0.0056224280388934,0.5602860940480014,0.569340472064074,0.0,0.5,1.0,0.0101190818602055,1.0,1.0,True,True
persistent_regime_alignment,0.6,82,8,3,False,-0.0560151890195511,0.9041916167664672,False,False,-0.0560151890195511,-0.0539101436454673,0.5856702161472268,0.5296550271276756,0.0,0.375,1.0,0.0111706762941341,1.0,1.0,True,True
persistent_regime_alignment,0.6,83,8,4,False,-0.0284513662501629,0.6846307385229541,False,False,-0.0284513662501629,0.0086305472040949,0.5585322661906654,0.5300808999405024,0.0,0.5,1.0,0.0126555777722695,1.0,1.0,True,True
persistent_regime_alignment,0.6,84,8,6,True,0.0175501431748901,0.3013972055888224,False,False,0.0175501431748901,0.0322732186859721,0.5936277747579607,0.6111779179328508,0.0,0.75,1.0,0.0110618597937222,1.0,1.0,True,True
persistent_regime_alignment,0.6,85,8,6,True,0.0407429690403783,0.155688622754491,False,False,0.0407429690403783,0.061445099203779,0.5084703522087646,0.5492133212491428,0.0,0.75,1.0,0.0099202641175757,1.0,1.0,True,True
persistent_regime_alignment,0.6,86,8,4,False,0.0685153297523028,0.0359281437125748,True,False,0.0685153297523028,0.0350458037311844,0.5118677239679935,0.5803830537202963,0.375,0.5,1.0,0.0111212995667772,1.0,1.0,True,True
persistent_regime_alignment,0.6,87,8,7,True,0.0367264589112693,0.1696606786427145,False,False,0.0367264589112693,0.0857430222130659,0.5065270963940666,0.5432535553053359,0.0,0.875,1.0,0.0131792562372749,1.0,1.0,True,True
persistent_regime_alignment,0.6,88,8,4,False,0.0096234855438067,0.3832335329341317,False,False,0.0096234855438067,0.0041416157328499,0.5784036661194689,0.5880271516632757,0.0,0.5,1.0,0.0141516180689512,1.0,1.0,True,True
persistent_regime_alignment,0.6,89,8,4,False,0.0097419937084435,0.3493013972055888,False,False,0.0097419937084435,0.016747570990171,0.5285125953594055,0.5382545890678491,0.0,0.5,1.0,0.0102915178006645,1.0,1.0,True,True
persistent_regime_alignment,0.6,90,8,3,False,-0.0103343126934018,0.5369261477045908,False,False,-0.0103343126934018,-0.0388967300946114,0.5236223795325622,0.5132880668391604,0.0,0.375,1.0,0.0158769921646081,1.0,1.0,True,True
persistent_regime_alignment,0.6,91,8,5,False,0.0416764452889614,0.1497005988023952,False,False,0.0416764452889614,0.0336883580538404,0.541987848126551,0.5836642934155125,0.125,0.625,1.0,0.0154544061816852,1.0,1.0,True,True
persistent_regime_alignment,0.6,92,8,4,False,-0.0273242686487308,0.720558882235529,False,False,-0.0273242686487308,-0.0257069273526807,0.5711076189105078,0.5437833502617769,0.0,0.5,1.0,0.0099930701095764,1.0,1.0,True,True
persistent_regime_alignment,0.6,93,8,6,True,0.0420935397851208,0.1257485029940119,False,False,0.0420935397851208,0.063602360527939,0.5209555513500937,0.5630490911352146,0.125,0.75,1.0,0.0110733464216031,1.0,1.0,True,True
persistent_regime_alignment,0.6,94,8,5,False,0.0330116144666757,0.2035928143712574,False,False,0.0330116144666757,0.0473371344149583,0.5426905680288467,0.5757021824955224,0.0,0.625,1.0,0.0110637396240803,1.0,1.0,True,True
persistent_regime_alignment,0.6,95,8,4,False,0.0098470130582056,0.3273453093812375,False,False,0.0098470130582056,0.0090857275890124,0.5147708902525086,0.5246179033107142,0.0,0.5,1.0,0.0148061149513456,1.0,1.0,True,True
persistent_regime_alignment,0.6,96,8,5,False,0.0214525851230019,0.2275449101796407,False,False,0.0214525851230019,0.0688088260796736,0.4744992714736196,0.4959518565966215,0.0,0.625,1.0,0.0146483867130952,1.0,1.0,True,True
persistent_regime_alignment,0.6,97,8,5,False,-0.0081585805557439,0.5329341317365269,False,False,-0.0081585805557439,0.0150135163282355,0.5532630046036263,0.5451044240478824,0.0,0.625,1.0,0.0123130040990181,1.0,1.0,True,True
persistent_regime_alignment,0.6,98,8,6,True,0.0366238636994989,0.1636726546906187,False,False,0.0366238636994989,0.0290062735054869,0.5123974626920689,0.5490213263915678,0.125,0.75,1.0,0.0122555536994497,1.0,1.0,True,True
persistent_regime_alignment,0.6,99,8,4,False,-0.0013395486043255,0.499001996007984,False,False,-0.0013395486043255,0.0400605809044142,0.5249779330278393,0.5236383844235138,0.125,0.5,1.0,0.0127162858274061,1.0,1.0,True,True
persistent_regime_alignment,0.6,100,8,4,False,0.03332583841875,0.2015968063872255,False,False,0.03332583841875,0.0198985876000187,0.5109304455844179,0.544256284003168,0.25,0.5,1.0,0.0120750232227221,1.0,1.0,True,True
persistent_regime_alignment,0.6,101,8,5,False,0.0474447420164878,0.0718562874251497,False,False,0.0474447420164878,0.0158946035146982,0.420518915793501,0.4679636578099889,0.25,0.625,1.0,0.0108358804885625,1.0,1.0,True,True
persistent_regime_alignment,0.6,102,8,5,False,0.0086032011014043,0.3632734530938123,False,False,0.0086032011014043,0.0187343444888414,0.5485497560469625,0.5571529571483669,0.0,0.625,1.0,0.0091513152781303,1.0,1.0,True,True
persistent_regime_alignment,0.6,103,8,6,True,0.0359019845682829,0.1536926147704591,False,False,0.0359019845682829,0.1060002141849414,0.5331235980434111,0.5690255826116941,0.125,0.75,1.0,0.0111590040379813,1.0,1.0,True,True
persistent_regime_alignment,0.6,104,8,4,False,0.0249162152873646,0.2834331337325349,False,False,0.0249162152873646,0.0033471995021347,0.5745982404113574,0.5995144556987221,0.125,0.5,1.0,0.0102593973570715,1.0,1.0,True,True
persistent_regime_alignment,0.6,105,8,2,False,-0.0376450452228611,0.782435129740519,False,False,-0.0376450452228611,-0.0460834987476699,0.6263229722216295,0.5886779269987683,0.0,0.25,1.0,0.0154776620648044,1.0,1.0,True,True
persistent_regime_alignment,0.6,106,8,4,False,-0.0291049681405397,0.716566866267465,False,False,-0.0291049681405397,-0.022236923336543,0.4570243479333969,0.4279193797928571,0.0,0.5,1.0,0.0123476852710033,1.0,1.0,True,True
persistent_regime_alignment,0.6,107,8,6,True,0.0586103835465945,0.0638722554890219,False,False,0.0586103835465945,0.0487412482776836,0.490963441298884,0.5495738248454785,0.0,0.75,1.0,0.0107728738096749,1.0,1.0,True,True
persistent_regime_alignment,0.6,108,8,5,False,0.0385032387986859,0.1616766467065868,False,False,0.0385032387986859,0.0329140314329514,0.5514172563130724,0.5899204951117583,0.125,0.625,1.0,0.0119460083017092,1.0,1.0,True,True
persistent_regime_alignment,0.6,109,8,4,False,0.0008415297674929,0.4510978043912175,False,False,0.0008415297674929,0.0126287422423727,0.5517296616753409,0.5525711914428338,0.0,0.5,1.0,0.0132922212180915,1.0,1.0,True,True
persistent_regime_alignment,0.6,110,8,7,True,0.1130837486146697,0.0039920159680638,True,True,0.1130837486146697,0.1104491095684967,0.471528213356865,0.5846119619715346,0.25,0.875,1.0,0.0121332114129487,1.0,1.0,True,True
persistent_regime_alignment,0.6,111,8,7,True,0.0395205571630493,0.1477045908183632,False,False,0.0395205571630493,0.0297480580572696,0.5147241932897426,0.5542447504527921,0.125,0.875,1.0,0.0107188206360757,1.0,1.0,True,True
persistent_regime_alignment,0.6,112,8,5,False,0.0041008891226059,0.3832335329341317,False,False,0.0041008891226059,0.0077060649961895,0.5055602368282748,0.5096611259508808,0.125,0.625,1.0,0.0105828659577376,1.0,1.0,True,True
persistent_regime_alignment,0.6,113,8,2,False,-0.1138826536486167,0.9900199600798404,False,False,-0.1138826536486167,-0.1415535131193688,0.62026689891864,0.5063842452700233,0.0,0.25,1.0,0.0134027782877565,1.0,1.0,True,True
persistent_regime_alignment,0.6,114,8,7,True,0.0771709810604648,0.0319361277445109,True,True,0.0771709810604648,0.0740976943708694,0.4901178795851985,0.5672888606456633,0.125,0.875,1.0,0.0117448140244356,1.0,1.0,True,True
persistent_regime_alignment,0.6,115,8,6,True,0.0467021653593576,0.1017964071856287,False,False,0.0467021653593576,0.0319513763717465,0.5327826711646949,0.5794848365240526,0.25,0.75,1.0,0.0153505887797635,1.0,1.0,True,True
persistent_regime_alignment,0.6,116,8,6,True,0.104642945842698,0.0039920159680638,True,True,0.104642945842698,0.1401740284988109,0.4106550486902118,0.5152979945329098,0.5,0.75,1.0,0.0109410523038272,1.0,1.0,True,True
persistent_regime_alignment,0.6,117,8,4,False,0.0266111580901963,0.2275449101796407,False,False,0.0266111580901963,0.0071241271413369,0.5353215379861029,0.5619326960762994,0.125,0.5,1.0,0.0113137765817583,1.0,1.0,True,True
persistent_regime_alignment,0.6,118,8,1,False,-0.0427423017597005,0.8023952095808383,False,False,-0.0427423017597005,-0.0587011143059921,0.6082892364490176,0.5655469346893169,0.0,0.125,1.0,0.0104228783141136,1.0,1.0,True,True
persistent_regime_alignment,0.6,119,8,2,False,-0.0252168297832302,0.6906187624750499,False,False,-0.0252168297832302,-0.0304750816561378,0.5739132120413455,0.5486963822581152,0.0,0.25,1.0,0.01016164234495,1.0,1.0,True,True
persistent_regime_alignment,0.6,120,8,4,False,-0.0028839510455103,0.497005988023952,False,False,-0.0028839510455103,-0.0214552378865269,0.5207667829736813,0.517882831928171,0.125,0.5,1.0,0.0135113918288925,1.0,1.0,True,True
persistent_regime_alignment,0.6,121,8,3,False,-0.0666533106889957,0.9261477045908184,False,False,-0.0666533106889957,-0.0258248557425901,0.6092188917918201,0.5425655811028244,0.0,0.375,1.0,0.0102050740338871,1.0,1.0,True,True
persistent_regime_alignment,0.6,122,8,6,True,0.0629960974567784,0.0439121756487025,True,True,0.0629960974567784,0.0986237532055473,0.4615427984778244,0.5245388959346029,0.125,0.75,1.0,0.0094271291399055,1.0,1.0,True,True
persistent_regime_alignment,0.6,123,8,5,False,0.0916537451797554,0.0139720558882235,True,False,0.0916537451797554,0.1399345328012186,0.4702757069584709,0.5619294521382263,0.25,0.625,1.0,0.0162728860553812,1.0,1.0,True,True
persistent_regime_alignment,0.6,124,8,7,True,0.0850146777573308,0.0259481037924151,True,True,0.0850146777573308,0.0576245237720418,0.4649899724760344,0.5500046502333653,0.25,0.875,1.0,0.0094708806272125,1.0,1.0,True,True
persistent_regime_alignment,0.6,125,8,2,False,-0.0241966144279988,0.6506986027944112,False,False,-0.0241966144279988,-0.0322609659150327,0.5715739842688592,0.5473773698408604,0.125,0.25,1.0,0.0097153876210344,1.0,1.0,True,True
persistent_regime_alignment,0.6,126,8,6,True,0.0066095028736865,0.4071856287425149,False,False,0.0066095028736865,0.0142043861988476,0.5565806300957372,0.5631901329694238,0.0,0.75,1.0,0.0092739641590089,1.0,1.0,True,True
persistent_regime_alignment,0.6,127,8,4,False,-0.0108240085107765,0.5129740518962076,False,False,-0.0108240085107765,-0.0069874849225984,0.5791578424563887,0.5683338339456121,0.125,0.5,1.0,0.0108404785873079,1.0,1.0,True,True
persistent_regime_alignment,0.6,128,8,4,False,-0.0569930122521642,0.8642714570858283,False,False,-0.0569930122521642,-0.0269155855126469,0.5929678695969507,0.5359748573447866,0.125,0.5,1.0,0.0095999236422548,1.0,1.0,True,True
persistent_regime_alignment,0.6,129,8,4,False,-0.0017175392615191,0.4770459081836327,False,False,-0.0017175392615191,0.0047034111160274,0.5141790643377085,0.5124615250761894,0.0,0.5,1.0,0.0125637877146558,1.0,1.0,True,True
persistent_regime_alignment,0.6,130,8,4,False,0.0049586057495813,0.405189620758483,False,False,0.0049586057495813,0.016957137529781,0.5090172548103593,0.5139758605599407,0.0,0.5,1.0,0.0096322566196441,1.0,1.0,True,True
persistent_regime_alignment,0.6,131,8,6,True,0.079429058371094,0.0099800399201596,True,True,0.079429058371094,0.0409532587216124,0.4341375559871135,0.5135666143582076,0.125,0.75,1.0,0.010928421965645,1.0,1.0,True,True
persistent_regime_alignment,0.6,132,8,7,True,0.0954190020511029,0.0059880239520958,True,True,0.0954190020511029,0.0973142392748502,0.4316797828614586,0.5270987849125615,0.125,0.875,1.0,0.0103330878781344,1.0,1.0,True,True
persistent_regime_alignment,0.6,133,8,3,False,-0.019888116567985,0.6087824351297405,False,False,-0.019888116567985,-0.0055850928282145,0.5862462957950022,0.5663581792270171,0.0,0.375,1.0,0.0122690142261712,1.0,1.0,True,True
persistent_regime_alignment,0.6,134,8,4,False,-0.0277936391347826,0.7365269461077845,False,False,-0.0277936391347826,-0.0103335892035966,0.568684841573787,0.5408912024390042,0.0,0.5,1.0,0.0112865280762818,1.0,1.0,True,True
persistent_regime_alignment,0.6,135,8,2,False,-0.0430589061915143,0.8023952095808383,False,False,-0.0430589061915143,-0.0864429108857283,0.6435403018684043,0.60048139567689,0.125,0.25,1.0,0.0116056813185294,1.0,1.0,True,True
persistent_regime_alignment,0.6,136,8,6,True,0.0183585094543653,0.3293413173652694,False,False,0.0183585094543653,0.0410210949868455,0.5475516339153549,0.5659101433697202,0.0,0.75,1.0,0.0126411147899286,1.0,1.0,True,True
persistent_regime_alignment,0.6,137,8,6,True,0.0451067977693644,0.1137724550898203,False,False,0.0451067977693644,0.0302789294116008,0.5483995173536329,0.5935063151229973,0.125,0.75,1.0,0.0111915602402561,1.0,1.0,True,True
persistent_regime_alignment,0.6,138,8,4,False,-0.0326552072077653,0.718562874251497,False,False,-0.0326552072077653,-0.0043389583505869,0.5739405694122208,0.5412853622044556,0.0,0.5,1.0,0.0122968005542589,1.0,1.0,True,True
persistent_regime_alignment,0.6,139,8,5,False,0.0703110957699608,0.0558882235528942,False,False,0.0703110957699608,0.0591970045191875,0.5249349494667115,0.5952460452366722,0.25,0.625,1.0,0.0131423042388375,1.0,1.0,True,True
persistent_regime_alignment,0.6,140,8,6,True,0.0522987283002627,0.0798403193612774,False,False,0.0522987283002627,0.0432453950505073,0.5019565460875468,0.5542552743878095,0.125,0.75,1.0,0.0162261038569387,1.0,1.0,True,True
persistent_regime_alignment,0.6,141,8,3,False,0.0008655723977035,0.4271457085828343,False,False,0.0008655723977035,-0.0103161528795209,0.5339036096756484,0.534769182073352,0.0,0.375,1.0,0.0117332803159006,1.0,1.0,True,True
persistent_regime_alignment,0.6,142,8,5,False,0.0685710698365772,0.029940119760479,True,False,0.0685710698365772,0.0508860290680646,0.4644745059880059,0.5330455758245831,0.25,0.625,1.0,0.0123278240414939,1.0,1.0,True,True
persistent_regime_alignment,0.6,143,8,4,False,0.0411741789137361,0.1097804391217564,False,False,0.0411741789137361,0.0236559984293755,0.5083580846067273,0.5495322635204634,0.125,0.5,1.0,0.0100106407386322,1.0,1.0,True,True
persistent_regime_alignment,0.6,144,8,5,False,0.0005699755320992,0.4630738522954092,False,False,0.0005699755320992,0.0178986042018059,0.4971830150370391,0.4977529905691383,0.0,0.625,1.0,0.0163667675927016,1.0,1.0,True,True
persistent_regime_alignment,0.6,145,8,3,False,-0.0269262270723477,0.6327345309381237,False,False,-0.0269262270723477,-0.0285541345927288,0.5076006652988401,0.4806744382264923,0.0,0.375,1.0,0.0115533620436034,1.0,1.0,True,True
persistent_regime_alignment,0.6,146,8,2,False,-0.0630467340797302,0.8822355289421158,False,False,-0.0630467340797302,-0.0842141736737132,0.634652976008074,0.5716062419283436,0.0,0.25,1.0,0.0135916234899669,1.0,1.0,True,True
persistent_regime_alignment,0.6,147,8,3,False,-0.0264903454859857,0.7145708582834331,False,False,-0.0264903454859857,-0.0296867505899365,0.5424163009753933,0.5159259554894075,0.0,0.375,1.0,0.0110193893817278,1.0,1.0,True,True
persistent_regime_alignment,0.6,148,8,6,True,0.0574496450869635,0.0538922155688622,False,False,0.0574496450869635,0.0821387685649262,0.4189870223606695,0.476436667447633,0.0,0.75,1.0,0.013018724760923,1.0,1.0,True,True
persistent_regime_alignment,0.6,149,8,2,False,-0.0325911157720603,0.7325349301397206,False,False,-0.0325911157720603,-0.0285876467777596,0.5475801697145135,0.5149890539424531,0.0,0.25,1.0,0.0129555783711078,1.0,1.0,True,True
persistent_regime_alignment,0.8,0,8,5,False,0.0436302725992792,0.1017964071856287,False,False,0.0436302725992792,0.03222968042528,0.3823742177693683,0.4260044903686476,0.25,0.625,1.0,0.0154991996431098,1.0,1.0,True,True
persistent_regime_alignment,0.8,1,8,4,False,-0.030286405305948,0.7485029940119761,False,False,-0.030286405305948,0.004405950382096,0.4550578394896817,0.4247714341837336,0.0,0.5,1.0,0.0167051216014302,1.0,1.0,True,True
persistent_regime_alignment,0.8,2,8,6,True,0.0157756036303615,0.2594810379241516,False,False,0.0157756036303615,0.012383347781861,0.3934450245506165,0.409220628180978,0.0,0.75,1.0,0.0152502355991067,1.0,1.0,True,True
persistent_regime_alignment,0.8,3,8,7,True,0.0517234490510566,0.0558882235528942,False,False,0.0517234490510566,0.0467486396752913,0.4193206831091188,0.4710441321601755,0.0,0.875,1.0,0.0194127592208997,1.0,1.0,True,True
persistent_regime_alignment,0.8,4,8,4,False,0.0038630183136605,0.4391217564870259,False,False,0.0038630183136605,0.0148132226685184,0.4879320123772258,0.4917950306908863,0.0,0.5,1.0,0.0158964930072133,1.0,1.0,True,True
persistent_regime_alignment,0.8,5,8,6,True,0.0294464626990636,0.1576846307385229,False,False,0.0294464626990636,0.0167744883573255,0.418129801509766,0.4475762642088296,0.0,0.75,1.0,0.0138591269784364,1.0,1.0,True,True
persistent_regime_alignment,0.8,6,8,3,False,-0.0237674824355322,0.7125748502994012,False,False,-0.0237674824355322,-0.0118258382922402,0.482049082043859,0.4582815996083267,0.0,0.375,1.0,0.0097752703712163,1.0,1.0,True,True
persistent_regime_alignment,0.8,7,8,4,False,0.0495136077742126,0.0578842315369261,False,False,0.0495136077742126,0.0199817108838167,0.4108490527856643,0.4603626605598769,0.25,0.5,1.0,0.0154787639461528,1.0,1.0,True,True
persistent_regime_alignment,0.8,8,8,3,False,0.0046006606914628,0.3652694610778443,False,False,0.0046006606914628,-0.0323992505158972,0.4215457371726017,0.4261463978640645,0.125,0.375,1.0,0.0148555318418976,1.0,1.0,True,True
persistent_regime_alignment,0.8,9,8,6,True,0.0133082578229932,0.2674650698602794,False,False,0.0133082578229932,0.0359487862983996,0.4252815156640339,0.4385897734870272,0.0,0.75,1.0,0.0168183135557099,1.0,1.0,True,True
persistent_regime_alignment,0.8,10,8,4,False,-0.0180152692170002,0.6447105788423154,False,False,-0.0180152692170002,-0.0059942915225231,0.4562276054440968,0.4382123362270965,0.0,0.5,1.0,0.0141192321218769,1.0,1.0,True,True
persistent_regime_alignment,0.8,11,8,6,True,0.0547299825321616,0.0439121756487025,True,True,0.0547299825321616,0.0543666644531475,0.3688562913900948,0.4235862739222564,0.125,0.75,1.0,0.013286768385386,1.0,1.0,True,True
persistent_regime_alignment,0.8,12,8,3,False,-0.0523239970100111,0.8922155688622755,False,False,-0.0523239970100111,-0.0312183496285299,0.4608698667802752,0.4085458697702641,0.0,0.375,1.0,0.0115187965975366,1.0,1.0,True,True
persistent_regime_alignment,0.8,13,8,5,False,0.0174740153006722,0.2534930139720558,False,False,0.0174740153006722,0.0136069253011509,0.403514190095142,0.4209882053958142,0.125,0.625,1.0,0.0154488688181157,1.0,1.0,True,True
persistent_regime_alignment,0.8,14,8,4,False,0.0006742639035477,0.469061876247505,False,False,0.0006742639035477,-0.013201450230681,0.4039154703773743,0.4045897342809221,0.0,0.5,1.0,0.0197331142347802,1.0,1.0,True,True
persistent_regime_alignment,0.8,15,8,5,False,0.0796028550847045,0.0039920159680638,True,False,0.0796028550847045,0.0637493229779024,0.3905692913140915,0.470172146398796,0.25,0.625,1.0,0.0166882256521681,1.0,1.0,True,True
persistent_regime_alignment,0.8,16,8,3,False,-0.0221679974250435,0.718562874251497,False,False,-0.0221679974250435,-0.0392419723054803,0.4581220490568669,0.4359540516318233,0.0,0.375,1.0,0.013843817569231,1.0,1.0,True,True
persistent_regime_alignment,0.8,17,8,3,False,-0.0175727627978251,0.6327345309381237,False,False,-0.0175727627978251,-0.0374614923568747,0.4619856778692217,0.4444129150713966,0.0,0.375,1.0,0.0122939727118358,1.0,1.0,True,True
persistent_regime_alignment,0.8,18,8,5,False,-0.0110477476306144,0.5508982035928144,False,False,-0.0110477476306144,0.0129550178739156,0.3959971148659589,0.3849493672353445,0.125,0.625,1.0,0.0171505388985153,1.0,1.0,True,True
persistent_regime_alignment,0.8,19,8,4,False,-0.0158378584704017,0.6227544910179641,False,False,-0.0158378584704017,-0.0092445371244295,0.4085012592274907,0.3926634007570889,0.0,0.5,1.0,0.0138927208719525,1.0,1.0,True,True
persistent_regime_alignment,0.8,20,8,4,False,-0.0429546852585431,0.8483033932135728,False,False,-0.0429546852585431,-0.0609096768176094,0.4533622101220931,0.41040752486355,0.25,0.5,1.0,0.0158527214576385,1.0,1.0,True,True
persistent_regime_alignment,0.8,21,8,5,False,0.0094780137541208,0.3952095808383233,False,False,0.0094780137541208,0.0178792056355927,0.471597610722117,0.4810756244762378,0.0,0.625,1.0,0.0186476041848786,1.0,1.0,True,True
persistent_regime_alignment,0.8,22,8,3,False,-0.0100214569337901,0.5469061876247505,False,False,-0.0100214569337901,-0.0382873202798014,0.4684585058720973,0.4584370489383071,0.0,0.375,1.0,0.0190027057019877,1.0,1.0,True,True
persistent_regime_alignment,0.8,23,8,6,True,0.0501940246823129,0.0518962075848303,False,False,0.0501940246823129,0.0358656911820674,0.3978188086572807,0.4480128333395936,0.125,0.75,1.0,0.0152577266053426,1.0,1.0,True,True
persistent_regime_alignment,0.8,24,8,5,False,0.0565975506555229,0.029940119760479,True,False,0.0565975506555229,0.0419280359791006,0.3916437571998143,0.4482413078553373,0.125,0.625,1.0,0.013586423486445,1.0,1.0,True,True
persistent_regime_alignment,0.8,25,8,7,True,0.092041894078819,0.0039920159680638,True,True,0.092041894078819,0.0968562663091628,0.4014396397226402,0.4934815338014592,0.125,0.875,1.0,0.0137198182700936,1.0,1.0,True,True
persistent_regime_alignment,0.8,26,8,3,False,-0.0047170733405548,0.4650698602794411,False,False,-0.0047170733405548,-0.0078947930912874,0.4048103936558604,0.4000933203153056,0.0,0.375,1.0,0.01468673916361,1.0,1.0,True,True
persistent_regime_alignment,0.8,27,8,5,False,0.0488509884145018,0.0978043912175648,False,False,0.0488509884145018,0.0560498353912879,0.4318514258644492,0.4807024142789511,0.25,0.625,1.0,0.0190254704571737,1.0,1.0,True,True
persistent_regime_alignment,0.8,28,8,4,False,0.0339607103647355,0.1197604790419161,False,False,0.0339607103647355,0.0005812967670837,0.385444056907214,0.4194047672719496,0.125,0.5,1.0,0.0135824228373955,1.0,1.0,True,True
persistent_regime_alignment,0.8,29,8,3,False,-0.0196407153982284,0.6926147704590818,False,False,-0.0196407153982284,-0.0297449509811703,0.5145941186061891,0.4949534032079607,0.0,0.375,1.0,0.0148352770760049,1.0,1.0,True,True
persistent_regime_alignment,0.8,30,8,4,False,-0.027934349759506,0.718562874251497,False,False,-0.027934349759506,-0.0044218281088277,0.4685116196307208,0.4405772698712147,0.125,0.5,1.0,0.0218565510046383,1.0,1.0,True,True
persistent_regime_alignment,0.8,31,8,6,True,0.0473616432716479,0.0379241516966067,True,True,0.0473616432716479,0.0662358005424455,0.3789255481290631,0.4262871914007111,0.0,0.75,1.0,0.0112962301646517,1.0,1.0,True,True
persistent_regime_alignment,0.8,32,8,4,False,-0.0212706119462716,0.6966067864271457,False,False,-0.0212706119462716,0.0321674512054488,0.4378497725463526,0.4165791606000809,0.125,0.5,1.0,0.0140037184962764,1.0,1.0,True,True
persistent_regime_alignment,0.8,33,8,5,False,0.0143744754012317,0.2574850299401197,False,False,0.0143744754012317,0.0357284290052252,0.4406091420934247,0.4549836174946564,0.0,0.625,1.0,0.0151655444952707,1.0,1.0,True,True
persistent_regime_alignment,0.8,34,8,3,False,-0.0522638653882812,0.8962075848303394,False,False,-0.0522638653882812,-0.0946938910421589,0.5336843988751381,0.4814205334868567,0.0,0.375,1.0,0.018922247962948,1.0,1.0,True,True
persistent_regime_alignment,0.8,35,8,5,False,0.0414385689422349,0.091816367265469,False,False,0.0414385689422349,0.015162501821514,0.4004038256630739,0.4418423946053089,0.125,0.625,1.0,0.0157400489362398,1.0,1.0,True,True
persistent_regime_alignment,0.8,36,8,8,True,0.0859519705444106,0.0019960079840319,True,True,0.0859519705444106,0.1102590188638424,0.3434575878941859,0.4294095584385965,0.125,1.0,1.0,0.0148000839990175,1.0,1.0,True,True
persistent_regime_alignment,0.8,37,8,5,False,-0.0003017813624824,0.4570858283433133,False,False,-0.0003017813624824,0.0460530156558823,0.4597600165124313,0.4594582351499489,0.125,0.625,1.0,0.0142993832681153,1.0,1.0,True,True
persistent_regime_alignment,0.8,38,8,2,False,-0.0902070224377964,0.9920159680638724,False,False,-0.0902070224377964,-0.0416033698716885,0.5585022071722339,0.4682951847344375,0.125,0.25,1.0,0.0158911608491872,1.0,1.0,True,True
persistent_regime_alignment,0.8,39,8,5,False,0.0264960383819244,0.2075848303393213,False,False,0.0264960383819244,0.0246589920218143,0.4229202974248939,0.4494163358068183,0.0,0.625,1.0,0.013092735076043,1.0,1.0,True,True
persistent_regime_alignment,0.8,40,8,4,False,-0.0237175017180583,0.7564870259481038,False,False,-0.0237175017180583,0.0077591360220936,0.4444228002647616,0.4207052985467033,0.0,0.5,1.0,0.0158835037133183,1.0,1.0,True,True
persistent_regime_alignment,0.8,41,8,3,False,-0.0415514748316801,0.8183632734530938,False,False,-0.0415514748316801,-0.0244015930378597,0.5060713419154016,0.4645198670837214,0.0,0.375,1.0,0.0133594911205129,1.0,1.0,True,True
persistent_regime_alignment,0.8,42,8,1,False,-0.0582540633325958,0.9181636726546906,False,False,-0.0582540633325958,-0.0458082437858165,0.4983195449180664,0.4400654815854706,0.0,0.125,1.0,0.0167626542311388,1.0,1.0,True,True
persistent_regime_alignment,0.8,43,8,4,False,-0.0057852647906563,0.4950099800399201,False,False,-0.0057852647906563,0.0039570570888835,0.4926835578423543,0.4868982930516979,0.0,0.5,1.0,0.0137495577043714,1.0,1.0,True,True
persistent_regime_alignment,0.8,44,8,6,True,0.0308852213049718,0.1217564870259481,False,False,0.0308852213049718,0.0832446431140358,0.4230831984210938,0.4539684197260657,0.25,0.75,1.0,0.0131916502549674,1.0,1.0,True,True
persistent_regime_alignment,0.8,45,8,6,True,0.0299536501088375,0.1516966067864271,False,False,0.0299536501088375,0.0312195048566782,0.3950765337482992,0.4250301838571368,0.25,0.75,1.0,0.0240473977203749,1.0,1.0,True,True
persistent_regime_alignment,0.8,46,8,1,False,-0.0420288809495468,0.8762475049900199,False,False,-0.0420288809495468,-0.065347372320785,0.4696278785260991,0.4275989975765523,0.0,0.125,1.0,0.0141688100419955,1.0,1.0,True,True
persistent_regime_alignment,0.8,47,8,5,False,0.0102521057922258,0.3832335329341317,False,False,0.0102521057922258,0.0129479371337416,0.4596824315915759,0.4699345373838017,0.125,0.625,1.0,0.0130314490013765,1.0,1.0,True,True
persistent_regime_alignment,0.8,48,8,2,False,0.0001474444324268,0.4530938123752495,False,False,0.0001474444324268,-0.054633946038487,0.459318812175489,0.4594662566079158,0.25,0.25,1.0,0.0138879983686827,1.0,1.0,True,True
persistent_regime_alignment,0.8,49,8,3,False,0.0096792464883141,0.3233532934131736,False,False,0.0096792464883141,-0.0220055881864177,0.3962766931147459,0.4059559396030601,0.0,0.375,1.0,0.0123001283086568,1.0,1.0,True,True
persistent_regime_alignment,0.8,50,8,3,False,-0.0601820780042445,0.9181636726546906,False,False,-0.0601820780042445,-0.0721782558203671,0.4659955766287895,0.405813498624545,0.0,0.375,1.0,0.0172005379651256,1.0,1.0,True,True
persistent_regime_alignment,0.8,51,8,5,False,0.0051816201570219,0.4011976047904191,False,False,0.0051816201570219,0.0504951413135909,0.428861154379781,0.4340427745368029,0.125,0.625,1.0,0.0161625106670006,1.0,1.0,True,True
persistent_regime_alignment,0.8,52,8,3,False,-0.0338293410505172,0.8003992015968064,False,False,-0.0338293410505172,-0.0331121793586216,0.4818213447661701,0.4479920037156528,0.125,0.375,1.0,0.0116128546342831,1.0,1.0,True,True
persistent_regime_alignment,0.8,53,8,6,True,0.0505734393394399,0.0479041916167664,True,True,0.0505734393394399,0.0566491841837328,0.3775032479293913,0.4280766872688313,0.0,0.75,1.0,0.0197103226275009,1.0,1.0,True,True
persistent_regime_alignment,0.8,54,8,5,False,0.025166854039028,0.1516966067864271,False,False,0.025166854039028,0.0023634944825756,0.4012164009766038,0.4263832550156319,0.125,0.625,1.0,0.0148816733193576,1.0,1.0,True,True
persistent_regime_alignment,0.8,55,8,6,True,0.0414946645348174,0.0878243512974051,False,False,0.0414946645348174,0.0923837930155865,0.3677368609748187,0.4092315255096361,0.125,0.75,1.0,0.0189881360968673,1.0,1.0,True,True
persistent_regime_alignment,0.8,56,8,5,False,-0.0073959580162805,0.5728542914171657,False,False,-0.0073959580162805,0.0207419022543721,0.4224691178876567,0.4150731598713761,0.125,0.625,1.0,0.0162330690125641,1.0,1.0,True,True
persistent_regime_alignment,0.8,57,8,5,False,0.0097783874002165,0.3053892215568862,False,False,0.0097783874002165,0.0313765998150819,0.4302056363708563,0.4399840237710729,0.125,0.625,1.0,0.0126907839568672,1.0,1.0,True,True
persistent_regime_alignment,0.8,58,8,7,True,0.0595618173122772,0.0439121756487025,True,True,0.0595618173122772,0.0707998067998973,0.4120759989985906,0.4716378163108677,0.0,0.875,1.0,0.0126206288916846,1.0,1.0,True,True
persistent_regime_alignment,0.8,59,8,8,True,0.09694308666138,0.0079840319361277,True,True,0.09694308666138,0.0903669856656971,0.3329368940797891,0.4298799807411692,0.125,1.0,1.0,0.0148645614223122,1.0,1.0,True,True
persistent_regime_alignment,0.8,60,8,3,False,-0.0406405388596216,0.8423153692614771,False,False,-0.0406405388596216,-0.0402686240127019,0.4933944193214451,0.4527538804618235,0.125,0.375,1.0,0.0103967825767578,1.0,1.0,True,True
persistent_regime_alignment,0.8,61,8,5,False,0.0131073624893796,0.3393213572854291,False,False,0.0131073624893796,0.0492682142005463,0.4533721832695823,0.466479545758962,0.0,0.625,1.0,0.015559491011261,1.0,1.0,True,True
persistent_regime_alignment,0.8,62,8,3,False,-0.0409962443174396,0.8542914171656687,False,False,-0.0409962443174396,-0.0405700412353996,0.4754147630170784,0.4344185186996387,0.125,0.375,1.0,0.0191650159130556,1.0,1.0,True,True
persistent_regime_alignment,0.8,63,8,5,False,0.0564413258741592,0.0499001996007984,True,False,0.0564413258741592,0.0075171872148274,0.4149432290961614,0.4713845549703206,0.125,0.625,1.0,0.0138225366220388,1.0,1.0,True,True
persistent_regime_alignment,0.8,64,8,2,False,-0.0308919494654428,0.7784431137724551,False,False,-0.0308919494654428,-0.0497826150862373,0.4347407780288527,0.4038488285634097,0.0,0.25,1.0,0.0141933359387011,1.0,1.0,True,True
persistent_regime_alignment,0.8,65,8,7,True,0.0788407900997915,0.0079840319361277,True,True,0.0788407900997915,0.0755121363789297,0.4315846623488164,0.510425452448608,0.0,0.875,1.0,0.0141282055801139,1.0,1.0,True,True
persistent_regime_alignment,0.8,66,8,4,False,0.0046886696428018,0.4211576846307385,False,False,0.0046886696428018,-0.0199445606039411,0.4883243153143581,0.4930129849571599,0.125,0.5,1.0,0.0180045737225459,1.0,1.0,True,True
persistent_regime_alignment,0.8,67,8,4,False,0.0094544690095993,0.3393213572854291,False,False,0.0094544690095993,0.0038050017981346,0.4261273767319358,0.4355818457415351,0.0,0.5,1.0,0.0163244057904555,1.0,1.0,True,True
persistent_regime_alignment,0.8,68,8,4,False,-0.0189672958526484,0.6227544910179641,False,False,-0.0189672958526484,0.0144074723490898,0.4551829651616943,0.4362156693090459,0.0,0.5,1.0,0.0129865871243477,1.0,1.0,True,True
persistent_regime_alignment,0.8,69,8,6,True,0.0138193521029252,0.2874251497005988,False,False,0.0138193521029252,0.0658291102278415,0.4415097416972149,0.4553290938001402,0.0,0.75,1.0,0.0166172954020556,1.0,1.0,True,True
persistent_regime_alignment,0.8,70,8,5,False,-0.0204213728396514,0.6766467065868264,False,False,-0.0204213728396514,0.0184213778613259,0.4624298913737574,0.442008518534106,0.0,0.625,1.0,0.0194087739837799,1.0,1.0,True,True
persistent_regime_alignment,0.8,71,8,5,False,0.0294089611429063,0.1357285429141716,False,False,0.0294089611429063,0.0666158947908976,0.4083859284159837,0.4377948895588901,0.25,0.625,1.0,0.0128396040519313,1.0,1.0,True,True
persistent_regime_alignment,0.8,72,8,4,False,0.0301288045088814,0.1197604790419161,False,False,0.0301288045088814,0.0186178677415131,0.4333409674644265,0.4634697719733079,0.125,0.5,1.0,0.0129089325785626,1.0,1.0,True,True
persistent_regime_alignment,0.8,73,8,6,True,0.0588117912879205,0.0239520958083832,True,True,0.0588117912879205,0.0681825048372182,0.3823389436624586,0.4411507349503791,0.5,0.75,1.0,0.0172242842516996,1.0,1.0,True,True
persistent_regime_alignment,0.8,74,8,6,True,0.0063590396374955,0.4071856287425149,False,False,0.0063590396374955,0.0459978269728091,0.4493279632543043,0.4556870028917998,0.25,0.75,1.0,0.0171501960506398,1.0,1.0,True,True
persistent_regime_alignment,0.8,75,8,5,False,0.023309562242339,0.1936127744510978,False,False,0.023309562242339,0.0159408807196929,0.3954658055135934,0.4187753677559325,0.125,0.625,1.0,0.013514200747317,1.0,1.0,True,True
persistent_regime_alignment,0.8,76,8,4,False,0.030446961039631,0.1576846307385229,False,False,0.030446961039631,0.0012698326013497,0.4632105443282017,0.4936575053678328,0.125,0.5,1.0,0.0160606849981509,1.0,1.0,True,True
persistent_regime_alignment,0.8,77,8,5,False,0.0181961879384501,0.2654690618762475,False,False,0.0181961879384501,0.0372792727688875,0.4275949862258286,0.4457911741642787,0.0,0.625,1.0,0.0175469075874318,1.0,1.0,True,True
persistent_regime_alignment,0.8,78,8,5,False,0.0576099891538183,0.0419161676646706,True,False,0.0576099891538183,0.0625300877346684,0.3963144919453811,0.4539244810991995,0.25,0.625,1.0,0.0165855585604784,1.0,1.0,True,True
persistent_regime_alignment,0.8,79,8,4,False,-0.013252710836786,0.5968063872255489,False,False,-0.013252710836786,-0.0231816689586651,0.463891753205486,0.4506390423686999,0.0,0.5,1.0,0.0181520231552756,1.0,1.0,True,True
persistent_regime_alignment,0.8,80,8,7,True,0.0230332543118905,0.1776447105788423,False,False,0.0230332543118905,0.0298405123169397,0.439319727758672,0.4623529820705625,0.125,0.875,1.0,0.0155881014225129,1.0,1.0,True,True
persistent_regime_alignment,0.8,81,8,4,False,0.0217936749926117,0.1776447105788423,False,False,0.0217936749926117,-0.0009424714405927,0.36270478444384,0.3844984594364516,0.0,0.5,1.0,0.0179106767712096,1.0,1.0,True,True
persistent_regime_alignment,0.8,82,8,5,False,0.006977013934535,0.2914171656686626,False,False,0.006977013934535,0.0208582043343731,0.3658069094686591,0.3727839234031941,0.0,0.625,1.0,0.0117660702958298,1.0,1.0,True,True
persistent_regime_alignment,0.8,83,8,5,False,0.0101325090468534,0.3273453093812375,False,False,0.0101325090468534,0.0300816118355675,0.4595081318501337,0.4696406408969872,0.0,0.625,1.0,0.0153066011096829,1.0,1.0,True,True
persistent_regime_alignment,0.8,84,8,2,False,-0.0582223598749942,0.9560878243512974,False,False,-0.0582223598749942,-0.0606603774354087,0.4997253526047297,0.4415029927297353,0.0,0.25,1.0,0.0097148645421664,1.0,1.0,True,True
persistent_regime_alignment,0.8,85,8,4,False,0.0016736260647122,0.4411177644710579,False,False,0.0016736260647122,0.0013734101585431,0.4228948622516277,0.42456848831634,0.125,0.5,1.0,0.0165871977467682,1.0,1.0,True,True
persistent_regime_alignment,0.8,86,8,3,False,-0.0372142431245834,0.8363273453093812,False,False,-0.0372142431245834,-0.04352078181892,0.4863045940555715,0.449090350930988,0.0,0.375,1.0,0.0190798631865508,1.0,1.0,True,True
persistent_regime_alignment,0.8,87,8,5,False,-0.0030273789046184,0.4770459081836327,False,False,-0.0030273789046184,0.0090963524207379,0.4225957327627476,0.4195683538581292,0.125,0.625,1.0,0.0147240788603417,1.0,1.0,True,True
persistent_regime_alignment,0.8,88,8,3,False,-0.0065030735153101,0.4850299401197604,False,False,-0.0065030735153101,-0.0285539358827001,0.4457385018123305,0.4392354282970203,0.125,0.375,1.0,0.0144503115835913,1.0,1.0,True,True
persistent_regime_alignment,0.8,89,8,3,False,0.0304876709191497,0.1477045908183632,False,False,0.0304876709191497,-0.0030224587440377,0.4212889655991082,0.451776636518258,0.125,0.375,1.0,0.0152301614424745,1.0,1.0,True,True
persistent_regime_alignment,0.8,90,8,3,False,-0.0204212568009991,0.6686626746506986,False,False,-0.0204212568009991,-0.0438421029125312,0.4499494733152604,0.4295282165142613,0.0,0.375,1.0,0.0133776953521203,1.0,1.0,True,True
persistent_regime_alignment,0.8,91,8,6,True,0.0306382711941661,0.1297405189620758,False,False,0.0306382711941661,0.038452316116469,0.3940448052574634,0.4246830764516295,0.0,0.75,1.0,0.0204762122615842,1.0,1.0,True,True
persistent_regime_alignment,0.8,92,8,5,False,0.0464090998087472,0.059880239520958,False,False,0.0464090998087472,0.0458615507493738,0.3730344606418188,0.419443560450566,0.25,0.625,1.0,0.0166915730560563,1.0,1.0,True,True
persistent_regime_alignment,0.8,93,8,3,False,-0.0209416160241016,0.6387225548902196,False,False,-0.0209416160241016,-0.034274029479986,0.4822422735717923,0.4613006575476907,0.0,0.375,1.0,0.0147416048898177,1.0,1.0,True,True
persistent_regime_alignment,0.8,94,8,3,False,-0.0096370621359518,0.5109780439121756,False,False,-0.0096370621359518,-0.0402496184816383,0.4138161634582618,0.4041791013223099,0.125,0.375,1.0,0.0183048202870762,1.0,1.0,True,True
persistent_regime_alignment,0.8,95,8,5,False,-0.0105884544387834,0.6007984031936128,False,False,-0.0105884544387834,0.0518000723699453,0.5181670959357374,0.507578641496954,0.0,0.625,1.0,0.0171633654013158,1.0,1.0,True,True
persistent_regime_alignment,0.8,96,8,6,True,0.0654978996039849,0.0259481037924151,True,True,0.0654978996039849,0.057116026357799,0.4043165666229804,0.4698144662269654,0.25,0.75,1.0,0.013380114053415,1.0,1.0,True,True
persistent_regime_alignment,0.8,97,8,7,True,0.0518076462038886,0.0698602794411177,False,False,0.0518076462038886,0.0425731242272387,0.4221820190562941,0.4739896652601827,0.0,0.875,1.0,0.0152979700456556,1.0,1.0,True,True
persistent_regime_alignment,0.8,98,8,4,False,0.0198995633982919,0.1576846307385229,False,False,0.0198995633982919,0.0448738000908282,0.330459954379009,0.3503595177773009,0.125,0.5,1.0,0.0158533672096267,1.0,1.0,True,True
persistent_regime_alignment,0.8,99,8,3,False,-0.0144626886696717,0.5768463073852296,False,False,-0.0144626886696717,-0.024811694269002,0.4668439478365214,0.4523812591668495,0.125,0.375,1.0,0.0157770822075212,1.0,1.0,True,True
persistent_regime_alignment,0.8,100,8,3,False,0.0030997669313754,0.4071856287425149,False,False,0.0030997669313754,-0.0236829578099525,0.4615636459632103,0.4646634128945857,0.125,0.375,1.0,0.0162069019741306,1.0,1.0,True,True
persistent_regime_alignment,0.8,101,8,5,False,0.0239108093976094,0.1916167664670658,False,False,0.0239108093976094,0.0223552827228686,0.4248073171973263,0.4487181265949357,0.25,0.625,1.0,0.0161958858883659,1.0,1.0,True,True
persistent_regime_alignment,0.8,102,8,5,False,0.0064817232773634,0.3572854291417165,False,False,0.0064817232773634,0.0471555130270006,0.4431722951863547,0.4496540184637182,0.125,0.625,1.0,0.014817525832702,1.0,1.0,True,True
persistent_regime_alignment,0.8,103,8,6,True,0.0647697133177326,0.0159680638722554,True,True,0.0647697133177326,0.1039017663995335,0.3628651415216787,0.4276348548394114,0.375,0.75,1.0,0.0135507320125674,1.0,1.0,True,True
persistent_regime_alignment,0.8,104,8,7,True,0.0596656972458003,0.0119760479041916,True,True,0.0596656972458003,0.0699697949607774,0.351536772138442,0.4112024693842423,0.125,0.875,1.0,0.0111463908754233,1.0,1.0,True,True
persistent_regime_alignment,0.8,105,8,6,True,0.0484781301814191,0.0518962075848303,False,False,0.0484781301814191,0.0473458047736184,0.368937671465972,0.4174158016473911,0.125,0.75,1.0,0.0200356888976358,1.0,1.0,True,True
persistent_regime_alignment,0.8,106,8,4,False,0.0001132306354758,0.4411177644710579,False,False,0.0001132306354758,0.004887800170764,0.4044503614351353,0.4045635920706112,0.125,0.5,1.0,0.0136944887068513,1.0,1.0,True,True
persistent_regime_alignment,0.8,107,8,4,False,0.0220862945514483,0.2295409181636726,False,False,0.0220862945514483,0.0261746940219158,0.4229359352200786,0.4450222297715269,0.125,0.5,1.0,0.0151223133589049,1.0,1.0,True,True
persistent_regime_alignment,0.8,108,8,4,False,-0.0137454548949633,0.5788423153692615,False,False,-0.0137454548949633,0.0039270752855308,0.437737322186685,0.4239918672917216,0.25,0.5,1.0,0.01464559466427,1.0,1.0,True,True
persistent_regime_alignment,0.8,109,8,2,False,-0.0783015304085242,0.996007984031936,False,False,-0.0783015304085242,-0.0284621340096874,0.4958630033180652,0.417561472909541,0.0,0.25,1.0,0.0140345233478329,1.0,1.0,True,True
persistent_regime_alignment,0.8,110,8,2,False,-0.026139361496322,0.6806387225548902,False,False,-0.026139361496322,-0.037437047714344,0.4669576762924879,0.4408183147961659,0.0,0.25,1.0,0.016346619640041,1.0,1.0,True,True
persistent_regime_alignment,0.8,111,8,4,False,0.0016526305056236,0.3992015968063872,False,False,0.0016526305056236,0.0028969983355814,0.421980502631833,0.4236331331374566,0.25,0.5,1.0,0.0148951415496718,1.0,1.0,True,True
persistent_regime_alignment,0.8,112,8,3,False,-0.0265721770827312,0.6966067864271457,False,False,-0.0265721770827312,-0.0608989346313919,0.5066239495366993,0.4800517724539679,0.0,0.375,1.0,0.0157623995129523,1.0,1.0,True,True
persistent_regime_alignment,0.8,113,8,4,False,0.0276156110392441,0.1497005988023952,False,False,0.0276156110392441,0.0009418429374179,0.3728278552956765,0.4004434663349206,0.25,0.5,1.0,0.0198405818593235,1.0,1.0,True,True
persistent_regime_alignment,0.8,114,8,3,False,-0.0837216938688307,0.9700598802395208,False,False,-0.0837216938688307,-0.1560364193356649,0.5242607836281282,0.4405390897592974,0.125,0.375,1.0,0.0179057747908004,1.0,1.0,True,True
persistent_regime_alignment,0.8,115,8,2,False,-0.1047408040886145,0.996007984031936,False,False,-0.1047408040886145,-0.0727794291798683,0.5267029750714654,0.4219621709828507,0.125,0.25,1.0,0.0169162539822957,1.0,1.0,True,True
persistent_regime_alignment,0.8,116,8,4,False,0.0071143882321586,0.4111776447105788,False,False,0.0071143882321586,0.0130856565689071,0.4414454863940932,0.4485598746262519,0.0,0.5,1.0,0.013372840845005,1.0,1.0,True,True
persistent_regime_alignment,0.8,117,8,5,False,-0.0190734378586895,0.6367265469061876,False,False,-0.0190734378586895,0.0228861501548488,0.4582816303955566,0.439208192536867,0.125,0.625,1.0,0.0131229954617346,1.0,1.0,True,True
persistent_regime_alignment,0.8,118,8,5,False,-0.0020856107421218,0.5109780439121756,False,False,-0.0020856107421218,0.0107642485458947,0.4316022123267025,0.4295166015845807,0.125,0.625,1.0,0.0128199092440775,1.0,1.0,True,True
persistent_regime_alignment,0.8,119,8,3,False,0.022209016895011,0.2554890219560878,False,False,0.022209016895011,-0.0470190988042909,0.4307545823168085,0.4529635992118195,0.25,0.375,1.0,0.0152886006245158,1.0,1.0,True,True
persistent_regime_alignment,0.8,120,8,3,False,-0.0519790608668082,0.9181636726546906,False,False,-0.0519790608668082,-0.0139186628014569,0.5422929584320089,0.4903138975652007,0.0,0.375,1.0,0.0163618898290472,1.0,1.0,True,True
persistent_regime_alignment,0.8,121,8,4,False,0.0042473134300313,0.3712574850299401,False,False,0.0042473134300313,0.0005378590950136,0.4339938299401414,0.4382411433701728,0.0,0.5,1.0,0.0187375998424981,1.0,1.0,True,True
persistent_regime_alignment,0.8,122,8,4,False,0.0212545112404037,0.2255489021956087,False,False,0.0212545112404037,0.0072128980234602,0.4197095762007287,0.4409640874411324,0.375,0.5,1.0,0.0172696301724944,1.0,1.0,True,True
persistent_regime_alignment,0.8,123,8,4,False,-0.0522080150099384,0.9021956087824352,False,False,-0.0522080150099384,0.0027588823962736,0.4877625399517206,0.4355545249417822,0.0,0.5,1.0,0.0138532077426304,1.0,1.0,True,True
persistent_regime_alignment,0.8,124,8,6,True,0.0280121285848711,0.1477045908183632,False,False,0.0280121285848711,0.0331419203531726,0.355767107362242,0.3837792359471131,0.125,0.75,1.0,0.0138646482740169,1.0,1.0,True,True
persistent_regime_alignment,0.8,125,8,6,True,0.0306014949070719,0.1417165668662674,False,False,0.0306014949070719,0.040910222507396,0.3910593159522553,0.4216608108593273,0.0,0.75,1.0,0.0140080369142111,1.0,1.0,True,True
persistent_regime_alignment,0.8,126,8,4,False,0.0254703732128696,0.2035928143712574,False,False,0.0254703732128696,-0.0014433223244981,0.4699762858354982,0.4954466590483679,0.25,0.5,1.0,0.0118579827255446,1.0,1.0,True,True
persistent_regime_alignment,0.8,127,8,4,False,-0.0185765186520551,0.6367265469061876,False,False,-0.0185765186520551,-0.0057925931505584,0.4428591889654926,0.4242826703134374,0.25,0.5,1.0,0.0213108768383432,1.0,1.0,True,True
persistent_regime_alignment,0.8,128,8,6,True,0.0305993918927339,0.1417165668662674,False,False,0.0305993918927339,0.0516696662073908,0.4239702210653149,0.4545696129580489,0.125,0.75,1.0,0.0153803511015921,1.0,1.0,True,True
persistent_regime_alignment,0.8,129,8,3,False,-0.0194442897548767,0.6407185628742516,False,False,-0.0194442897548767,-0.0334816864242915,0.448928323736271,0.4294840339813943,0.125,0.375,1.0,0.0184988204903162,1.0,1.0,True,True
persistent_regime_alignment,0.8,130,8,4,False,0.0119544675815403,0.343313373253493,False,False,0.0119544675815403,0.0233432606755688,0.4609375316207513,0.4728919992022917,0.125,0.5,1.0,0.0134531792750685,1.0,1.0,True,True
persistent_regime_alignment,0.8,131,8,3,False,-0.0104265032204249,0.5828343313373253,False,False,-0.0104265032204249,-0.0243290362602948,0.4541089694440167,0.4436824662235917,0.0,0.375,1.0,0.0110264305372358,1.0,1.0,True,True
persistent_regime_alignment,0.8,132,8,3,False,-0.054627936109578,0.8842315369261478,False,False,-0.054627936109578,-0.0336946740063331,0.5427456892469654,0.4881177531373874,0.0,0.375,1.0,0.013765148492122,1.0,1.0,True,True
persistent_regime_alignment,0.8,133,8,5,False,-0.0095306636495878,0.6027944111776448,False,False,-0.0095306636495878,0.0346514160722793,0.5054718565716295,0.4959411929220416,0.0,0.625,1.0,0.0168880304879311,1.0,1.0,True,True
persistent_regime_alignment,0.8,134,8,4,False,-0.0643011007456939,0.9640718562874252,False,False,-0.0643011007456939,-0.0059359174521888,0.494926254213482,0.4306251534677881,0.0,0.5,1.0,0.0156295289216882,1.0,1.0,True,True
persistent_regime_alignment,0.8,135,8,5,False,0.0242701345375968,0.1896207584830339,False,False,0.0242701345375968,0.021708600848918,0.3995641864927414,0.4238343210303382,0.125,0.625,1.0,0.0181867223095881,1.0,1.0,True,True
persistent_regime_alignment,0.8,136,8,2,False,-0.0679198052966934,0.9500998003992016,False,False,-0.0679198052966934,-0.0504126728486856,0.5449693101240294,0.4770495048273359,0.0,0.25,1.0,0.0119804223101279,1.0,1.0,True,True
persistent_regime_alignment,0.8,137,8,6,True,0.0543628468454246,0.0558882235528942,False,False,0.0543628468454246,0.0914667820354082,0.3946175396540379,0.4489803864994626,0.25,0.75,1.0,0.0104863436951819,1.0,1.0,True,True
persistent_regime_alignment,0.8,138,8,6,True,0.0437921556227175,0.0758483033932135,False,False,0.0437921556227175,0.0508304989039475,0.3681739483035301,0.4119661039262476,0.0,0.75,1.0,0.0153573857541274,1.0,1.0,True,True
persistent_regime_alignment,0.8,139,8,5,False,0.0339844156326778,0.1397205588822355,False,False,0.0339844156326778,0.0277999079065083,0.4292666208039782,0.4632510364366561,0.0,0.625,1.0,0.0122003071007386,1.0,1.0,True,True
persistent_regime_alignment,0.8,140,8,1,False,-0.0426649528864293,0.906187624750499,False,False,-0.0426649528864293,-0.0273509241215649,0.4279766041117623,0.3853116512253329,0.0,0.125,1.0,0.0221493750393125,1.0,1.0,True,True
persistent_regime_alignment,0.8,141,8,3,False,-0.0399476396444877,0.8323353293413174,False,False,-0.0399476396444877,-0.0638669269611043,0.5422964006995474,0.5023487610550597,0.0,0.375,1.0,0.0144874050861037,1.0,1.0,True,True
persistent_regime_alignment,0.8,142,8,5,False,0.0100639304436478,0.3253493013972056,False,False,0.0100639304436478,0.0202491985985908,0.4672052405276662,0.477269170971314,0.0,0.625,1.0,0.0136830076399952,1.0,1.0,True,True
persistent_regime_alignment,0.8,143,8,4,False,0.0226389607339896,0.1916167664670658,False,False,0.0226389607339896,0.0055972720415267,0.4498454936723791,0.4724844544063687,0.0,0.5,1.0,0.014013521861405,1.0,1.0,True,True
persistent_regime_alignment,0.8,144,8,4,False,-0.0657060311158928,0.9481037924151696,False,False,-0.0657060311158928,-0.0068411797769771,0.443035627809939,0.3773295966940462,0.0,0.5,1.0,0.0174455973787469,1.0,1.0,True,True
persistent_regime_alignment,0.8,145,8,2,False,-0.0627730678172777,0.9441117764471058,False,False,-0.0627730678172777,-0.0270918801071941,0.4851698269940522,0.4223967591767744,0.0,0.25,1.0,0.0147035760333887,1.0,1.0,True,True
persistent_regime_alignment,0.8,146,8,4,False,-0.0356373503983148,0.8003992015968064,False,False,-0.0356373503983148,0.0025369024055422,0.4822886943466382,0.4466513439483234,0.125,0.5,1.0,0.0169167046194582,1.0,1.0,True,True
persistent_regime_alignment,0.8,147,8,4,False,-0.0244350657165959,0.7065868263473054,False,False,-0.0244350657165959,-0.0143306198635951,0.5063558957515424,0.4819208300349465,0.25,0.5,1.0,0.0160925404249809,1.0,1.0,True,True
persistent_regime_alignment,0.8,148,8,4,False,-0.0230310675071395,0.7145708582834331,False,False,-0.0230310675071395,-0.0122378280585347,0.4498236915299827,0.4267926240228432,0.0,0.5,1.0,0.0187469897476914,1.0,1.0,True,True
persistent_regime_alignment,0.8,149,8,3,False,-0.031961726956432,0.7904191616766467,False,False,-0.031961726956432,-0.0633561320300272,0.4478459839864611,0.415884257030029,0.0,0.375,1.0,0.0169184117804541,1.0,1.0,True,True
