phi,rep,lambda_value,Neff,feature,obs_feature,indicator_mismatches,annual_count_max_abs,month_multiset_max_abs,native_target_spectral_distance,same_wass,same_wass_scaled,same_ks,same_ks_p,same_mean_diff,same_sd_ratio,fiber_wass,fiber_wass_scaled,fiber_ks,fiber_ks_p,fiber_mean_diff,fiber_sd_ratio,distance_ratio,p_xA,p_xB,p_xtilde,abs_p_same,abs_p_fiber,rej_xA,rej_xB,rej_xtilde,median_specerr_xA,median_specerr_xB,median_specerr_xtilde
0.2,0,0.0,12.000000000000002,ferro_segers,1.0,0,0.0,0.0,0.31479835899572256,0.008879598238924487,0.08644118010873482,0.05622489959839357,0.8271830307385587,-0.0018722152548866777,0.9696335268807034,0.014958028742097843,0.140261934066042,0.11646586345381527,0.06820366751163658,-0.01453212305738849,1.0399582554715212,1.622628634750291,1.0,1.0,1.0,0.0,0.0,False,False,False,0.00021388423192725086,0.00021123006790775082,0.0002091787751641055
0.2,0,0.0,12.000000000000002,lag1,0.018279174410248664,0,0.0,0.0,0.31479835899572256,0.0058339609532971695,0.10559678658935753,0.09236947791164658,0.23888908541520107,-0.00014120793352941433,1.0097068956883875,0.034633197206056614,0.5990812594097009,0.2570281124497992,1.2330429214007485e-07,0.034633197206056614,1.006196385494125,5.673290625209925,,,,,,False,False,False,0.00021388423192725086,0.00021123006790775082,0.0002091787751641055
0.2,0,0.0,12.000000000000002,tdiff_raw,6.272,0,0.0,0.0,0.31479835899572256,0.054024096385542134,0.09111054337714485,0.07630522088353414,0.46395181593171897,0.01916465863453798,1.0053994507652455,0.9649638554216868,1.3222857677737652,0.6305220883534136,9.729839762866052e-47,-0.9649638554216864,0.843948161325731,14.512983006810243,,,,,,False,False,False,0.00021388423192725086,0.00021123006790775082,0.0002091787751641055
0.2,0,0.0,12.000000000000002,lowfreq_cubic,0.09459013401438934,0,0.0,0.0,0.31479835899572256,0.0018042519646158976,0.08114631242411487,0.060240963855421686,0.7580212891445754,-0.0016602892406174657,1.0343499342209173,0.023234212182345268,0.9480948217417916,0.40963855421686746,4.463620551285804e-19,-0.023234212182345268,0.9751810743904242,11.683769642993997,,,,,,False,False,False,0.00021388423192725086,0.00021123006790775082,0.0002091787751641055
0.2,0,4.0,4.96458390561927,ferro_segers,0.9025499843798813,0,0.0,0.0,0.392780760587054,0.01435545574153825,0.11069223501115884,0.05220883534136546,0.8874650165235428,0.014224244160227606,0.8685634964120225,0.019591504687116824,0.15139294882710927,0.10843373493975904,0.10703865187580967,-0.00280940686421971,0.8671310144974564,1.3676925830601039,0.308,0.272,0.368,0.035999999999999976,0.06,False,False,False,0.00021102352988909578,0.00021057189106315618,0.00021206362840761486
0.2,0,4.0,4.96458390561927,lag1,0.0350054293055722,0,0.0,0.0,0.392780760587054,0.00541158104306273,0.09097510067027001,0.0642570281124498,0.6838841078891891,-0.0016183760845778564,1.062146300301254,0.03481153198553636,0.5635207951721617,0.23293172690763053,2.4634697418511695e-06,-0.034811531985536354,1.0550070978102848,6.194231070043871,,,,,,False,False,False,0.00021102352988909578,0.00021057189106315618,0.00021206362840761486
0.2,0,4.0,4.96458390561927,tdiff_raw,2.784,0,0.0,0.0,0.392780760587054,0.013622489959839352,0.045832867798800164,0.028112449799196786,0.9999742289695194,0.005847389558232496,1.014301837512803,0.5303132530120482,1.3705034401419909,0.678714859437751,6.970084504298261e-55,-0.5303132530120482,0.9060276051505743,29.902196959576653,,,,,,False,False,False,0.00021102352988909578,0.00021057189106315618,0.00021206362840761486
0.2,0,4.0,4.96458390561927,lowfreq_cubic,0.13918876024668764,0,0.0,0.0,0.392780760587054,0.002810544083442299,0.11233938193357634,0.08032128514056225,0.39861895108977546,0.0004173022744856786,0.9850184264654336,0.009510904146361914,0.37601495514993283,0.1927710843373494,0.0001842653749138924,-0.009510904146361895,0.9709369969850635,3.347133914020093,,,,,,False,False,False,0.00021102352988909578,0.00021057189106315618,0.00021206362840761486
0.2,1,0.0,12.000000000000002,ferro_segers,1.0,0,0.0,0.0,0.32268257034939213,0.0044456053536216945,0.049230505137945024,0.03614457831325301,0.9969611680609808,0.003922234015899306,0.9335885266363033,0.028481328694627654,0.27210155587119,0.1646586345381526,0.0022997062504635296,-0.028481328694627606,1.212091211717254,5.527092503088269,1.0,1.0,1.0,0.0,0.0,False,False,False,0.0002176247662706302,0.00021772271446827323,0.00021619795643571237
0.2,1,0.0,12.000000000000002,lag1,-0.041731092911847664,0,0.0,0.0,0.32268257034939213,0.006916067235990322,0.11910300378344552,0.08433734939759036,0.3391499834431502,-0.0020640230290041497,1.0335517082433219,0.03738005891649954,0.6384417723846417,0.30120481927710846,2.2739219552891948e-10,-0.03738005891649954,0.9426214818744519,5.360417051659408,,,,,,False,False,False,0.0002176247662706302,0.00021772271446827323,0.00021619795643571237
0.2,1,0.0,12.000000000000002,tdiff_raw,5.308,0,0.0,0.0,0.32268257034939213,0.0524016064257028,0.09524333600185729,0.09236947791164658,0.23888908541520107,0.027534136546185195,1.0094491457698405,0.5093012048192771,0.8995092344804315,0.37751004016064255,3.4225246403591607e-16,-0.509301204819276,0.8401786842463739,9.444327259419822,,,,,,False,False,False,0.0002176247662706302,0.00021772271446827323,0.00021619795643571237
0.2,1,0.0,12.000000000000002,lowfreq_cubic,0.06956115574800892,0,0.0,0.0,0.32268257034939213,0.003579366177806646,0.19069337105147985,0.09236947791164658,0.23888908541520107,-0.0032351398521766744,0.8824010232730448,0.010480278539159043,0.49278729788813747,0.24899598393574296,3.4619642209278214e-07,0.010480278539159033,1.0772753560471267,2.5841868292060415,,,,,,False,False,False,0.0002176247662706302,0.00021772271446827323,0.00021619795643571237
0.2,1,4.0,4.96458390561927,ferro_segers,1.0,0,0.0,0.0,0.413026536715328,0.010414871184753805,0.10342476763187143,0.060240963855421686,0.7580212891445754,-0.009988617106057696,1.1896184865423074,0.02816435386943123,0.27496608508979004,0.1566265060240964,0.004391396207776164,-0.02816435386943128,1.2072889904342994,2.6586096482082273,1.0,1.0,1.0,0.0,0.0,False,False,False,0.0002180656390849503,0.00021870232769947114,0.00021755603582782336
0.2,1,4.0,4.96458390561927,lag1,-0.007430771222705046,0,0.0,0.0,0.413026536715328,0.011443411296605949,0.19102949909352032,0.0963855421686747,0.19790442185864274,-0.011361791604856605,1.015929975423688,0.010726728056927723,0.17821829695097674,0.10843373493975904,0.10703865187580967,-0.010632335545542878,1.0266232507486184,0.9329360009666744,,,,,,False,False,False,0.0002180656390849503,0.00021870232769947114,0.00021755603582782336
0.2,1,4.0,4.96458390561927,tdiff_raw,2.864,0,0.0,0.0,0.413026536715328,0.05675502008032128,0.1972336789678793,0.10441767068273092,0.13246100083422654,0.05620883534136478,0.9519109302090444,0.5762730923694779,1.4578549767492244,0.7068273092369478,4.682674936439029e-60,-0.5762730923694783,0.8355550625828325,7.391511350283323,,,,,,False,False,False,0.0002180656390849503,0.00021870232769947114,0.00021755603582782336
0.2,1,4.0,4.96458390561927,lowfreq_cubic,0.07428868549847067,0,0.0,0.0,0.413026536715328,0.001905208500895804,0.08550544841383,0.06827309236947791,0.6083540282919664,-0.0005040993582214048,1.0753902324190494,0.021770345642447918,0.8336478677334972,0.36947791164658633,1.6392400598643301e-15,0.021770345642447925,1.2028280490274323,9.749646171069607,,,,,,False,False,False,0.0002180656390849503,0.00021870232769947114,0.00021755603582782336
0.2,2,0.0,12.000000000000002,ferro_segers,0.751379963750206,0,0.0,0.0,0.31348298375301,0.009608297027861706,0.10344703248692484,0.06827309236947791,0.6083540282919664,0.009490647501482097,0.9224966136274004,0.004688882818342318,0.047116801443076464,0.028112449799196786,0.9999742289695194,-0.0034383010974082806,1.062933120682426,0.4554678883517642,0.068,0.052,0.076,0.016000000000000007,0.007999999999999993,False,False,False,0.00022136938922566468,0.00022101494959888648,0.00022174511124046454
0.2,2,0.0,12.000000000000002,lag1,0.10380857089342613,0,0.0,0.0,0.31348298375301,0.006829360021617355,0.11833914442086041,0.0642570281124498,0.6838841078891891,-0.006262448155240276,1.0462133222236465,0.022776291160978932,0.410429746941043,0.24096385542168675,9.393447330284006e-07,0.022720850268527878,0.9278637046542793,3.46825007861634,,,,,,False,False,False,0.00022136938922566468,0.00022101494959888648,0.00022174511124046454
0.2,2,0.0,12.000000000000002,tdiff_raw,5.02,0,0.0,0.0,0.31348298375301,0.043598393574297206,0.07784362093708476,0.04417670682730924,0.96882223798433,0.03119678714859475,0.9646051979622197,0.9023293172690764,1.2976502304554849,0.6265060240963856,4.247650477122169e-46,-0.9023293172690767,0.8495850581598559,16.669962353167808,,,,,,False,False,False,0.00022136938922566468,0.00022101494959888648,0.00022174511124046454
0.2,2,0.0,12.000000000000002,lowfreq_cubic,0.10048625204667001,0,0.0,0.0,0.31348298375301,0.0013461553279449302,0.06459181655131038,0.0642570281124498,0.6838841078891891,-0.0009577406700258667,1.0252516442742352,0.009707616448680859,0.4828896231773289,0.18473895582329317,0.000395043106847021,-0.009707616448680859,0.8932858646633395,7.476018619072651,,,,,,False,False,False,0.00022136938922566468,0.00022101494959888648,0.00022174511124046454
0.2,2,4.0,4.96458390561927,ferro_segers,1.0,0,0.0,0.0,0.41807175394021173,0.012890557936171703,0.12085941225828961,0.05622489959839357,0.8271830307385587,0.012434780449314009,0.8026038968680945,0.028634255571490706,0.22253164131058376,0.15261044176706828,0.005993943563690842,-0.028634255571490685,1.171087994608772,1.8412437819489622,1.0,1.0,1.0,0.0,0.0,False,False,False,0.00022001837347708676,0.0002220718570696024,0.0002203430392349473
0.2,2,4.0,4.96458390561927,lag1,0.012956683711367288,0,0.0,0.0,0.41807175394021173,0.008488257875483171,0.157678697885183,0.08835341365461848,0.2859000658025284,-0.0028853778379510087,0.8670669777546686,0.03275163994336363,0.5441304957107598,0.22088353413654618,9.818533042096732e-06,0.032751639943363636,1.0144361656200853,3.450881463436337,,,,,,False,False,False,0.00022001837347708676,0.0002220718570696024,0.0002203430392349473
0.2,2,4.0,4.96458390561927,tdiff_raw,3.164,0,0.0,0.0,0.41807175394021173,0.02743775100401608,0.09974683179114024,0.07228915662650602,0.5343337439261243,0.02053012048192837,0.9485486645435586,0.44697188755020084,1.281295753674395,0.6144578313253012,3.2671382761745514e-44,-0.44697188755020045,0.8951658795157335,12.845478203831933,,,,,,False,False,False,0.00022001837347708676,0.0002220718570696024,0.0002203430392349473
0.2,2,4.0,4.96458390561927,lowfreq_cubic,0.07436437322733776,0,0.0,0.0,0.41807175394021173,0.0025008049500409523,0.11458008813959464,0.06827309236947791,0.6083540282919664,-0.0020359467024557015,1.0506092845473243,0.010711124802711936,0.4354973027915196,0.18875502008032127,0.0002709248334127592,0.010711124802711941,1.2450516495021426,3.8008113788579294,,,,,,False,False,False,0.00022001837347708676,0.0002220718570696024,0.0002203430392349473
0.2,3,0.0,12.000000000000002,ferro_segers,1.0,0,0.0,0.0,0.32446649589733295,0.005211689447832426,0.04800739025130129,0.05220883534136546,0.8874650165235428,0.0025425405728377592,1.0222000448415538,0.014414313124330995,0.12669675703822128,0.06827309236947791,0.6083540282919664,-0.014269589542684424,1.1123566561461182,2.639109444921022,1.0,1.0,1.0,0.0,0.0,False,False,False,0.00022766833927241253,0.00022491388065269945,0.000229477886334615
0.2,3,0.0,12.000000000000002,lag1,-0.0461029609472705,0,0.0,0.0,0.32446649589733295,0.004518076104420289,0.08315409680045759,0.04819277108433735,0.9353620854703709,0.002499483885599514,0.9178320179107085,0.013381292788017045,0.2373707676235165,0.1646586345381526,0.0022997062504635296,-0.012703144077141966,0.9793444308530183,2.854588971041622,,,,,,False,False,False,0.00022766833927241253,0.00022491388065269945,0.000229477886334615
0.2,3,0.0,12.000000000000002,tdiff_raw,5.096,0,0.0,0.0,0.32446649589733295,0.03940562248995985,0.08005550522855712,0.05622489959839357,0.8271830307385587,-0.032144578313253014,0.9749100899490142,0.6676787148594377,1.1599070837411045,0.5421686746987951,6.507616138926559e-34,-0.6676787148594379,0.8776797202035945,14.488786004529919,,,,,,False,False,False,0.00022766833927241253,0.00022491388065269945,0.000229477886334615
0.2,3,0.0,12.000000000000002,lowfreq_cubic,0.05214124644792451,0,0.0,0.0,0.32446649589733295,0.0015213858081971566,0.09351381736521464,0.05622489959839357,0.8271830307385587,-0.0006061253126938282,0.9083142550984217,0.017406287610761777,0.8541500042311303,0.37349397590361444,7.525166356687129e-16,0.017406287610761774,1.1579858055768848,9.133944354931753,,,,,,False,False,False,0.00022766833927241253,0.00022491388065269945,0.000229477886334615
0.2,3,4.0,4.96458390561927,ferro_segers,1.0,0,0.0,0.0,0.3969002665228087,0.01061463717328991,0.10268143693790785,0.04417670682730924,0.96882223798433,0.010038516021797506,0.8831345732058963,0.03876524747396794,0.3177167556252519,0.22088353413654618,9.818533042096732e-06,-0.03876524747396792,1.192734606237763,3.094198572789493,1.0,1.0,1.0,0.0,0.0,False,False,False,0.00022789426149251587,0.00022627508433568374,0.0002253458080772191
0.2,3,4.0,4.96458390561927,lag1,-0.07451367555368518,0,0.0,0.0,0.3969002665228087,0.0070431176439777025,0.12234146879126047,0.06827309236947791,0.6083540282919664,0.005024526780752214,1.0821929307675664,0.005846403430898996,0.10130647121864977,0.0642570281124498,0.6838841078891891,-0.0028190639522252536,1.08840883281949,0.8280632251644655,,,,,,False,False,False,0.00022789426149251587,0.00022627508433568374,0.0002253458080772191
0.2,3,4.0,4.96458390561927,tdiff_raw,3.108,0,0.0,0.0,0.3969002665228087,0.043726907630522095,0.16584775310184285,0.07630522088353414,0.46395181593171897,-0.04346987951807213,1.0375353211356613,0.3813012048192771,1.223191513006627,0.5742971887550201,2.7829485831379324e-38,-0.38130120481927676,0.9094953449541407,7.375387909268142,,,,,,False,False,False,0.00022789426149251587,0.00022627508433568374,0.0002253458080772191
0.2,3,4.0,4.96458390561927,lowfreq_cubic,0.04884983333487771,0,0.0,0.0,0.3969002665228087,0.002290414408584087,0.11362301438961457,0.0642570281124498,0.6838841078891891,0.0021470514284937237,1.0294896210673943,0.0069135858547423835,0.31539527416379415,0.1686746987951807,0.0016437762900952488,0.006807741457658847,1.1763043720101718,2.7758044957538046,,,,,,False,False,False,0.00022789426149251587,0.00022627508433568374,0.0002253458080772191
0.2,4,0.0,12.000000000000002,ferro_segers,0.7149369301860872,0,0.0,0.0,0.3325698050100627,0.003600756939840341,0.03689018930794153,0.03614457831325301,0.9969611680609808,0.0019441117332188451,0.9823794232431229,0.008404394551650238,0.08457175261495634,0.07630522088353414,0.46395181593171897,-0.0072882328102209515,1.017044183040337,2.2925269347085697,0.048,0.04,0.044,0.008,0.0040000000000000036,True,True,True,0.0002262277966201291,0.00022813166230996665,0.00022489442829216357
0.2,4,0.0,12.000000000000002,lag1,-0.0029710046653585475,0,0.0,0.0,0.3325698050100627,0.004712546129455692,0.08754524517881702,0.07630522088353414,0.46395181593171897,-0.003959140588135363,1.0034691731222531,0.024118752762856452,0.43610664119773873,0.20481927710843373,5.514601790594656e-05,-0.024009779416519546,1.0105216018746537,4.981500026722831,,,,,,False,False,False,0.0002262277966201291,0.00022813166230996665,0.00022489442829216357
0.2,4,0.0,12.000000000000002,tdiff_raw,5.708,0,0.0,0.0,0.3325698050100627,0.04779116465863454,0.09918081993022772,0.060240963855421686,0.7580212891445754,0.01765461847389549,0.9025314094779409,0.8130441767068274,1.2895969772759464,0.6345381526104418,2.1993740987313924e-47,-0.8130441767068275,0.9015862724256184,13.002483526382887,,,,,,False,False,False,0.0002262277966201291,0.00022813166230996665,0.00022489442829216357
0.2,4,0.0,12.000000000000002,lowfreq_cubic,0.08419616233370447,0,0.0,0.0,0.3325698050100627,0.0013656869132603802,0.06194204174938393,0.04819277108433735,0.9353620854703709,-0.0004883251598472166,1.0005371312368618,0.010200156047756316,0.4584040663459853,0.21686746987951808,1.5306841255371312e-05,-0.01002038879529088,0.9669050384683977,7.400532068359486,,,,,,False,False,False,0.0002262277966201291,0.00022813166230996665,0.00022489442829216357
0.2,4,4.0,4.96458390561927,ferro_segers,1.0,0,0.0,0.0,0.4233860574340139,0.011946950187583407,0.10900123440540187,0.0642570281124498,0.6838841078891891,0.011790135661373435,0.8955774476374336,0.0068312694741369,0.06114754302439233,0.060240963855421686,0.7580212891445754,0.005157562504969682,0.9363144199538829,0.5609802802504907,1.0,1.0,1.0,0.0,0.0,False,False,False,0.00022556038516802454,0.0002291336535457513,0.00022752453082548345
0.2,4,4.0,4.96458390561927,lag1,0.04717619985503558,0,0.0,0.0,0.4233860574340139,0.0053974364004672455,0.09732821103033415,0.05622489959839357,0.8271830307385587,-0.00127499659232563,0.912454934569652,0.029954291566762416,0.49809121040726506,0.21686746987951808,1.5306841255371312e-05,0.029954291566762416,1.0106516681641453,5.117644772613981,,,,,,False,False,False,0.00022556038516802454,0.0002291336535457513,0.00022752453082548345
0.2,4,4.0,4.96458390561927,tdiff_raw,2.668,0,0.0,0.0,0.4233860574340139,0.027084337349397608,0.09717191049410764,0.060240963855421686,0.7580212891445754,-0.004112449799197115,0.9664155113155031,0.5348915662650603,1.445728976596699,0.7028112449799196,2.689374118900794e-59,-0.5348915662650606,0.7896375804228303,14.878054462913445,,,,,,False,False,False,0.00022556038516802454,0.0002291336535457513,0.00022752453082548345
0.2,4,4.0,4.96458390561927,lowfreq_cubic,0.05719148962886901,0,0.0,0.0,0.4233860574340139,0.0019045618004248357,0.08052870203318116,0.08433734939759036,0.3391499834431502,-0.001496454598300584,0.9981728009424654,0.007757834491936778,0.31717764411664734,0.1927710843373494,0.0001842653749138924,-0.0075616125424609465,1.042160590544229,3.938690629658393,,,,,,False,False,False,0.00022556038516802454,0.0002291336535457513,0.00022752453082548345
0.2,5,0.0,12.000000000000002,ferro_segers,1.0,0,0.0,0.0,0.3012968741084184,0.01103520222180906,0.13121046191970515,0.0642570281124498,0.6838841078891891,0.0095647894176899,0.9084345766897942,0.038857486709981875,0.36148055583821753,0.18473895582329317,0.000395043106847021,-0.03885748670998179,1.376072648764156,2.7549674816282903,1.0,1.0,1.0,0.0,0.0,False,False,False,0.00022346187145045292,0.0002250515677370232,0.00022347317451243114
0.2,5,0.0,12.000000000000002,lag1,0.0421802722067695,0,0.0,0.0,0.3012968741084184,0.0061899689798792295,0.1249710155112348,0.08433734939759036,0.3391499834431502,-0.0040429361306998516,1.1204980101185278,0.01669155835529658,0.31449745012106683,0.17670682730923695,0.0008192751950161892,-0.01638787147562949,1.237764382943057,2.5165631313349714,,,,,,False,False,False,0.00022346187145045292,0.0002250515677370232,0.00022347317451243114
0.2,5,0.0,12.000000000000002,tdiff_raw,5.468,0,0.0,0.0,0.3012968741084184,0.04112449799196786,0.07388429387376833,0.05220883534136546,0.8874650165235428,0.01625702811244789,0.9793292621595701,1.1923855421686747,1.5084024074851428,0.7630522088353414,1.8847237578455883e-71,-1.1923855421686769,0.8364359400037347,20.415738290227626,,,,,,False,False,False,0.00022346187145045292,0.0002250515677370232,0.00022347317451243114
0.2,5,0.0,12.000000000000002,lowfreq_cubic,0.06239793584093229,0,0.0,0.0,0.3012968741084184,0.0026234867325430856,0.14893859771366325,0.10441767068273092,0.13246100083422654,-0.0017774829878005188,1.0643066792948026,0.02110047470498988,0.942582397798326,0.39357429718875503,1.333370707696652e-17,0.02110047470498988,1.2980107087110109,6.328664377587661,,,,,,False,False,False,0.00022346187145045292,0.0002250515677370232,0.00022347317451243114
0.2,5,4.0,4.96458390561927,ferro_segers,1.0,0,0.0,0.0,0.3764106911091378,0.007453928742880317,0.07685034989629064,0.05622489959839357,0.8271830307385587,0.003296755740187063,1.034178615236502,0.02888552357628168,0.26590974080613344,0.13253012048192772,0.025112389635213027,-0.028885523576281602,1.2452448655823416,3.4600979847843836,1.0,1.0,1.0,0.0,0.0,False,False,False,0.00022105882750982824,0.00022129199061144542,0.0002216203498583712
0.2,5,4.0,4.96458390561927,lag1,0.039916567635920726,0,0.0,0.0,0.3764106911091378,0.004980648436730912,0.0827921235655411,0.060240963855421686,0.7580212891445754,0.000332162720296382,0.9534228217916799,0.009574578018645672,0.16295265107162912,0.11646586345381527,0.06820366751163658,-0.008291473776742275,0.9011227529667951,1.9682144152592997,,,,,,False,False,False,0.00022105882750982824,0.00022129199061144542,0.0002216203498583712
0.2,5,4.0,4.96458390561927,tdiff_raw,2.984,0,0.0,0.0,0.3764106911091378,0.029301204819277112,0.10085289702842898,0.0642570281124498,0.6838841078891891,0.019309236947790964,0.9576157467527647,0.44048192771084343,1.2452085459169875,0.6024096385542169,2.238540355781208e-42,-0.4404819277108438,0.8602183103059126,12.34678013826384,,,,,,False,False,False,0.00022105882750982824,0.00022129199061144542,0.0002216203498583712
0.2,5,4.0,4.96458390561927,lowfreq_cubic,0.11898104223343027,0,0.0,0.0,0.3764106911091378,0.0013717672458490157,0.0685340151526721,0.05622489959839357,0.8271830307385587,0.000690596920719308,0.9694513192522449,0.011622372865868556,0.5061247343510272,0.26104417670682734,7.264743326724155e-08,0.011535351865549937,1.180065294768886,7.385015064760675,,,,,,False,False,False,0.00022105882750982824,0.00022129199061144542,0.0002216203498583712
0.2,6,0.0,12.000000000000002,ferro_segers,1.0,0,0.0,0.0,0.3125688974522503,0.006836596706150845,0.06478324771305034,0.04819277108433735,0.9353620854703709,0.0029943989294690665,0.9898810035277579,0.010470960112178207,0.10169017716145974,0.10441767068273092,0.13246100083422654,0.0005247504875656173,0.9409044354651315,1.569698660553152,1.0,1.0,1.0,0.0,0.0,False,False,False,0.00022848329441275825,0.00023445911634187977,0.00022818862315246224
0.2,6,0.0,12.000000000000002,lag1,0.08502903866038877,0,0.0,0.0,0.3125688974522503,0.005221655849958305,0.09855768948005904,0.0642570281124498,0.6838841078891891,0.0029768898609318587,0.9331411843877557,0.00732224251809338,0.1355127486117047,0.13654618473895583,0.01916707185272444,-0.0053453704256166915,0.9708827880057072,1.3749586595079557,,,,,,False,False,False,0.00022848329441275825,0.00023445911634187977,0.00022818862315246224
0.2,6,0.0,12.000000000000002,tdiff_raw,4.756,0,0.0,0.0,0.3125688974522503,0.06289156626506023,0.12374024120263838,0.08835341365461848,0.2859000658025284,0.05052208835341521,1.082862448292671,0.16983132530120484,0.34462231422764655,0.14457831325301204,0.01089544738500837,-0.16983132530120404,0.9933074034266657,2.785046407524667,,,,,,False,False,False,0.00022848329441275825,0.00023445911634187977,0.00022818862315246224
0.2,6,0.0,12.000000000000002,lowfreq_cubic,0.07788101064562249,0,0.0,0.0,0.3125688974522503,0.00427832207718818,0.1946768260668079,0.13253012048192772,0.025112389635213027,0.004214598059856245,1.0887813667363875,0.00814136816834569,0.3884234397331493,0.15261044176706828,0.005993943563690842,-0.00808457349153023,0.9652243121868682,1.995221761011507,,,,,,False,False,False,0.00022848329441275825,0.00023445911634187977,0.00022818862315246224
0.2,6,4.0,4.96458390561927,ferro_segers,1.0,0,0.0,0.0,0.41489793169310524,0.008952124524587154,0.08897203355519588,0.04819277108433735,0.9353620854703709,0.007899028543315478,0.8912554584588788,0.04356535729469904,0.3572790621618636,0.19678714859437751,0.00012428637703926925,-0.04334862406570594,1.2473137761620325,4.015633316284866,1.0,1.0,1.0,0.0,0.0,False,False,False,0.00022832962860240718,0.00023060020374434756,0.0002324921648313703
0.2,6,4.0,4.96458390561927,lag1,0.06055761268785982,0,0.0,0.0,0.41489793169310524,0.0059137200994546215,0.10741671943511251,0.08032128514056225,0.39861895108977546,0.004212729903544935,0.9194243079805475,0.03897415031166402,0.6368119773927342,0.3092369477911647,6.460556743569168e-11,-0.03877469989223974,1.0267467368472123,5.928425116142268,,,,,,False,False,False,0.00022832962860240718,0.00023060020374434756,0.0002324921648313703
0.2,6,4.0,4.96458390561927,tdiff_raw,2.636,0,0.0,0.0,0.41489793169310524,0.014441767068273098,0.06071981765050788,0.05622489959839357,0.8271830307385587,0.0021686746987952255,0.955821695920799,0.3490281124497992,1.1859892016213112,0.5783132530120482,7.506171750957273e-39,-0.3490281124497989,0.9473582901133821,19.532160133411924,,,,,,False,False,False,0.00022832962860240718,0.00023060020374434756,0.0002324921648313703
0.2,6,4.0,4.96458390561927,lowfreq_cubic,0.07310892645589787,0,0.0,0.0,0.41489793169310524,0.0013734544988917982,0.055573515810531965,0.04819277108433735,0.9353620854703709,-0.0005171802984722529,1.015114762770848,0.002675667310560893,0.11214953381360027,0.08032128514056225,0.39861895108977546,-0.0024709486606825093,0.9419859947480584,2.0180392076677705,,,,,,False,False,False,0.00022832962860240718,0.00023060020374434756,0.0002324921648313703
0.2,7,0.0,12.000000000000002,ferro_segers,1.0,0,0.0,0.0,0.31097707638762256,0.005407295375331038,0.06112530810404922,0.040160642570281124,0.9882875890179591,-0.0038776787489820386,1.1152842184863239,0.016263513338717926,0.18205632259819823,0.12048192771084337,0.053781672898600176,-0.015796049857930816,1.1275526316620923,2.97841153272052,1.0,1.0,1.0,0.0,0.0,False,False,False,0.00022403629821558072,0.00022244987603225504,0.0002220038472798104
0.2,7,0.0,12.000000000000002,lag1,-0.07412291047794545,0,0.0,0.0,0.31097707638762256,0.004781844784058904,0.08725438359670083,0.04819277108433735,0.9353620854703709,-0.0019789753714385197,0.9365112904864819,0.01171077101144039,0.22082557393224805,0.13654618473895583,0.01916707185272444,0.00910907676257934,0.8632669435472627,2.53082498356673,,,,,,False,False,False,0.00022403629821558072,0.00022244987603225504,0.0002220038472798104
0.2,7,0.0,12.000000000000002,tdiff_raw,5.668,0,0.0,0.0,0.31097707638762256,0.08314859437750999,0.1640221404131972,0.08835341365461848,0.2859000658025284,0.083116465863454,1.022005696417339,0.304,0.6269022884000117,0.3092369477911647,6.460556743569168e-11,-0.30400000000000027,0.8355007475524722,3.8220589416815547,,,,,,False,False,False,0.00022403629821558072,0.00022244987603225504,0.0002220038472798104
0.2,7,0.0,12.000000000000002,lowfreq_cubic,0.07162821779258563,0,0.0,0.0,0.31097707638762256,0.0027527776239032846,0.13637103771919673,0.06827309236947791,0.6083540282919664,-0.0012128856011016792,0.8631842948444103,0.002569133494669096,0.1264747306875357,0.07228915662650602,0.5343337439261243,-0.0005822811421585528,0.8766028690882646,0.9274310205658216,,,,,,False,False,False,0.00022403629821558072,0.00022244987603225504,0.0002220038472798104
0.2,7,4.0,4.96458390561927,ferro_segers,1.0,0,0.0,0.0,0.4332271579615625,0.005014296927572938,0.051082189059369794,0.0321285140562249,0.9995546982198918,-0.0014876193216359912,0.9792650661342144,0.03652076490474296,0.30947542981434156,0.1566265060240964,0.004391396207776164,-0.036520764904742875,1.3279463134135854,6.058382295532609,1.0,1.0,1.0,0.0,0.0,False,False,False,0.0002260094943567363,0.00022703497455042753,0.00022151532032265692
0.2,7,4.0,4.96458390561927,lag1,0.016632385412889868,0,0.0,0.0,0.4332271579615625,0.007537385172615664,0.12295137345056639,0.06827309236947791,0.6083540282919664,-0.0016369330418033318,1.0062361693802078,0.02534454900425865,0.41028859826677416,0.20883534136546184,3.6275453639127857e-05,0.025228433445750542,0.978964752574292,3.3369989025110867,,,,,,False,False,False,0.0002260094943567363,0.00022703497455042753,0.00022151532032265692
0.2,7,4.0,4.96458390561927,tdiff_raw,3.064,0,0.0,0.0,0.4332271579615625,0.020738955823293173,0.07659227971507984,0.04819277108433735,0.9353620854703709,0.01424899598393603,1.0490716883872155,0.3550843373493976,1.1572207946348998,0.5301204819277109,2.342467626055991e-32,-0.3550843373493975,0.8909689915046469,15.108843853971953,,,,,,False,False,False,0.0002260094943567363,0.00022703497455042753,0.00022151532032265692
0.2,7,4.0,4.96458390561927,lowfreq_cubic,0.08042743058676306,0,0.0,0.0,0.4332271579615625,0.0034246050988820933,0.1547909269851071,0.07228915662650602,0.5343337439261243,-0.0006883598116323025,0.8291404466498185,0.0017112104034497596,0.0725376802701734,0.060240963855421686,0.7580212891445754,0.00010506203677813908,0.9586788904674365,0.46861713204386973,,,,,,False,False,False,0.0002260094943567363,0.00022703497455042753,0.00022151532032265692
0.2,8,0.0,12.000000000000002,ferro_segers,0.8512409200968523,0,0.0,0.0,0.32451148987770134,0.011189534354269197,0.09079777907936994,0.08032128514056225,0.39861895108977546,0.00987140051920321,0.9352294976512404,0.013224944873881605,0.11016276487149405,0.0642570281124498,0.6838841078891891,0.008249901577568997,0.883014120639354,1.213275985255049,0.2,0.22,0.24,0.01999999999999999,0.03999999999999998,False,False,False,0.00023392492758002849,0.00023368306879966778,0.0002324697085842319
0.2,8,0.0,12.000000000000002,lag1,0.019931869146578036,0,0.0,0.0,0.32451148987770134,0.006174386680796497,0.10896997114772883,0.05220883534136546,0.8874650165235428,-0.0009265791149152955,0.8672473586226909,0.0074617668548611574,0.13201058450245576,0.08835341365461848,0.2859000658025284,-0.0032247507392127754,0.8615849300820692,1.211440024366804,,,,,,False,False,False,0.00023392492758002849,0.00023368306879966778,0.0002324697085842319
0.2,8,0.0,12.000000000000002,tdiff_raw,5.392,0,0.0,0.0,0.32451148987770134,0.04319678714859434,0.08313157922904967,0.07228915662650602,0.5343337439261243,0.01302811244979818,0.9737175425317123,0.7176867469879518,1.1819751552823,0.5461847389558233,1.9269304930847474e-34,-0.7176867469879529,0.854063866638971,14.218124643411729,,,,,,False,False,False,0.00023392492758002849,0.00023368306879966778,0.0002324697085842319
0.2,8,0.0,12.000000000000002,lowfreq_cubic,0.09154079219012362,0,0.0,0.0,0.32451148987770134,0.0017163881774611223,0.07700278303811339,0.0642570281124498,0.6838841078891891,0.00013883275308526621,0.9316859645376497,0.002190391952209058,0.0975482483802848,0.05622489959839357,0.8271830307385587,0.00039713531270703373,0.9463519989730252,1.266814581649613,,,,,,False,False,False,0.00023392492758002849,0.00023368306879966778,0.0002324697085842319
0.2,8,4.0,4.96458390561927,ferro_segers,1.0,0,0.0,0.0,0.42763745966481725,0.011854296356093183,0.10762820026479093,0.07630522088353414,0.46395181593171897,0.011153671793324493,0.9102564748359171,0.07154287310103227,0.5119441684377721,0.24497991967871485,5.726972727173151e-07,-0.07154287310103236,1.3257277458992904,4.756598801970703,1.0,1.0,1.0,0.0,0.0,False,False,False,0.00023380203831434713,0.00023089348907947302,0.00022963180118623787
0.2,8,4.0,4.96458390561927,lag1,-0.08488415428190427,0,0.0,0.0,0.42763745966481725,0.009035064983493648,0.1544374230119018,0.10441767068273092,0.13246100083422654,0.008128059561255263,0.9976557282762089,0.009495678685687969,0.15975909424298698,0.08433734939759036,0.3391499834431502,0.009180478809869136,1.0282037260472472,1.0344584306530031,,,,,,False,False,False,0.00023380203831434713,0.00023089348907947302,0.00022963180118623787
0.2,8,4.0,4.96458390561927,tdiff_raw,2.908,0,0.0,0.0,0.42763745966481725,0.04615261044176705,0.17394742565425877,0.13654618473895583,0.01916707185272444,-0.04499598393574322,0.9739367759651438,0.7457831325301205,1.6742673240837798,0.8955823293172691,1.1720286706747602e-105,-0.7457831325301205,0.8045949676865123,9.625134248388221,,,,,,False,False,False,0.00023380203831434713,0.00023089348907947302,0.00022963180118623787
0.2,8,4.0,4.96458390561927,lowfreq_cubic,0.07420134390756683,0,0.0,0.0,0.42763745966481725,0.0020765710460612886,0.08565620312011775,0.05622489959839357,0.8271830307385587,0.00046245912564071845,1.0670539957931005,0.011868402097859571,0.4902917535165176,0.22088353413654618,9.818533042096732e-06,-0.01185180946472203,1.0021748656492786,5.723949178893255,,,,,,False,False,False,0.00023380203831434713,0.00023089348907947302,0.00022963180118623787
0.2,9,0.0,12.000000000000002,ferro_segers,1.0,0,0.0,0.0,0.30953362569253523,0.0028598193955019042,0.03463567850131622,0.028112449799196786,0.9999742289695194,0.0002847130571288492,0.9829860513306923,0.05290026087966937,0.4854416783537054,0.2248995983935743,6.24523085300579e-06,-0.05290026087966937,1.4908953197450754,14.015653781266149,1.0,1.0,1.0,0.0,0.0,False,False,False,0.00022830777996704038,0.00022655097314548643,0.00022761594347301865
0.2,9,0.0,12.000000000000002,lag1,0.12806805153687215,0,0.0,0.0,0.30953362569253523,0.006005220157077239,0.11761132778807444,0.06827309236947791,0.6083540282919664,-0.004001663972766011,1.0996869808251475,0.06691550050385103,1.0453373116804223,0.4979919678714859,2.0368217282648115e-28,0.06686952393738627,1.235772628769873,8.888066577770655,,,,,,False,False,False,0.00022830777996704038,0.00022655097314548643,0.00022761594347301865
0.2,9,0.0,12.000000000000002,tdiff_raw,4.528,0,0.0,0.0,0.30953362569253523,0.05339759036144581,0.10617695436226529,0.05220883534136546,0.8874650165235428,0.0268594377510043,1.129866850729352,0.9084819277108435,1.4116066358098018,0.6987951807228916,1.520392835218582e-58,-0.9084819277108425,0.9319905768890213,13.294849567765205,,,,,,False,False,False,0.00022830777996704038,0.00022655097314548643,0.00022761594347301865
0.2,9,0.0,12.000000000000002,lowfreq_cubic,0.1394773767473114,0,0.0,0.0,0.30953362569253523,0.002404680473309555,0.11894055161636918,0.09236947791164658,0.23888908541520107,-0.0017136534218900185,0.9411336126420797,0.03251778512211217,1.1560706746013707,0.5662650602409639,3.69113962646865e-37,0.032517785122112175,1.1968286658221547,9.719735270189018,,,,,,False,False,False,0.00022830777996704038,0.00022655097314548643,0.00022761594347301865
0.2,9,4.0,4.96458390561927,ferro_segers,1.0,0,0.0,0.0,0.3968445486142085,0.007179047235331452,0.06935819817749685,0.040160642570281124,0.9882875890179591,0.0022192500154892825,0.9910558190322646,0.0124152329476001,0.1310042263317147,0.060240963855421686,0.7580212891445754,0.011790053289948421,0.8095836731921101,1.888806655508201,1.0,1.0,1.0,0.0,0.0,False,False,False,0.00022950961986830458,0.0002273257938367418,0.0002244339609558126
0.2,9,4.0,4.96458390561927,lag1,0.029358465238877703,0,0.0,0.0,0.3968445486142085,0.005231538365620911,0.08289484974108495,0.04819277108433735,0.9353620854703709,-0.00019879524505244175,1.0924320294854697,0.009168318394901951,0.1521837549288771,0.09236947791164658,0.23888908541520107,0.008762116647153536,0.9940641103230061,1.8358650194096298,,,,,,False,False,False,0.00022950961986830458,0.0002273257938367418,0.0002244339609558126
0.2,9,4.0,4.96458390561927,tdiff_raw,3.076,0,0.0,0.0,0.3968445486142085,0.03442570281124498,0.12139217046537693,0.09236947791164658,0.23888908541520107,0.019614457831325094,1.0664043707481021,0.3684979919678715,1.1510355607428715,0.5502008032128514,5.641014137786955e-35,-0.3684979919678719,0.9065948804449026,9.48195881439616,,,,,,False,False,False,0.00022950961986830458,0.0002273257938367418,0.0002244339609558126
0.2,9,4.0,4.96458390561927,lowfreq_cubic,0.07392836215432808,0,0.0,0.0,0.3968445486142085,0.002258027775426939,0.08712149700715963,0.0642570281124498,0.6838841078891891,0.0009692795217856459,1.0728405675034771,0.008338503906261096,0.356320779149889,0.17269076305220885,0.0011652797675722223,-0.008320698386789699,0.835843060053518,4.089929482279242,,,,,,False,False,False,0.00022950961986830458,0.0002273257938367418,0.0002244339609558126
0.2,10,0.0,12.000000000000002,ferro_segers,1.0,0,0.0,0.0,0.30828737377540394,0.007208943648241869,0.06744138689318024,0.04417670682730924,0.96882223798433,0.005421642602925214,0.944152803423944,0.007224580867131078,0.06539508255066884,0.060240963855421686,0.7580212891445754,-0.004463698350624212,1.0103760919346727,0.9696580328967211,1.0,1.0,1.0,0.0,0.0,False,False,False,0.00021588660390994276,0.00021676271114125706,0.00021568654927648859
0.2,10,0.0,12.000000000000002,lag1,-0.0076899599324540815,0,0.0,0.0,0.30828737377540394,0.003645980531776009,0.06876768565645532,0.0642570281124498,0.6838841078891891,-0.000488642074139612,1.0427945493374016,0.06211278562799993,1.0097089377781454,0.4538152610441767,1.755945332102945e-23,-0.06211278562799993,1.0452083720414518,14.682898343014806,,,,,,False,False,False,0.00021588660390994276,0.00021676271114125706,0.00021568654927648859
0.2,10,0.0,12.000000000000002,tdiff_raw,6.132,0,0.0,0.0,0.30828737377540394,0.07379919678714861,0.13150509954612677,0.0963855421686747,0.19790442185864274,-0.06547791164658712,1.0425360471796241,0.6806586345381526,1.083412265177876,0.5020080321285141,6.807559252221964e-29,-0.6806586345381529,0.9234451939384944,8.238557051529774,,,,,,False,False,False,0.00021588660390994276,0.00021676271114125706,0.00021568654927648859
0.2,10,0.0,12.000000000000002,lowfreq_cubic,0.11268366987142203,0,0.0,0.0,0.30828737377540394,0.0018573697408091551,0.08383536176698446,0.05220883534136546,0.8874650165235428,-0.0005794517616896366,1.0770886076767905,0.007948498782934013,0.36078183267141467,0.18072289156626506,0.0005712633162686837,-0.007941438929345776,1.0329101031182346,4.303456501734705,,,,,,False,False,False,0.00021588660390994276,0.00021676271114125706,0.00021568654927648859
0.2,10,4.0,4.96458390561927,ferro_segers,1.0,0,0.0,0.0,0.3866804188228019,0.014191016069055734,0.10550191005270927,0.08433734939759036,0.3391499834431502,-0.013482453329851096,1.0514604324307653,0.021402971437001747,0.17635229441524172,0.08835341365461848,0.2859000658025284,0.02140297143700165,0.8396951068159774,1.6715554659354848,1.0,1.0,1.0,0.0,0.0,False,False,False,0.00021479532485633724,0.00021667756600029768,0.00021567106282239753
0.2,10,4.0,4.96458390561927,lag1,-0.13796157223440375,0,0.0,0.0,0.3866804188228019,0.005456792404060252,0.09815008213560497,0.05220883534136546,0.8874650165235428,0.0028356237991559643,1.091069638220299,0.00931408359066132,0.16533894077566497,0.12048192771084337,0.053781672898600176,0.008582767143108419,1.1123226292407264,1.684552240590381,,,,,,False,False,False,0.00021479532485633724,0.00021667756600029768,0.00021567106282239753
0.2,10,4.0,4.96458390561927,tdiff_raw,3.292,0,0.0,0.0,0.3866804188228019,0.02565461847389557,0.08955080717764853,0.04417670682730924,0.96882223798433,0.012674698795180905,1.0008828540418437,0.5852208835341366,1.4920506545811238,0.7228915662650602,3.6624121894963375e-63,-0.5852208835341366,0.8127368405430763,16.661498668808385,,,,,,False,False,False,0.00021479532485633724,0.00021667756600029768,0.00021567106282239753
0.2,10,4.0,4.96458390561927,lowfreq_cubic,0.06337406075716394,0,0.0,0.0,0.3866804188228019,0.0034511085131790045,0.1449018016181106,0.11646586345381527,0.06820366751163658,0.003196734784512878,1.0461492743788805,0.0039029019808510504,0.1587803600685845,0.1285140562248996,0.032634465838067526,-0.001877638889978897,1.112530776449612,1.0957790606844893,,,,,,False,False,False,0.00021479532485633724,0.00021667756600029768,0.00021567106282239753
0.2,11,0.0,12.000000000000002,ferro_segers,0.5034114836410755,0,0.0,0.0,0.2992412250303078,0.008798165951462593,0.09120109890276612,0.0642570281124498,0.6838841078891891,0.007368853964575206,0.9414460170428018,0.005185894869080738,0.0518709443411229,0.028112449799196786,0.9999742289695194,-4.690966615816805e-05,1.014358646814734,0.568753501494806,0.004,0.008,0.004,0.004,0.0,True,True,True,0.00022425975700886112,0.0002245601045548543,0.00022025167336292052
0.2,11,0.0,12.000000000000002,lag1,0.0020053090535922,0,0.0,0.0,0.2992412250303078,0.004171738180545424,0.07927091007048266,0.04417670682730924,0.96882223798433,-0.0024241704158237537,1.0391064591702641,0.043469883748865255,0.7282875025668891,0.3413654618473896,2.94753996089393e-13,-0.04346988374886526,1.1493838977759245,9.187323595999251,,,,,,False,False,False,0.00022425975700886112,0.0002245601045548543,0.00022025167336292052
0.2,11,0.0,12.000000000000002,tdiff_raw,5.388,0,0.0,0.0,0.2992412250303078,0.07434538152610443,0.15335003351984974,0.08835341365461848,0.2859000658025284,0.06962248995984055,1.01613863361044,0.6736064257028113,1.153088775233581,0.5261044176706827,7.563391233282479e-32,-0.6736064257028103,0.9891398559236978,7.519325224564211,,,,,,False,False,False,0.00022425975700886112,0.0002245601045548543,0.00022025167336292052
0.2,11,0.0,12.000000000000002,lowfreq_cubic,0.07327875511590506,0,0.0,0.0,0.2992412250303078,0.001648112684625166,0.07667563488217287,0.0642570281124498,0.6838841078891891,-0.0009272915531935016,0.9633466713674088,0.022305789861217392,0.9207006407154706,0.4497991967871486,4.6397971548997527e-23,-0.02230578986121741,0.964442819169103,12.007734166535373,,,,,,False,False,False,0.00022425975700886112,0.0002245601045548543,0.00022025167336292052
0.2,11,4.0,4.96458390561927,ferro_segers,1.0,0,0.0,0.0,0.4137354810728705,0.009307476759288027,0.08962657644859306,0.05622489959839357,0.8271830307385587,-0.009022655698985305,1.1464528849457136,0.07035496689692063,0.5414995379587474,0.25301204819277107,2.074959324722765e-07,-0.07035496689692078,1.537193960750957,6.041729578606946,1.0,1.0,1.0,0.0,0.0,False,False,False,0.0002243789042275791,0.00022343696297755708,0.00022090156791429216
0.2,11,4.0,4.96458390561927,lag1,0.0711217726770793,0,0.0,0.0,0.4137354810728705,0.009499186687166905,0.17296219786287048,0.11244979919678715,0.08579151229374248,-0.003913010095195424,0.9227927605517867,0.036047645801199804,0.6105478068008617,0.27710843373493976,8.030731976233769e-09,-0.036047645801199804,0.9708144232304687,3.5299494013421273,,,,,,False,False,False,0.0002243789042275791,0.00022343696297755708,0.00022090156791429216
0.2,11,4.0,4.96458390561927,tdiff_raw,2.36,0,0.0,0.0,0.4137354810728705,0.016594377510040167,0.06484884418554189,0.05220883534136546,0.8874650165235428,-0.0011726907630520422,1.0331304040984326,0.5025060240963856,1.4789221486914392,0.7630522088353414,1.8847237578455883e-71,-0.5025060240963852,0.8049068276819769,22.805682464594234,,,,,,False,False,False,0.0002243789042275791,0.00022343696297755708,0.00022090156791429216
0.2,11,4.0,4.96458390561927,lowfreq_cubic,0.0843807886667592,0,0.0,0.0,0.4137354810728705,0.0016742177908731675,0.0703900571447146,0.05622489959839357,0.8271830307385587,-0.0003961953465484447,0.9904161212384888,0.011640851617531423,0.4714573586520972,0.21686746987951808,1.5306841255371312e-05,-0.011599177963004415,1.008412999537908,6.697783433856624,,,,,,False,False,False,0.0002243789042275791,0.00022343696297755708,0.00022090156791429216
0.2,12,0.0,12.000000000000002,ferro_segers,1.0,0,0.0,0.0,0.32271596299033095,0.014907391579127353,0.14449864214691552,0.07630522088353414,0.46395181593171897,-0.014866077172458247,1.2045192096301618,0.028332456375714583,0.27751893740907924,0.15261044176706828,0.005993943563690842,-0.028224240931977063,1.1689503700383568,1.9205643270122679,1.0,1.0,1.0,0.0,0.0,False,False,False,0.0002325054775968285,0.00023042176733944938,0.0002274770505187578
0.2,12,0.0,12.000000000000002,lag1,-0.03538737153660919,0,0.0,0.0,0.32271596299033095,0.006016989365777689,0.1118103371150306,0.08835341365461848,0.2859000658025284,0.004260903656546355,1.0963439947535643,0.01967399119131104,0.359660261501747,0.1686746987951807,0.0016437762900952488,0.019663995760108702,1.0977242917179775,3.216699553742736,,,,,,False,False,False,0.0002325054775968285,0.00023042176733944938,0.0002274770505187578
0.2,12,0.0,12.000000000000002,tdiff_raw,5.236,0,0.0,0.0,0.32271596299033095,0.06539759036144577,0.13157241126377844,0.08032128514056225,0.39861895108977546,-0.04702008032128546,1.0406597927861996,0.9783935742971887,1.4560058458478047,0.7590361445783133,1.3789895494903554e-70,-0.978393574297189,0.8884359614575474,11.066194134944979,,,,,,False,False,False,0.0002325054775968285,0.00023042176733944938,0.0002274770505187578
0.2,12,0.0,12.000000000000002,lowfreq_cubic,0.07281816027685999,0,0.0,0.0,0.32271596299033095,0.0017086560456240744,0.09442772395682046,0.06827309236947791,0.6083540282919664,0.0010706609207912637,0.9920642442755612,0.009675770898020327,0.4719231334379406,0.21285140562248997,2.3663127042742378e-05,0.009675770898020325,1.1863468153926333,4.9977179758535195,,,,,,False,False,False,0.0002325054775968285,0.00023042176733944938,0.0002274770505187578
0.2,12,4.0,4.96458390561927,ferro_segers,0.9798531719345438,0,0.0,0.0,0.3985935323142603,0.007822361161596719,0.06859027399812528,0.05622489959839357,0.8271830307385587,0.0030409346994061393,1.026974298480051,0.007366117933550761,0.06445787155150703,0.05220883534136546,0.8874650165235428,0.0007805767589484924,1.0312290263185346,0.939752355461765,0.4,0.392,0.4,0.008000000000000007,0.0,False,False,False,0.000232716191232848,0.00023393817290549127,0.00022803116059269562
0.2,12,4.0,4.96458390561927,lag1,-0.06359600458045672,0,0.0,0.0,0.3985935323142603,0.00961511820341184,0.17340944468602476,0.10441767068273092,0.13246100083422654,-0.008648201304790052,0.8720941651757583,0.0028426348180589007,0.04757841033634425,0.04819277108433735,0.9353620854703709,-0.0006790324985716974,1.0279041627477536,0.2743703517561542,,,,,,False,False,False,0.000232716191232848,0.00023393817290549127,0.00022803116059269562
0.2,12,4.0,4.96458390561927,tdiff_raw,3.292,0,0.0,0.0,0.3985935323142603,0.04777510040160644,0.17664654016277212,0.12048192771084337,0.053781672898600176,0.033863453815261124,0.9312947411622716,0.39193574297188755,1.2046022766374027,0.570281124497992,1.0195475183084763e-37,-0.3919357429718868,0.8526036836652445,6.819280329676467,,,,,,False,False,False,0.000232716191232848,0.00023393817290549127,0.00022803116059269562
0.2,12,4.0,4.96458390561927,lowfreq_cubic,0.0745024052098635,0,0.0,0.0,0.3985935323142603,0.003818952391841823,0.16284479387128045,0.0963855421686747,0.19790442185864274,-0.0034783050578685443,0.9250302709317574,0.003333007222249095,0.13729312335484214,0.10441767068273092,0.13246100083422654,-0.0030813234816398777,0.9957430150952095,0.8430918796419351,,,,,,False,False,False,0.000232716191232848,0.00023393817290549127,0.00022803116059269562
0.2,13,0.0,12.000000000000002,ferro_segers,1.0,0,0.0,0.0,0.30184905482146407,0.010941366628122024,0.11562652026206055,0.05220883534136546,0.8874650165235428,0.010374597508500671,0.8015050717745,0.009617831005596739,0.09630479342946564,0.08835341365461848,0.2859000658025284,-0.001518965723816712,0.91369172935059,0.8328953704668772,1.0,1.0,1.0,0.0,0.0,False,False,False,0.0002197469361973992,0.0002222932683850679,0.00022330955458889723
0.2,13,0.0,12.000000000000002,lag1,-0.0815060450656376,0,0.0,0.0,0.30184905482146407,0.008464271963552091,0.1689609940304599,0.12449799196787148,0.04206533980817979,-0.007689120173078514,0.9959624427734609,0.02561167573504515,0.4819402202162138,0.20080321285140562,8.313470036072165e-05,-0.025525135910953605,1.060472829586989,2.8523756206673827,,,,,,False,False,False,0.0002197469361973992,0.0002222932683850679,0.00022330955458889723
0.2,13,0.0,12.000000000000002,tdiff_raw,6.648,0,0.0,0.0,0.30184905482146407,0.07180722891566266,0.13000820737582097,0.07228915662650602,0.5343337439261243,0.056192771084338844,1.0952501488204511,0.8440160642570281,1.292325337362416,0.6144578313253012,3.2671382761745514e-44,-0.8440160642570271,0.8907328268329143,9.940336563726467,,,,,,False,False,False,0.0002197469361973992,0.0002222932683850679,0.00022330955458889723
0.2,13,0.0,12.000000000000002,lowfreq_cubic,0.06169636424802157,0,0.0,0.0,0.30184905482146407,0.0015475412901142687,0.09073890503017859,0.07228915662650602,0.5343337439261243,0.000613226688622126,0.9879852704395561,0.01022120531871854,0.5267175460309766,0.23694779116465864,1.5276711710830303e-06,0.010221205318718535,1.1753048725901374,5.804759775928433,,,,,,False,False,False,0.0002197469361973992,0.0002222932683850679,0.00022330955458889723
0.2,13,4.0,4.96458390561927,ferro_segers,1.0,0,0.0,0.0,0.39138567503061533,0.013882644906450024,0.1495532850295061,0.07630522088353414,0.46395181593171897,-0.013882644906450081,1.2208431932154653,0.04241170647658768,0.41329320990553564,0.2289156626506024,3.938985472647443e-06,-0.04241170647658776,1.3891520357802887,2.7635180987431487,1.0,1.0,1.0,0.0,0.0,False,False,False,0.00022273195965655324,0.00022416237116860098,0.000222129229772329
0.2,13,4.0,4.96458390561927,lag1,-0.08607432667043491,0,0.0,0.0,0.39138567503061533,0.004066407740998611,0.07398011556412622,0.05622489959839357,0.8271830307385587,-0.0028219976958562057,0.9845128646927916,0.021411094730965096,0.36260551255936296,0.15261044176706828,0.005993943563690842,0.021411094730965093,1.0950761335300134,4.9013915400693095,,,,,,False,False,False,0.00022273195965655324,0.00022416237116860098,0.000222129229772329
0.2,13,4.0,4.96458390561927,tdiff_raw,3.088,0,0.0,0.0,0.39138567503061533,0.026779116465863468,0.09378962208780248,0.08433734939759036,0.3391499834431502,-0.019903614457831065,1.03342089502189,0.568433734939759,1.463152873835756,0.6987951807228916,1.520392835218582e-58,-0.568433734939759,0.8817910367849424,15.600370715493332,,,,,,False,False,False,0.00022273195965655324,0.00022416237116860098,0.000222129229772329
0.2,13,4.0,4.96458390561927,lowfreq_cubic,0.041929412132027735,0,0.0,0.0,0.39138567503061533,0.0016448143723678172,0.08756801399925682,0.0642570281124498,0.6838841078891891,0.0012844479286375499,1.0630570252763636,0.013993276789086417,0.6615226467326967,0.3092369477911647,6.460556743569168e-11,0.013993276789086406,1.186664245085994,7.554386773443365,,,,,,False,False,False,0.00022273195965655324,0.00022416237116860098,0.000222129229772329
0.2,14,0.0,12.000000000000002,ferro_segers,1.0,0,0.0,0.0,0.32680658909698757,0.01026400302840936,0.14389021991376222,0.09236947791164658,0.23888908541520107,0.002038294399714924,1.142519516768765,0.023949596521393824,0.27811245680180013,0.11244979919678715,0.08579151229374248,-0.023949596521393834,1.5150702281936574,1.9328100059092235,1.0,1.0,1.0,0.0,0.0,False,False,False,0.0002188087579766496,0.0002207536237189574,0.0002186761531436937
0.2,14,0.0,12.000000000000002,lag1,0.058199704417612526,0,0.0,0.0,0.32680658909698757,0.004124637773053098,0.0793692042116246,0.060240963855421686,0.7580212891445754,-0.0014476748604818658,0.959475430730472,0.020050795483911886,0.3773865344936344,0.20883534136546184,3.6275453639127857e-05,-0.020042102249734694,0.9676410250466367,4.754823211876889,,,,,,False,False,False,0.0002188087579766496,0.0002207536237189574,0.0002186761531436937
0.2,14,0.0,12.000000000000002,tdiff_raw,5.46,0,0.0,0.0,0.32680658909698757,0.06581526104417668,0.12384118726635635,0.0963855421686747,0.19790442185864274,0.03873092369478037,0.9394056371617532,0.9689317269076305,1.3817719090228493,0.6907630522088354,4.6377177621928947e-57,-0.9689317269076296,0.8438720227497022,11.157611934476511,,,,,,False,False,False,0.0002188087579766496,0.0002207536237189574,0.0002186761531436937
0.2,14,0.0,12.000000000000002,lowfreq_cubic,0.07792824661553506,0,0.0,0.0,0.32680658909698757,0.001538880204056644,0.09105814379216631,0.0642570281124498,0.6838841078891891,0.0013041001123849788,1.0311680274312223,0.008801252218159621,0.4894979593747355,0.22088353413654618,9.818533042096732e-06,0.008761968554047747,1.0953735406144514,5.3756637131981755,,,,,,False,False,False,0.0002188087579766496,0.0002207536237189574,0.0002186761531436937
0.2,14,4.0,4.96458390561927,ferro_segers,1.0,0,0.0,0.0,0.39673431361339156,0.023129134144734276,0.18169008799820024,0.10040160642570281,0.162580932356576,-0.022781862593226787,1.1913863608750126,0.02182118203156299,0.20481290951271042,0.11244979919678715,0.08579151229374248,0.021821182031563136,0.8309374511445357,1.1272651786856864,1.0,1.0,1.0,0.0,0.0,False,False,False,0.00021995632645083584,0.00021896705407811154,0.0002189899766149552
0.2,14,4.0,4.96458390561927,lag1,-0.034254057586815344,0,0.0,0.0,0.39673431361339156,0.008303284998927973,0.1528023455452562,0.06827309236947791,0.6083540282919664,0.0009555816508027924,1.1319659063008665,0.045310504598638626,0.7866727334510482,0.357429718875502,1.6028812885938442e-14,-0.045310504598638626,1.0797691316496123,5.148302734777395,,,,,,False,False,False,0.00021995632645083584,0.00021896705407811154,0.0002189899766149552
0.2,14,4.0,4.96458390561927,tdiff_raw,3.068,0,0.0,0.0,0.39673431361339156,0.02131726907630521,0.07870387907993595,0.04417670682730924,0.96882223798433,0.0056706827309240815,1.0209619743577218,0.4190361445783133,1.2587584578271764,0.5742971887550201,2.7829485831379324e-38,-0.41903614457831306,0.9278084806664217,15.993601237223602,,,,,,False,False,False,0.00021995632645083584,0.00021896705407811154,0.0002189899766149552
0.2,14,4.0,4.96458390561927,lowfreq_cubic,0.05372580943618807,0,0.0,0.0,0.39673431361339156,0.0022794692978908475,0.11539558381451451,0.06827309236947791,0.6083540282919664,-0.00017546002062310273,0.9861320238304441,0.01145115083204017,0.5077396242391924,0.24096385542168675,9.393447330284006e-07,0.01130653025079792,1.1871648792607687,4.399991814724233,,,,,,False,False,False,0.00021995632645083584,0.00021896705407811154,0.0002189899766149552
0.2,15,0.0,12.000000000000002,ferro_segers,1.0,0,0.0,0.0,0.32410486697080804,0.007457864339138278,0.07871043908614304,0.04417670682730924,0.96882223798433,-0.0027656196229107755,1.1197839344042426,0.04192344025001969,0.38383592367797875,0.1927710843373494,0.0001842653749138924,-0.041923440250019706,1.3729804081537738,4.876556758346786,1.0,1.0,1.0,0.0,0.0,False,False,False,0.00022873461764376257,0.0002313792345438138,0.0002298426994418068
0.2,15,0.0,12.000000000000002,lag1,-0.009128572836903751,0,0.0,0.0,0.32410486697080804,0.005842532672935433,0.1127755892906307,0.0642570281124498,0.6838841078891891,-0.0035717517836181528,1.036508236144263,0.004483319692854891,0.09006348308141895,0.060240963855421686,0.7580212891445754,-0.0013735367741272587,0.9576569886924601,0.7986079580512603,,,,,,False,False,False,0.00022873461764376257,0.0002313792345438138,0.0002298426994418068
0.2,15,0.0,12.000000000000002,tdiff_raw,5.624,0,0.0,0.0,0.32410486697080804,0.07018473895582329,0.1290264365582223,0.08433734939759036,0.3391499834431502,0.05106827309236994,1.0179919328659628,1.0768192771084337,1.4748204499680195,0.751004016064257,6.979028918819433e-69,-1.0768192771084335,0.820657318758276,11.430374187715442,,,,,,False,False,False,0.00022873461764376257,0.0002313792345438138,0.0002298426994418068
0.2,15,0.0,12.000000000000002,lowfreq_cubic,0.07083364319917025,0,0.0,0.0,0.32410486697080804,0.0054645988899744685,0.25364508569069133,0.11646586345381527,0.06820366751163658,0.005358563738038474,1.0651770189935061,0.001594557877975184,0.07691444757792429,0.04819277108433735,0.9353620854703709,0.001292029501498676,1.0028739990155233,0.30323649822933163,,,,,,False,False,False,0.00022873461764376257,0.0002313792345438138,0.0002298426994418068
0.2,15,4.0,4.96458390561927,ferro_segers,0.9528825378118247,0,0.0,0.0,0.4272248190709881,0.006696118091990557,0.055716654763463914,0.04417670682730924,0.96882223798433,0.005655858160655947,0.9710300811744742,0.09026356366286163,0.6136324542238321,0.321285140562249,9.154316627489762e-12,-0.08989043881214287,1.2805410147605654,11.013447537884296,0.412,0.368,0.716,0.043999999999999984,0.304,False,False,False,0.00023129907422850143,0.00022892632728932743,0.00022681090763721843
0.2,15,4.0,4.96458390561927,lag1,-0.08166822479162489,0,0.0,0.0,0.4272248190709881,0.004412975795239585,0.07637148105639509,0.060240963855421686,0.7580212891445754,-0.0008138113544987474,0.9944900562500381,0.03462773295514744,0.5563118584510309,0.24096385542168675,9.393447330284006e-07,-0.03462773295514744,1.0626542800191952,7.284287940418827,,,,,,False,False,False,0.00023129907422850143,0.00022892632728932743,0.00022681090763721843
0.2,15,4.0,4.96458390561927,tdiff_raw,3.348,0,0.0,0.0,0.4272248190709881,0.017172690763052213,0.07028218064933366,0.0642570281124498,0.6838841078891891,0.004417670682730357,0.9674197350753584,0.4974618473895583,1.4449535986025845,0.7349397590361446,1.4380386357104077e-65,-0.497461847389558,0.9128714741996616,20.559316533048744,,,,,,False,False,False,0.00023129907422850143,0.00022892632728932743,0.00022681090763721843
0.2,15,4.0,4.96458390561927,lowfreq_cubic,0.10358066999312071,0,0.0,0.0,0.4272248190709881,0.0011512662019157222,0.04932756146326551,0.04819277108433735,0.9353620854703709,-0.0006499869354100046,0.9846901989160813,0.012401007804878132,0.5193503826316492,0.26506024096385544,4.2435326098960144e-08,-0.012401007804878114,0.9605558774219335,10.528604439901244,,,,,,False,False,False,0.00023129907422850143,0.00022892632728932743,0.00022681090763721843
0.2,16,0.0,12.000000000000002,ferro_segers,0.8453362944162437,0,0.0,0.0,0.30524778498210786,0.015287043175522992,0.1593531490900614,0.08835341365461848,0.2859000658025284,0.012860609812392343,0.9366002667145835,0.015136826296088745,0.1415540811829163,0.08835341365461848,0.2859000658025284,-0.015132438796196412,1.1538004040234249,0.8883042600112877,0.172,0.12,0.2,0.05199999999999999,0.028000000000000025,False,False,False,0.0002290106907173339,0.00022896061930860999,0.0002256876885396339
0.2,16,0.0,12.000000000000002,lag1,0.05274403402071373,0,0.0,0.0,0.30524778498210786,0.0072405371061392025,0.12884771895287706,0.08433734939759036,0.3391499834431502,-0.006265036768972984,1.0368437217289297,0.039110075482104725,0.667951270372096,0.2891566265060241,1.4055780818421343e-09,0.039110075482104725,1.0036376511305287,5.184036440849821,,,,,,False,False,False,0.0002290106907173339,0.00022896061930860999,0.0002256876885396339
0.2,16,0.0,12.000000000000002,tdiff_raw,4.848,0,0.0,0.0,0.30524778498210786,0.043582329317269075,0.07718827511626306,0.0642570281124498,0.6838841078891891,0.030763052208834907,1.0603354305238972,0.791421686746988,1.2173879968736514,0.570281124497992,1.0195475183084763e-37,-0.7914216867469879,0.8786178448406061,15.771669920593162,,,,,,False,False,False,0.0002290106907173339,0.00022896061930860999,0.0002256876885396339
0.2,16,0.0,12.000000000000002,lowfreq_cubic,0.07056300383486903,0,0.0,0.0,0.30524778498210786,0.0017839616153934568,0.10731604178258232,0.0963855421686747,0.19790442185864274,-0.0016196136545675033,1.0124865368620386,0.00933508257005672,0.5024048615934478,0.26907630522088355,2.4574888215537047e-08,0.009335082570056732,1.1729376417921393,4.681544839412673,,,,,,False,False,False,0.0002290106907173339,0.00022896061930860999,0.0002256876885396339
0.2,16,4.0,4.96458390561927,ferro_segers,1.0,0,0.0,0.0,0.39556538495764537,0.0044508944067648045,0.04473253721648253,0.05622489959839357,0.8271830307385587,-0.0004595909121162256,0.9656761239749688,0.06407276517888828,0.5049891392653868,0.30522088353413657,1.2174228314471382e-10,-0.06407276517888827,1.393439979969215,11.289078838105855,1.0,1.0,1.0,0.0,0.0,False,False,False,0.00022702690149033992,0.00022864362917143015,0.00022837770756476406
0.2,16,4.0,4.96458390561927,lag1,-0.1148402040956914,0,0.0,0.0,0.39556538495764537,0.008953013082046473,0.15927137645421593,0.10441767068273092,0.13246100083422654,0.008164128373615041,1.0579991936564943,0.006477928444243973,0.11580887865536674,0.07228915662650602,0.5343337439261243,-0.001481121675967638,1.05327256500352,0.7271167063006853,,,,,,False,False,False,0.00022702690149033992,0.00022864362917143015,0.00022837770756476406
0.2,16,4.0,4.96458390561927,tdiff_raw,2.776,0,0.0,0.0,0.39556538495764537,0.02117269076305222,0.08118958071056695,0.07630522088353414,0.46395181593171897,-0.011951807228915534,0.97105463943443,0.5083694779116464,1.4162756366810703,0.6706827309236948,1.8291592134992663e-53,-0.5083694779116463,0.9123642504510175,17.444056543781638,,,,,,False,False,False,0.00022702690149033992,0.00022864362917143015,0.00022837770756476406
0.2,16,4.0,4.96458390561927,lowfreq_cubic,0.0728518728956761,0,0.0,0.0,0.39556538495764537,0.003137925991546623,0.15281178260054215,0.08433734939759036,0.3391499834431502,0.0026997734846264665,1.113291765946537,0.003214085876712703,0.15131399411627336,0.08835341365461848,0.2859000658025284,-0.00034536470230654703,1.185936893506349,0.990198475151716,,,,,,False,False,False,0.00022702690149033992,0.00022864362917143015,0.00022837770756476406
0.2,17,0.0,12.000000000000002,ferro_segers,1.0,0,0.0,0.0,0.3215275901175682,0.016795905113179986,0.14423649201790287,0.0642570281124498,0.6838841078891891,-0.016795905113179854,1.192823470173494,0.009640723079796189,0.08537099774177144,0.05220883534136546,0.8874650165235428,-0.00356255349956347,1.1357584831606005,0.5918820996504439,1.0,1.0,1.0,0.0,0.0,False,False,False,0.00022116122607610504,0.00022367504722965744,0.00022472075784687133
0.2,17,0.0,12.000000000000002,lag1,-0.04618407166733956,0,0.0,0.0,0.3215275901175682,0.004239083912764194,0.07471083071412729,0.04819277108433735,0.9353620854703709,-0.0013425755692144659,1.051035096662006,0.010186458020935948,0.1793441297946168,0.0963855421686747,0.19790442185864274,0.009899416516982652,1.0455918382370892,2.400510449159036,,,,,,False,False,False,0.00022116122607610504,0.00022367504722965744,0.00022472075784687133
0.2,17,0.0,12.000000000000002,tdiff_raw,4.972,0,0.0,0.0,0.3215275901175682,0.08856224899598394,0.1583988626814033,0.0963855421686747,0.19790442185864274,0.07760642570281018,1.1024126997100803,0.4273574297188755,0.7745365306195808,0.3413654618473896,2.94753996089393e-13,-0.42735742971887714,0.91767238014612,4.889785933485177,,,,,,False,False,False,0.00022116122607610504,0.00022367504722965744,0.00022472075784687133
0.2,17,0.0,12.000000000000002,lowfreq_cubic,0.09598380675403206,0,0.0,0.0,0.3215275901175682,0.0030086715565695544,0.14418715298983978,0.08433734939759036,0.3391499834431502,0.0027945171701069804,1.0769004061199283,0.007235827390966351,0.3448784182685377,0.1566265060240964,0.004391396207776164,-0.007042060691280619,1.0636788800544892,2.3918803521478598,,,,,,False,False,False,0.00022116122607610504,0.00022367504722965744,0.00022472075784687133
0.2,17,4.0,4.96458390561927,ferro_segers,0.8412698412698413,0,0.0,0.0,0.39678027161772367,0.012203055024564109,0.11333148136842536,0.08835341365461848,0.2859000658025284,-0.009327681044177139,1.0135687453612579,0.015226337855693786,0.1324225894107088,0.07630522088353414,0.46395181593171897,-0.014390214194845319,1.143277396039008,1.168453705993833,0.16,0.192,0.22,0.032,0.06,False,False,False,0.00022242080318281673,0.00022220956946732425,0.00022193478477832446
0.2,17,4.0,4.96458390561927,lag1,-0.040599805053120226,0,0.0,0.0,0.39678027161772367,0.006219700548726296,0.1064210238699759,0.06827309236947791,0.6083540282919664,-0.0003097010381823487,1.0582290639277576,0.026895320185420336,0.4546515237248828,0.20481927710843373,5.514601790594656e-05,0.026566811006887302,1.0305693647439735,4.272196481405469,,,,,,False,False,False,0.00022242080318281673,0.00022220956946732425,0.00022193478477832446
0.2,17,4.0,4.96458390561927,tdiff_raw,2.548,0,0.0,0.0,0.39678027161772367,0.04774297188755021,0.18496506778545563,0.12048192771084337,0.053781672898600176,0.04546184738955894,1.0669606406829213,0.33042570281124495,1.1395829624372584,0.5461847389558233,1.9269304930847474e-34,-0.3304257028112443,0.9136882592501253,6.161071255676641,,,,,,False,False,False,0.00022242080318281673,0.00022220956946732425,0.00022193478477832446
0.2,17,4.0,4.96458390561927,lowfreq_cubic,0.08847870592532148,0,0.0,0.0,0.39678027161772367,0.002011488840237662,0.08141430254269942,0.07630522088353414,0.46395181593171897,0.0016705759223096805,1.0708311513302402,0.0031306507567246404,0.12705538121281895,0.060240963855421686,0.7580212891445754,0.002634363525430103,1.0636817108609027,1.5606027103920783,,,,,,False,False,False,0.00022242080318281673,0.00022220956946732425,0.00022193478477832446
0.2,18,0.0,12.000000000000002,ferro_segers,1.0,0,0.0,0.0,0.3339357970073464,0.01113194322286429,0.11483935563396121,0.1285140562248996,0.032634465838067526,-0.007147151691868969,0.9414213598790959,0.008052193922016155,0.07742530110373402,0.04417670682730924,0.96882223798433,-0.00741636123089906,1.0823248023397463,0.6742052903058655,1.0,1.0,1.0,0.0,0.0,False,False,False,0.0002156764783477599,0.0002149232048568467,0.00021395578899106104
0.2,18,0.0,12.000000000000002,lag1,-0.03664042475133398,0,0.0,0.0,0.3339357970073464,0.009541153077968264,0.19223561994199628,0.10441767068273092,0.13246100083422654,0.009541153077968264,1.0061673834472284,0.008066220854068749,0.15568316102961652,0.07630522088353414,0.46395181593171897,-0.00517058819881764,1.0990594398768805,0.8098559521726013,,,,,,False,False,False,0.0002156764783477599,0.0002149232048568467,0.00021395578899106104
0.2,18,0.0,12.000000000000002,tdiff_raw,6.016,0,0.0,0.0,0.3339357970073464,0.10840160642570279,0.20171810284145217,0.0963855421686747,0.19790442185864274,-0.10207228915662725,1.0991019622161011,0.6902489959839357,1.141268955582243,0.5261044176706827,7.563391233282479e-32,-0.6902489959839357,0.9494377537429104,5.657741866030041,,,,,,False,False,False,0.0002156764783477599,0.0002149232048568467,0.00021395578899106104
0.2,18,0.0,12.000000000000002,lowfreq_cubic,0.061195078626217654,0,0.0,0.0,0.3339357970073464,0.0026067143660225417,0.13507291266114596,0.09236947791164658,0.23888908541520107,0.0025528967782244005,1.0545475729650091,0.027435903266084805,1.232991240710376,0.5903614457831325,1.3699031273031514e-40,-0.027435903266084798,0.8638272430169827,9.12833829091656,,,,,,False,False,False,0.0002156764783477599,0.0002149232048568467,0.00021395578899106104
0.2,18,4.0,4.96458390561927,ferro_segers,1.0,0,0.0,0.0,0.39694899138920403,0.005981743917023436,0.05780078923067148,0.03614457831325301,0.9969611680609808,0.0026807375524775523,0.9172204117744978,0.06109503137392968,0.4606144886473932,0.21686746987951808,1.5306841255371312e-05,-0.061095031373929576,1.3654130428072544,7.968999987338654,1.0,1.0,1.0,0.0,0.0,False,False,False,0.0002143690017415791,0.00021686230904032316,0.0002104327430114527
0.2,18,4.0,4.96458390561927,lag1,-0.12584548277072838,0,0.0,0.0,0.39694899138920403,0.004771230937933878,0.0872130024418483,0.07630522088353414,0.46395181593171897,0.0025694988321521804,0.9520097165755137,0.031427296412191184,0.5228512855027834,0.2570281124497992,1.2330429214007485e-07,0.031077280325574275,1.0715857478218342,5.995107046697573,,,,,,False,False,False,0.0002143690017415791,0.00021686230904032316,0.0002104327430114527
0.2,18,4.0,4.96458390561927,tdiff_raw,3.064,0,0.0,0.0,0.39694899138920403,0.03040963855421688,0.11492618288568458,0.07228915662650602,0.5343337439261243,-0.017526104417671107,0.9355531471112101,0.5693493975903614,1.4745089723436495,0.7429718875502008,3.282843811367296e-67,-0.5693493975903614,0.9057765559560489,12.830052606987822,,,,,,False,False,False,0.0002143690017415791,0.00021686230904032316,0.0002104327430114527
0.2,18,4.0,4.96458390561927,lowfreq_cubic,0.06978393798353748,0,0.0,0.0,0.39694899138920403,0.001895782564966117,0.08505246646959523,0.0642570281124498,0.6838841078891891,0.0012475913417737405,1.0125255740069472,0.0027366173093953464,0.12019987266962436,0.11244979919678715,0.08579151229374248,-0.0010936350430049424,1.0551654945783473,1.4132438206550106,,,,,,False,False,False,0.0002143690017415791,0.00021686230904032316,0.0002104327430114527
0.2,19,0.0,12.000000000000002,ferro_segers,1.0,0,0.0,0.0,0.31875009556739886,0.008175894037301786,0.07423311693940042,0.05220883534136546,0.8874650165235428,-0.006588891612932968,1.0778352306126013,0.026334122889854088,0.23140325089374444,0.14457831325301204,0.01089544738500837,-0.02633412288985415,1.1309407349593557,3.117250904103157,1.0,1.0,1.0,0.0,0.0,False,False,False,0.00022529511480582658,0.00022690365262213546,0.00022338098441293533
0.2,19,0.0,12.000000000000002,lag1,0.10343548118398015,0,0.0,0.0,0.31875009556739886,0.00690566252505573,0.1303297751990829,0.13253012048192772,0.025112389635213027,0.0058050062633385885,1.0360938529843675,0.004437647052795911,0.08336950864482635,0.05220883534136546,0.8874650165235428,0.0020930104262827168,1.0478635172715458,0.6396812126582443,,,,,,False,False,False,0.00022529511480582658,0.00022690365262213546,0.00022338098441293533
0.2,19,0.0,12.000000000000002,tdiff_raw,5.64,0,0.0,0.0,0.31875009556739886,0.11440963855421685,0.19903538698269785,0.1285140562248996,0.032634465838067526,-0.10046586345381403,0.8590850096484206,0.9738634538152613,1.343549318913992,0.6265060240963856,4.247650477122169e-46,-0.9738634538152597,0.7249992314761471,6.750303748904611,,,,,,False,False,False,0.00022529511480582658,0.00022690365262213546,0.00022338098441293533
0.2,19,0.0,12.000000000000002,lowfreq_cubic,0.10774806527921182,0,0.0,0.0,0.31875009556739886,0.002603057234409655,0.1207086529257699,0.07630522088353414,0.46395181593171897,0.0024137309718377242,1.0748324963687887,0.0023836015094093016,0.10855202028706477,0.060240963855421686,0.7580212891445754,-0.0010971412624905114,1.1136615196245325,0.8992894681197231,,,,,,False,False,False,0.00022529511480582658,0.00022690365262213546,0.00022338098441293533
0.2,19,4.0,4.96458390561927,ferro_segers,0.4387535816618911,0,0.0,0.0,0.406785250799292,0.01696781059349133,0.10851471450013615,0.08032128514056225,0.39861895108977546,-0.013855839235978107,1.1056549166013525,0.030062294555930014,0.22147602660637733,0.11244979919678715,0.08579151229374248,0.030062294555930014,0.8108283952716409,2.040976909229185,0.02,0.024,0.008,0.004,0.012,True,True,True,0.00022543423495609036,0.0002230731493379381,0.00022454631269029345
0.2,19,4.0,4.96458390561927,lag1,-0.09227666045269849,0,0.0,0.0,0.406785250799292,0.00479962851587008,0.08195508721239136,0.05622489959839357,0.8271830307385587,-0.0009940495985717012,1.011725088235676,0.00691326672482736,0.11731248252630695,0.07228915662650602,0.5343337439261243,-0.005354762345326766,1.0221962823494264,1.4314240459812264,,,,,,False,False,False,0.00022543423495609036,0.0002230731493379381,0.00022454631269029345
0.2,19,4.0,4.96458390561927,tdiff_raw,3.808,0,0.0,0.0,0.406785250799292,0.028064257028112462,0.09353702538100113,0.08835341365461848,0.2859000658025284,-0.007791164658633942,0.9434050814218882,0.5861204819277109,1.4318680305022684,0.7228915662650602,3.6624121894963375e-63,-0.5861204819277104,0.843479090409609,15.308034702513519,,,,,,False,False,False,0.00022543423495609036,0.0002230731493379381,0.00022454631269029345
0.2,19,4.0,4.96458390561927,lowfreq_cubic,0.0725445137718884,0,0.0,0.0,0.406785250799292,0.0027366576851823037,0.11436926122468076,0.07228915662650602,0.5343337439261243,0.000959475115139663,1.1349730243911198,0.013951619330400733,0.5308328250422809,0.23293172690763053,2.4634697418511695e-06,0.013951619330400747,1.2516948750215446,4.641394194192129,,,,,,False,False,False,0.00022543423495609036,0.0002230731493379381,0.00022454631269029345
0.2,20,0.0,12.000000000000002,ferro_segers,1.0,0,0.0,0.0,0.3296010182128488,0.01300543351775782,0.1270378693671096,0.07630522088353414,0.46395181593171897,0.012709055155619264,0.8912240891873152,0.015489596350999118,0.1376951215928272,0.07630522088353414,0.46395181593171897,-0.01456860011819383,1.079683245409102,1.083890357094384,1.0,1.0,1.0,0.0,0.0,False,False,False,0.00023047984326229185,0.0002310218477958446,0.00023401017425977283
0.2,20,0.0,12.000000000000002,lag1,0.04805293162749051,0,0.0,0.0,0.3296010182128488,0.004448908196095731,0.08543798404093006,0.05622489959839357,0.8271830307385587,0.0006187690159228133,1.0056072666697127,0.040651094213244324,0.7006488573272639,0.3253012048192771,4.688119727411424e-12,0.040583878363699574,1.0913074557780127,8.200671694121455,,,,,,False,False,False,0.00023047984326229185,0.0002310218477958446,0.00023401017425977283
0.2,20,0.0,12.000000000000002,tdiff_raw,5.512,0,0.0,0.0,0.3296010182128488,0.05709236947791163,0.11108829086908151,0.09236947791164658,0.23888908541520107,-0.030714859437751763,0.8925074022580805,0.809156626506024,1.2562628835007317,0.5983935742971888,8.93177601956702e-42,-0.8091566265060246,0.8412837965181915,11.308688554595163,,,,,,False,False,False,0.00023047984326229185,0.0002310218477958446,0.00023401017425977283
0.2,20,0.0,12.000000000000002,lowfreq_cubic,0.0943572782980717,0,0.0,0.0,0.3296010182128488,0.0027005817163594965,0.1303127606104654,0.10040160642570281,0.162580932356576,-0.002478671178070199,0.9071467785711939,0.026997802237618274,1.0070234502717974,0.46987951807228917,3.2550536313117764e-25,0.026997802237618287,1.133103173338666,7.727742437150977,,,,,,False,False,False,0.00023047984326229185,0.0002310218477958446,0.00023401017425977283
0.2,20,4.0,4.96458390561927,ferro_segers,1.0,0,0.0,0.0,0.39572807305828944,0.016286176416267395,0.1423394542684941,0.07228915662650602,0.5343337439261243,-0.008734817374815518,1.2676687995397375,0.03736012716705656,0.31206195765694955,0.12048192771084337,0.053781672898600176,-0.03736012716705661,1.3374052123587563,2.192378488878471,1.0,1.0,1.0,0.0,0.0,False,False,False,0.00023447518559091207,0.00023275213432036188,0.0002311972854563368
0.2,20,4.0,4.96458390561927,lag1,0.08424737254132247,0,0.0,0.0,0.39572807305828944,0.008264150586842841,0.14544934062989553,0.08835341365461848,0.2859000658025284,0.0012259885784568665,1.0790137437399878,0.012615111508496582,0.22603290269244275,0.1285140562248996,0.032634465838067526,0.011441454563729574,1.0327064769604286,1.5540318141942995,,,,,,False,False,False,0.00023447518559091207,0.00023275213432036188,0.0002311972854563368
0.2,20,4.0,4.96458390561927,tdiff_raw,2.856,0,0.0,0.0,0.39572807305828944,0.056208835341365455,0.2089699355994391,0.10843373493975904,0.10703865187580967,-0.05257831325301243,1.0844251270428962,0.48714859437751007,1.4084953175758232,0.714859437751004,1.3530439173798824e-61,-0.48714859437751024,0.9095424662641779,6.74018161289799,,,,,,False,False,False,0.00023447518559091207,0.00023275213432036188,0.0002311972854563368
0.2,20,4.0,4.96458390561927,lowfreq_cubic,0.06978786454196889,0,0.0,0.0,0.39572807305828944,0.0013281754011616087,0.06945604167133257,0.060240963855421686,0.7580212891445754,-0.0009975510884140254,0.9625932895468852,0.0065652264707086365,0.30748437186658534,0.1686746987951807,0.0016437762900952488,0.0060389583867064695,1.1641955352249604,4.427035639629499,,,,,,False,False,False,0.00023447518559091207,0.00023275213432036188,0.0002311972854563368
0.2,21,0.0,12.000000000000002,ferro_segers,0.893328118015199,0,0.0,0.0,0.34397474616876456,0.007328705806174413,0.06857438919495862,0.040160642570281124,0.9882875890179591,-0.006790990292942167,1.1003366717870937,0.004992516573935437,0.048622773068665255,0.040160642570281124,0.9882875890179591,-0.004071485535284247,1.0207365474909416,0.7090514934143831,0.24,0.24,0.26,0.0,0.020000000000000018,False,False,False,0.00021960778456647516,0.00021908269265336807,0.00021686744755324648
0.2,21,0.0,12.000000000000002,lag1,0.01640018445502756,0,0.0,0.0,0.34397474616876456,0.00531907264224199,0.09099680197481197,0.06827309236947791,0.6083540282919664,0.0022793686896158197,0.9396245367487014,0.06565991960070261,0.9793231768612461,0.43775100401606426,8.060857117983643e-22,-0.0656599196007026,0.939543086907926,10.762171368751105,,,,,,False,False,False,0.00021960778456647516,0.00021908269265336807,0.00021686744755324648
0.2,21,0.0,12.000000000000002,tdiff_raw,5.192,0,0.0,0.0,0.34397474616876456,0.03167871485943777,0.06251148270210807,0.07228915662650602,0.5343337439261243,-0.000546184738955624,1.011773415632315,0.4582008032128514,0.8531826969246319,0.40963855421686746,4.463620551285804e-19,-0.4582008032128524,0.9264651376466538,13.648415619740954,,,,,,False,False,False,0.00021960778456647516,0.00021908269265336807,0.00021686744755324648
0.2,21,0.0,12.000000000000002,lowfreq_cubic,0.1013315687417437,0,0.0,0.0,0.34397474616876456,0.0015603135445239425,0.07131089309882582,0.060240963855421686,0.7580212891445754,-0.000947318759266888,1.000212938194991,0.003276047647800774,0.1525484078259725,0.08032128514056225,0.39861895108977546,-0.0032019847777087634,0.9577212622770782,2.1392020376825456,,,,,,False,False,False,0.00021960778456647516,0.00021908269265336807,0.00021686744755324648
0.2,21,4.0,4.96458390561927,ferro_segers,0.9800050620096178,0,0.0,0.0,0.40282022581683813,0.00830575064652038,0.07109007749172366,0.05622489959839357,0.8271830307385587,-0.004391124601118568,1.0867731331302497,0.06866841762112437,0.5003399351717008,0.26104417670682734,7.264743326724155e-08,-0.06866841762112419,1.3497785840873204,7.038112108260728,0.46,0.432,0.648,0.028000000000000025,0.188,False,False,False,0.00021714572185992494,0.0002168484161161077,0.00021667850794053435
0.2,21,4.0,4.96458390561927,lag1,0.01519415020371699,0,0.0,0.0,0.40282022581683813,0.01099944169082336,0.18737670163485548,0.09236947791164658,0.23888908541520107,-0.01099944169082336,0.9835472990618905,0.025533404621336322,0.41428749693586764,0.20080321285140562,8.313470036072165e-05,-0.025533404621336315,1.0458589948025934,2.2109872429241246,,,,,,False,False,False,0.00021714572185992494,0.0002168484161161077,0.00021667850794053435
0.2,21,4.0,4.96458390561927,tdiff_raw,2.944,0,0.0,0.0,0.40282022581683813,0.06697188755020081,0.23100565639318205,0.14457831325301204,0.01089544738500837,0.06597590361445782,0.9299241247088963,0.4266987951807229,1.2125653209168887,0.5461847389558233,1.9269304930847474e-34,-0.42669879518072307,0.8707850206428445,5.249071991782931,,,,,,False,False,False,0.00021714572185992494,0.0002168484161161077,0.00021667850794053435
0.2,21,4.0,4.96458390561927,lowfreq_cubic,0.1263251008070969,0,0.0,0.0,0.40282022581683813,0.0021326966014589633,0.09716931544821644,0.060240963855421686,0.7580212891445754,-0.0003354693630591571,1.0898999971847458,0.003323763789189865,0.15766470860522858,0.08835341365461848,0.2859000658025284,-0.0033050932621152135,1.003058824163591,1.622577126101601,,,,,,False,False,False,0.00021714572185992494,0.0002168484161161077,0.00021667850794053435
0.2,22,0.0,12.000000000000002,ferro_segers,1.0,0,0.0,0.0,0.31415618457347516,0.0077551154480866346,0.07199200240201833,0.04417670682730924,0.96882223798433,0.000893244092669887,0.9071541512667196,0.0112409699558211,0.1019464170089128,0.08433734939759036,0.3391499834431502,-0.006353213704860861,0.9531048818360792,1.4160797534095713,1.0,1.0,1.0,0.0,0.0,False,False,False,0.00021741500842891356,0.0002165619880988199,0.00022046448072214525
0.2,22,0.0,12.000000000000002,lag1,-0.057207365735154385,0,0.0,0.0,0.31415618457347516,0.008552987939621639,0.16098992580419322,0.1285140562248996,0.032634465838067526,0.005206403619921586,1.112197202702903,0.03843865120514014,0.664688994128041,0.2971887550200803,4.2100040772211376e-10,-0.03815882860086836,1.169223125855644,4.128761416639675,,,,,,False,False,False,0.00021741500842891356,0.0002165619880988199,0.00022046448072214525
0.2,22,0.0,12.000000000000002,tdiff_raw,5.732,0,0.0,0.0,0.31415618457347516,0.09567871485943778,0.17420637402823833,0.12048192771084337,0.053781672898600176,-0.0849799196787151,0.9668871357597192,0.7789236947791166,1.1629184306927278,0.4899598393574297,1.76616195305032e-27,-0.7789236947791167,0.956172518827039,6.675521703380472,,,,,,False,False,False,0.00021741500842891356,0.0002165619880988199,0.00022046448072214525
0.2,22,0.0,12.000000000000002,lowfreq_cubic,0.09985809849674468,0,0.0,0.0,0.31415618457347516,0.0016371400769906441,0.08661404069345134,0.060240963855421686,0.7580212891445754,-9.68293011406468e-05,0.919793943820413,0.004912556476977794,0.24709666286911233,0.1686746987951807,0.0016437762900952488,0.004906262244110685,1.005570453036241,2.852847654846702,,,,,,False,False,False,0.00021741500842891356,0.0002165619880988199,0.00022046448072214525
0.2,22,4.0,4.96458390561927,ferro_segers,1.0,0,0.0,0.0,0.39943737604349766,0.007828626458231309,0.07579282494178124,0.05220883534136546,0.8874650165235428,-0.006548203379385331,1.0723799498491682,0.03567424022755706,0.3174679585651052,0.17269076305220885,0.0011652797675722223,-0.03475074944410472,1.21910576752094,4.188628129495869,1.0,1.0,1.0,0.0,0.0,False,False,False,0.000217042910588587,0.0002148376743083009,0.00022034166116639028
0.2,22,4.0,4.96458390561927,lag1,-0.10101894870767666,0,0.0,0.0,0.39943737604349766,0.007332991228336618,0.12527356660931804,0.08032128514056225,0.39861895108977546,0.006849155933477201,0.953425316650475,0.01117302337401247,0.19127637266711403,0.11244979919678715,0.08579151229374248,0.010937736822435856,0.9438240093056393,1.5268693775090862,,,,,,False,False,False,0.000217042910588587,0.0002148376743083009,0.00022034166116639028
0.2,22,4.0,4.96458390561927,tdiff_raw,3.768,0,0.0,0.0,0.39943737604349766,0.027630522088353413,0.10298060755688682,0.06827309236947791,0.6083540282919664,0.01702811244979907,1.0122943865173408,0.5240321285140561,1.4641613214882845,0.7188755020080321,2.2445354704198983e-62,-0.5240321285140559,0.8183560135802415,14.21783534030388,,,,,,False,False,False,0.000217042910588587,0.0002148376743083009,0.00022034166116639028
0.2,22,4.0,4.96458390561927,lowfreq_cubic,0.08549594766753131,0,0.0,0.0,0.39943737604349766,0.0018517911276398047,0.07754246321203992,0.04819277108433735,0.9353620854703709,3.570202833752534e-05,0.9955985927358478,0.002083105257292163,0.08602424065568534,0.08032128514056225,0.39861895108977546,0.0017160299122014333,1.0221479898291,1.1093823576438484,,,,,,False,False,False,0.000217042910588587,0.0002148376743083009,0.00022034166116639028
0.2,23,0.0,12.000000000000002,ferro_segers,1.0,0,0.0,0.0,0.3219751994056514,0.004449621288495638,0.054124550045213715,0.028112449799196786,0.9999742289695194,0.0020430449280530727,0.8773319408258087,0.01454958424504798,0.15685185479025418,0.0963855421686747,0.19790442185864274,-0.014170286648603092,1.1136447740829436,2.8979798383399555,1.0,1.0,1.0,0.0,0.0,False,False,False,0.0002163061798252661,0.00021580573358374064,0.00021507819851887514
0.2,23,0.0,12.000000000000002,lag1,-0.11162186170057975,0,0.0,0.0,0.3219751994056514,0.008355597149010154,0.16476601545096767,0.10040160642570281,0.162580932356576,0.00732664023354318,0.9704107366217198,0.03353213612853922,0.6040060729208706,0.26907630522088355,2.4574888215537047e-08,0.03353213612853922,1.0608845434551732,3.665841352463923,,,,,,False,False,False,0.0002163061798252661,0.00021580573358374064,0.00021507819851887514
0.2,23,0.0,12.000000000000002,tdiff_raw,7.3,0,0.0,0.0,0.3219751994056514,0.07877911646586347,0.13464244012312615,0.10040160642570281,0.162580932356576,-0.06547791164658623,0.9426060994712029,1.017606425702811,1.3663931036422596,0.6867469879518072,2.5031784331836007e-56,-1.0176064257028115,0.7961000335999285,10.148309124468684,,,,,,False,False,False,0.0002163061798252661,0.00021580573358374064,0.00021507819851887514
0.2,23,0.0,12.000000000000002,lowfreq_cubic,0.08505804095355658,0,0.0,0.0,0.3219751994056514,0.0012277353425546988,0.06884666021935484,0.04417670682730924,0.96882223798433,-0.00018819667006288177,0.9986330095401986,0.001444102472863303,0.08096045223001629,0.0642570281124498,0.6838841078891891,0.0008114159899183238,0.9986176721795967,1.1759532266643593,,,,,,False,False,False,0.0002163061798252661,0.00021580573358374064,0.00021507819851887514
0.2,23,4.0,4.96458390561927,ferro_segers,1.0,0,0.0,0.0,0.3998783704851876,0.010321667727420391,0.09772494365690634,0.07630522088353414,0.46395181593171897,0.008938824071730744,0.9244016806850146,0.03415924646131168,0.2775274628948618,0.14056224899598393,0.014510289418632576,-0.03404453866317647,1.2143730769078012,2.8398835804828395,1.0,1.0,1.0,0.0,0.0,False,False,False,0.00021265115446089382,0.00021468682286119589,0.00021596376733510098
0.2,23,4.0,4.96458390561927,lag1,-0.03918726820963552,0,0.0,0.0,0.3998783704851876,0.0037457756063054865,0.06654041159031222,0.05220883534136546,0.8874650165235428,-0.001735355582301961,0.9676560570725321,0.021056277088635944,0.3637099911082497,0.18875502008032127,0.0002709248334127592,0.021056277088635937,0.9902457827129723,5.466001523218676,,,,,,False,False,False,0.00021265115446089382,0.00021468682286119589,0.00021596376733510098
0.2,23,4.0,4.96458390561927,tdiff_raw,2.672,0,0.0,0.0,0.3998783704851876,0.03315662650602409,0.12447885988934856,0.07630522088353414,0.46395181593171897,0.03238554216867451,0.9713329511926094,0.582136546184739,1.5008187576070862,0.7389558232931727,2.1919295602052404e-66,-0.582136546184739,0.8958274226119582,12.056816385860042,,,,,,False,False,False,0.00021265115446089382,0.00021468682286119589,0.00021596376733510098
0.2,23,4.0,4.96458390561927,lowfreq_cubic,0.0816448553666505,0,0.0,0.0,0.3998783704851876,0.0029493263631169457,0.151344388157074,0.10040160642570281,0.162580932356576,-0.0022614617823033395,1.1324082539909444,0.006955012834831993,0.34313853761435686,0.17670682730923695,0.0008192751950161892,0.0069519068690428315,1.185064740066921,2.2672696476741874,,,,,,False,False,False,0.00021265115446089382,0.00021468682286119589,0.00021596376733510098
0.2,24,0.0,12.000000000000002,ferro_segers,1.0,0,0.0,0.0,0.3064814862327452,0.007097924727945903,0.06400357577906898,0.04417670682730924,0.96882223798433,0.0029581535992387886,0.9950479191527837,0.016500022760914713,0.149516106897287,0.10441767068273092,0.13246100083422654,0.01386304456345544,0.9814524649146684,2.33605865105713,1.0,1.0,1.0,0.0,0.0,False,False,False,0.00022269063361798376,0.0002245906321186015,0.00022258870574848585
0.2,24,0.0,12.000000000000002,lag1,0.03571423138316069,0,0.0,0.0,0.3064814862327452,0.007660216668789656,0.13837440274807888,0.0963855421686747,0.19790442185864274,-0.006713929873669994,0.9368378545337454,0.029295982875599032,0.5079028250458967,0.23694779116465864,1.5276711710830303e-06,-0.02929598287559903,0.9559211574153802,3.6704969630153976,,,,,,False,False,False,0.00022269063361798376,0.0002245906321186015,0.00022258870574848585
0.2,24,0.0,12.000000000000002,tdiff_raw,5.152,0,0.0,0.0,0.3064814862327452,0.04258634538152607,0.08141167247416259,0.08433734939759036,0.3391499834431502,-0.020578313253012404,0.991307127647116,0.7305220883534137,1.172566981778481,0.5662650602409639,3.69113962646865e-37,-0.730522088353414,0.9189535081329055,14.402934445924828,,,,,,False,False,False,0.00022269063361798376,0.0002245906321186015,0.00022258870574848585
0.2,24,0.0,12.000000000000002,lowfreq_cubic,0.08310392809322178,0,0.0,0.0,0.3064814862327452,0.0025805413576909255,0.11327441818603688,0.06827309236947791,0.6083540282919664,-0.002279176604734298,0.922340862297198,0.023361857202837195,0.9363088359843437,0.39759036144578314,5.7856027833963926e-18,-0.02336185720283719,0.858393709235372,8.265845466066162,,,,,,False,False,False,0.00022269063361798376,0.0002245906321186015,0.00022258870574848585
0.2,24,4.0,4.96458390561927,ferro_segers,0.5640138846660586,0,0.0,0.0,0.41179376630844367,0.014854838697064672,0.12325444940522103,0.0642570281124498,0.6838841078891891,0.014854838697064499,0.834923238355338,0.012349357154325731,0.09974643438879352,0.07228915662650602,0.5343337439261243,0.0035963641646298283,0.8929476102823883,0.8092724836314711,0.036,0.016,0.024,0.019999999999999997,0.011999999999999997,True,True,True,0.00022374723872761157,0.0002238445886216801,0.0002204784692203373
0.2,24,4.0,4.96458390561927,lag1,0.06866677264109979,0,0.0,0.0,0.41179376630844367,0.004055324442040426,0.0677032398496247,0.05622489959839357,0.8271830307385587,-0.0016454924207259074,0.9700974366852712,0.010933582826818753,0.18147360959557143,0.11244979919678715,0.08579151229374248,0.010565230392088303,0.9742193845378188,2.680427258704883,,,,,,False,False,False,0.00022374723872761157,0.0002238445886216801,0.0002204784692203373
0.2,24,4.0,4.96458390561927,tdiff_raw,2.42,0,0.0,0.0,0.41179376630844367,0.018843373493975895,0.0695764329470311,0.05220883534136546,0.8874650165235428,-0.008915662650602396,0.9942893346609628,0.368144578313253,1.165641642457243,0.5341365461847389,7.174573619072015e-33,-0.3681445783132533,0.8856495542051547,16.753397567027264,,,,,,False,False,False,0.00022374723872761157,0.0002238445886216801,0.0002204784692203373
0.2,24,4.0,4.96458390561927,lowfreq_cubic,0.09768857641054987,0,0.0,0.0,0.41179376630844367,0.0016421067720266936,0.06735586282383839,0.0642570281124498,0.6838841078891891,-0.0013248371486134225,0.9835905576991504,0.00570184429978247,0.21805432257768692,0.10441767068273092,0.13246100083422654,0.0054112578902054675,1.113882485738332,3.237347328590831,,,,,,False,False,False,0.00022374723872761157,0.0002238445886216801,0.0002204784692203373
0.2,25,0.0,12.000000000000002,ferro_segers,0.8227163461538461,0,0.0,0.0,0.3204366077356585,0.018266377091758428,0.19167986921975805,0.0963855421686747,0.19790442185864274,-0.017792049227444817,1.201153969892205,0.035743861562788665,0.34306995571539084,0.17269076305220885,0.0011652797675722223,-0.03574386156278875,1.3633698194301092,1.7898069166672093,0.1,0.148,0.196,0.04799999999999999,0.096,False,False,False,0.00022785057316305216,0.00022934775232197864,0.00022666963308410102
0.2,25,0.0,12.000000000000002,lag1,-0.002684736304969495,0,0.0,0.0,0.3204366077356585,0.004682696466973342,0.08771022221667414,0.08032128514056225,0.39861895108977546,0.002066566510209738,1.0688507812470645,0.0067489657588340555,0.12323724201431349,0.08032128514056225,0.39861895108977546,-0.0037626604921670755,1.1191337484361852,1.4050499348852874,,,,,,False,False,False,0.00022785057316305216,0.00022934775232197864,0.00022666963308410102
0.2,25,0.0,12.000000000000002,tdiff_raw,5.7,0,0.0,0.0,0.3204366077356585,0.06266666666666666,0.1236850541222087,0.08032128514056225,0.39861895108977546,-0.031823293172690725,1.1292871450378685,0.8387630522088353,1.3171352728311216,0.6345381526104418,2.1993740987313924e-47,-0.8387630522088347,1.0170013499237507,10.649106168718635,,,,,,False,False,False,0.00022785057316305216,0.00022934775232197864,0.00022666963308410102
0.2,25,0.0,12.000000000000002,lowfreq_cubic,0.1352357395758088,0,0.0,0.0,0.3204366077356585,0.0023416094884718386,0.10942928831527275,0.08835341365461848,0.2859000658025284,-0.0018648261304213265,0.9511746976273309,0.0026227202834694678,0.11672312922982488,0.08835341365461848,0.2859000658025284,0.0022692736985914647,1.0482537151479752,1.0666534620378507,,,,,,False,False,False,0.00022785057316305216,0.00022934775232197864,0.00022666963308410102
0.2,25,4.0,4.96458390561927,ferro_segers,0.6402439024390244,0,0.0,0.0,0.39193697415076667,0.010962299654711329,0.10629875271496653,0.0642570281124498,0.6838841078891891,-0.010918823591076432,1.1261404479051125,0.04773234424777977,0.41596368446841675,0.23293172690763053,2.4634697418511695e-06,-0.047732344247779834,1.3016025688200539,3.913156776014047,0.02,0.024,0.052,0.004,0.032,True,True,False,0.0002250397261919107,0.0002282276032284174,0.00022679176899113198
0.2,25,4.0,4.96458390561927,lag1,-0.05998085794990386,0,0.0,0.0,0.39193697415076667,0.004886020987688143,0.08439497748189706,0.060240963855421686,0.7580212891445754,0.0010088566706033877,0.9388851250237568,0.004500589064890518,0.07351694914182164,0.0642570281124498,0.6838841078891891,0.0008870667713237745,1.0506131009085522,0.8711057379876704,,,,,,False,False,False,0.0002250397261919107,0.0002282276032284174,0.00022679176899113198
0.2,25,4.0,4.96458390561927,tdiff_raw,3.58,0,0.0,0.0,0.39193697415076667,0.037092369477911655,0.13001197848689064,0.08835341365461848,0.2859000658025284,-0.03352610441767068,0.9280251526375997,0.4785060240963856,1.3020795083211771,0.6345381526104418,2.1993740987313924e-47,-0.47850602409638565,0.8847367663816575,10.015073406889645,,,,,,False,False,False,0.0002250397261919107,0.0002282276032284174,0.00022679176899113198
0.2,25,4.0,4.96458390561927,lowfreq_cubic,0.11603593323860069,0,0.0,0.0,0.39193697415076667,0.00294399353880031,0.11827575051493898,0.08433734939759036,0.3391499834431502,-0.0002311841404368381,0.9267259656873268,0.004551543785473332,0.18368788532451982,0.10843373493975904,0.10703865187580967,-0.004397782863714839,0.9097238527116391,1.5530477255463901,,,,,,False,False,False,0.0002250397261919107,0.0002282276032284174,0.00022679176899113198
0.2,26,0.0,12.000000000000002,ferro_segers,0.9312116691529919,0,0.0,0.0,0.31709298501532446,0.009706006332706883,0.10313146020450072,0.04819277108433735,0.9353620854703709,-0.007482828810106756,1.0564800333683972,0.02885091980831595,0.2849650156351237,0.15261044176706828,0.005993943563690842,-0.028838509235895704,1.1844844312944423,2.7631240270433497,0.212,0.256,0.352,0.04400000000000001,0.13999999999999999,False,False,False,0.00022358043253773853,0.00022434604584179777,0.00022349765283146748
0.2,26,0.0,12.000000000000002,lag1,-0.0016293396172502774,0,0.0,0.0,0.31709298501532446,0.003647409808126356,0.07475183429210705,0.04819277108433735,0.9353620854703709,-0.002713461962387069,0.9722198975321648,0.0033694229081387816,0.06707384938500562,0.05220883534136546,0.8874650165235428,0.00010548436296949504,1.031209835293231,0.8972870033249065,,,,,,False,False,False,0.00022358043253773853,0.00022434604584179777,0.00022349765283146748
0.2,26,0.0,12.000000000000002,tdiff_raw,6.228,0,0.0,0.0,0.31709298501532446,0.08647389558232932,0.1720489392237207,0.10040160642570281,0.162580932356576,0.0689959839357428,0.9070822933406321,0.7554538152610442,1.2047084360956744,0.5220883534136547,2.4152005618885227e-31,-0.7554538152610446,0.9024491390228216,7.002126496863469,,,,,,False,False,False,0.00022358043253773853,0.00022434604584179777,0.00022349765283146748
0.2,26,0.0,12.000000000000002,lowfreq_cubic,0.060329620571627655,0,0.0,0.0,0.31709298501532446,0.0015810673142001874,0.08582887527356023,0.04417670682730924,0.96882223798433,-0.00016256724263283284,0.967809512709599,0.0063604143739848665,0.3065803922855809,0.1606425702811245,0.003190979958905346,0.006115630933788779,1.1844764477841998,3.5719959198861844,,,,,,False,False,False,0.00022358043253773853,0.00022434604584179777,0.00022349765283146748
0.2,26,4.0,4.96458390561927,ferro_segers,1.0,0,0.0,0.0,0.42540262038741317,0.006357640448423612,0.051193949502383006,0.04417670682730924,0.96882223798433,-0.004356227467418261,1.0704406094746242,0.0483561486466928,0.35309727370837407,0.1686746987951807,0.0016437762900952488,-0.04835614864669291,1.2364397251053094,6.897246200782594,1.0,1.0,1.0,0.0,0.0,False,False,False,0.00022461684049017056,0.00022305871510458627,0.00022187578095618
0.2,26,4.0,4.96458390561927,lag1,0.12220520496230466,0,0.0,0.0,0.42540262038741317,0.006760200769696875,0.12113161027561808,0.06827309236947791,0.6083540282919664,-0.0043156351260927525,0.9349425703954007,0.0028611837937392278,0.04954890592379557,0.04819277108433735,0.9353620854703709,0.0012509157947732641,1.0045729413537279,0.4090501712232962,,,,,,False,False,False,0.00022461684049017056,0.00022305871510458627,0.00022187578095618
0.2,26,4.0,4.96458390561927,tdiff_raw,2.74,0,0.0,0.0,0.42540262038741317,0.02774297188755021,0.10625003153148127,0.060240963855421686,0.7580212891445754,4.8192771084476504e-05,1.1050006268989334,0.3403855421686747,1.150361911991762,0.5622489959839357,1.3206829856172233e-36,-0.34038554216867434,0.9522055290283814,10.82693242920032,,,,,,False,False,False,0.00022461684049017056,0.00022305871510458627,0.00022187578095618
0.2,26,4.0,4.96458390561927,lowfreq_cubic,0.11497023503775387,0,0.0,0.0,0.42540262038741317,0.002146144591410204,0.08999621294768943,0.060240963855421686,0.7580212891445754,-0.0015451481309974313,1.0343063870953724,0.010475944816288586,0.4570805376002997,0.21686746987951808,1.5306841255371312e-05,-0.01047594481628858,0.902061790774625,5.078886351206512,,,,,,False,False,False,0.00022461684049017056,0.00022305871510458627,0.00022187578095618
0.2,27,0.0,12.000000000000002,ferro_segers,1.0,0,0.0,0.0,0.32328676880693136,0.008954135994071067,0.08818183373969314,0.0642570281124498,0.6838841078891891,-0.008807841539883787,1.1079145342173504,0.02526851634009388,0.2321987125278371,0.11244979919678715,0.08579151229374248,-0.02526851634009386,1.23635875238544,2.6331808115180446,1.0,1.0,1.0,0.0,0.0,False,False,False,0.00023077125276299538,0.0002335836009586374,0.00022996589952183497
0.2,27,0.0,12.000000000000002,lag1,-0.01266002042300447,0,0.0,0.0,0.32328676880693136,0.007164378365168261,0.14980442860229423,0.08032128514056225,0.39861895108977546,0.006005697008748017,0.9938986678571454,0.03417993173772978,0.6046171121927592,0.27309236947791166,1.4109241814598557e-08,0.03417952361028688,1.2382103610124848,4.036042978394936,,,,,,False,False,False,0.00023077125276299538,0.0002335836009586374,0.00022996589952183497
0.2,27,0.0,12.000000000000002,tdiff_raw,6.272,0,0.0,0.0,0.32328676880693136,0.044144578313253025,0.08740550557906639,0.04819277108433735,0.9353620854703709,-0.011566265060239722,1.12412118783763,1.173831325301205,1.5754403998803406,0.7991967871485943,1.2817867949779721e-79,-1.1738313253012045,0.9293485879744349,18.02449845056031,,,,,,False,False,False,0.00023077125276299538,0.0002335836009586374,0.00022996589952183497
0.2,27,0.0,12.000000000000002,lowfreq_cubic,0.09472315063574419,0,0.0,0.0,0.32328676880693136,0.0035752828971500382,0.18817028637009564,0.10040160642570281,0.162580932356576,0.0034402469760143606,1.0479645878578998,0.02292951247958115,0.9487217396212909,0.42971887550200805,5.145469507646677e-21,0.022929512479581166,1.2850444428133945,5.041825454606197,,,,,,False,False,False,0.00023077125276299538,0.0002335836009586374,0.00022996589952183497
0.2,27,4.0,4.96458390561927,ferro_segers,1.0,0,0.0,0.0,0.3917108768951935,0.006530049885975459,0.056139086548251345,0.028112449799196786,0.9999742289695194,0.004228716298819046,0.9166254461860058,0.058397055456634143,0.40471277739183736,0.18473895582329317,0.000395043106847021,-0.05839705545663432,1.310129255290769,7.209108702614549,1.0,1.0,1.0,0.0,0.0,False,False,False,0.0002347340170089231,0.0002334999035901873,0.00023122447288397631
0.2,27,4.0,4.96458390561927,lag1,0.0036250147555257606,0,0.0,0.0,0.3917108768951935,0.006834736039422931,0.121511120838096,0.06827309236947791,0.6083540282919664,0.006145116164241295,0.9461283720343381,0.03704530839940343,0.6038340108823634,0.27309236947791166,1.4109241814598557e-08,0.03704530839940343,1.0270324563634565,4.969372405731651,,,,,,False,False,False,0.0002347340170089231,0.0002334999035901873,0.00023122447288397631
0.2,27,4.0,4.96458390561927,tdiff_raw,3.28,0,0.0,0.0,0.3917108768951935,0.03498795180722892,0.12145373231255707,0.08835341365461848,0.2859000658025284,-0.03180722891566212,1.0412499766321446,0.5568032128514055,1.4561455900059193,0.7269076305220884,5.8768939784941227e-64,-0.5568032128514058,0.8526011209595912,11.98930294096328,,,,,,False,False,False,0.0002347340170089231,0.0002334999035901873,0.00023122447288397631
0.2,27,4.0,4.96458390561927,lowfreq_cubic,0.0650112712252604,0,0.0,0.0,0.3917108768951935,0.001751101627316262,0.07564753928382485,0.0642570281124498,0.6838841078891891,0.00075232141350208,0.952054001308563,0.008313145873639315,0.3389363409293163,0.14457831325301204,0.01089544738500837,0.008313145873639335,1.0388789965028378,4.480467496208221,,,,,,False,False,False,0.0002347340170089231,0.0002334999035901873,0.00023122447288397631
0.2,28,0.0,12.000000000000002,ferro_segers,1.0,0,0.0,0.0,0.32200854306540083,0.004092717445864787,0.036485455618535535,0.0321285140562249,0.9995546982198918,-0.0005413196011028187,0.9833966429714531,0.017099060307663373,0.16655994648485253,0.07228915662650602,0.5343337439261243,0.017099060307663394,0.7975657884138072,4.565105290893813,1.0,1.0,1.0,0.0,0.0,False,False,False,0.0002112270109608451,0.00021497593871392997,0.00021147858627841592
0.2,28,0.0,12.000000000000002,lag1,-0.12446968062010866,0,0.0,0.0,0.32200854306540083,0.005483731723769958,0.10531797047698935,0.08032128514056225,0.39861895108977546,0.0049477029328705985,1.0023618217066095,0.049748661286999,0.8356548094209338,0.40160642570281124,2.4866487607720886e-18,-0.04974866128699901,1.080351745344614,7.9345889940359795,,,,,,False,False,False,0.0002112270109608451,0.00021497593871392997,0.00021147858627841592
0.2,28,0.0,12.000000000000002,tdiff_raw,5.728,0,0.0,0.0,0.32200854306540083,0.06057831325301204,0.11891121072642044,0.07630522088353414,0.46395181593171897,-0.04637751004016,0.8879089528386199,0.2581847389558233,0.48726680030482633,0.20481927710843373,5.514601790594656e-05,-0.255775100401606,0.9085687999670207,4.097736431478098,,,,,,False,False,False,0.0002112270109608451,0.00021497593871392997,0.00021147858627841592
0.2,28,0.0,12.000000000000002,lowfreq_cubic,0.07062191339703623,0,0.0,0.0,0.32200854306540083,0.002038842416043065,0.10321935270473453,0.07630522088353414,0.46395181593171897,0.0007207504364385442,1.0849977699074973,0.006242856895771921,0.318535156123238,0.1566265060240964,0.004391396207776164,-0.006046083616384881,1.0454799728800188,3.0860022638818982,,,,,,False,False,False,0.0002112270109608451,0.00021497593871392997,0.00021147858627841592
0.2,28,4.0,4.96458390561927,ferro_segers,0.9205911823647295,0,0.0,0.0,0.42491560514613375,0.006322359779952973,0.058010485488756744,0.0321285140562249,0.9995546982198918,0.0003862650649431032,0.9850238820908481,0.038534661546507115,0.32143014612606297,0.18473895582329317,0.000395043106847021,-0.03813823555998097,1.150475073535532,5.5408973639490595,0.304,0.304,0.444,0.0,0.14,False,False,False,0.000210872456788779,0.00021489887542674207,0.00021019182497681942
0.2,28,4.0,4.96458390561927,lag1,-0.007012561873267824,0,0.0,0.0,0.42491560514613375,0.006451965597387327,0.11305333319702883,0.08433734939759036,0.3391499834431502,-0.0031966719434876646,1.0384916082950446,0.031644710928110935,0.5265680695289728,0.2248995983935743,6.24523085300579e-06,-0.03164471092811092,1.0706669287431005,4.657696103583852,,,,,,False,False,False,0.000210872456788779,0.00021489887542674207,0.00021019182497681942
0.2,28,4.0,4.96458390561927,tdiff_raw,2.9,0,0.0,0.0,0.42491560514613375,0.05384738955823292,0.21623509611844288,0.15261044176706828,0.005993943563690842,0.052401606425702685,0.9776057410490265,0.2927710843373494,1.0060221402533238,0.4497991967871486,4.6397971548997527e-23,-0.29277108433734966,1.0080512026968336,4.652446149177699,,,,,,False,False,False,0.000210872456788779,0.00021489887542674207,0.00021019182497681942
0.2,28,4.0,4.96458390561927,lowfreq_cubic,0.10428250746191711,0,0.0,0.0,0.42491560514613375,0.002481871012508944,0.09587594529726864,0.05220883534136546,0.8874650165235428,0.0007031243219044608,1.0768959394327946,0.006835990134909857,0.27969610821538543,0.1606425702811245,0.003190979958905346,-0.006835990134909847,0.9422644156996579,2.917270931182679,,,,,,False,False,False,0.000210872456788779,0.00021489887542674207,0.00021019182497681942
0.2,29,0.0,12.000000000000002,ferro_segers,1.0,0,0.0,0.0,0.32060351973811296,0.006279818017393779,0.05397263592932855,0.0321285140562249,0.9995546982198918,-0.00047061698942751917,1.0333982781064242,0.025238026209954887,0.23598995604130685,0.1285140562248996,0.032634465838067526,0.025232606804275637,0.8501229271037364,4.372400050097726,1.0,1.0,1.0,0.0,0.0,False,False,False,0.00022065024015017099,0.00022098018539787532,0.0002164763027486012
0.2,29,0.0,12.000000000000002,lag1,-0.0014901805963721945,0,0.0,0.0,0.32060351973811296,0.005808742279414526,0.10040811112401973,0.08032128514056225,0.39861895108977546,-0.005164524698118816,0.986878971593791,0.022092443927696895,0.3951714437677938,0.18473895582329317,0.000395043106847021,-0.021932741696048707,0.8808410098820169,3.9356526016079645,,,,,,False,False,False,0.00022065024015017099,0.00022098018539787532,0.0002164763027486012
0.2,29,0.0,12.000000000000002,tdiff_raw,6.676,0,0.0,0.0,0.32060351973811296,0.09794377510040159,0.18026100328523878,0.12048192771084337,0.053781672898600176,0.08579919678714898,0.9266181776457901,0.5572530120481929,0.9407363932205756,0.3815261044176707,1.542125928068808e-16,-0.557253012048192,0.8544860462821648,5.218746018693691,,,,,,False,False,False,0.00022065024015017099,0.00022098018539787532,0.0002164763027486012
0.2,29,0.0,12.000000000000002,lowfreq_cubic,0.08972963603279678,0,0.0,0.0,0.32060351973811296,0.001963172008126878,0.08494042619844248,0.04417670682730924,0.96882223798433,9.099501977168079e-05,1.055142701914749,0.02993524319447486,1.1673035016917317,0.5662650602409639,3.69113962646865e-37,-0.029935243194474867,0.8448270876404813,13.74261413481255,,,,,,False,False,False,0.00022065024015017099,0.00022098018539787532,0.0002164763027486012
0.2,29,4.0,4.96458390561927,ferro_segers,0.631391225465941,0,0.0,0.0,0.3927174143516267,0.014746796272016475,0.11947062448592824,0.07630522088353414,0.46395181593171897,-0.014663056897859739,1.115726053376855,0.008496480028178665,0.07557939319538327,0.08835341365461848,0.2859000658025284,-0.0028383036148721397,0.9318410628994933,0.6326190519267328,0.032,0.052,0.024,0.019999999999999997,0.008,True,False,True,0.0002198468178249832,0.00021906400906204976,0.00021786729128328694
0.2,29,4.0,4.96458390561927,lag1,0.06470473665862318,0,0.0,0.0,0.3927174143516267,0.008909852883530129,0.15654273648459402,0.11646586345381527,0.06820366751163658,-0.007481518379413559,1.0788302938502126,0.014930678524572097,0.25647459722238103,0.12048192771084337,0.053781672898600176,-0.014720925221975795,1.1122796153951007,1.6383679178089496,,,,,,False,False,False,0.0002198468178249832,0.00021906400906204976,0.00021786729128328694
0.2,29,4.0,4.96458390561927,tdiff_raw,2.96,0,0.0,0.0,0.3927174143516267,0.04902811244979918,0.164199520117402,0.08835341365461848,0.2859000658025284,0.040289156626506006,1.0217406875366744,0.5636144578313252,1.4472414106062783,0.6947791164658634,8.462186438124477e-58,-0.5636144578313251,0.8125676745633934,8.81391985537776,,,,,,False,False,False,0.0002198468178249832,0.00021906400906204976,0.00021786729128328694
0.2,29,4.0,4.96458390561927,lowfreq_cubic,0.17488468354199357,0,0.0,0.0,0.3927174143516267,0.0034268260578159634,0.14036276914110482,0.09236947791164658,0.23888908541520107,0.0031183412131765564,1.0535177998695877,0.004485983275580395,0.19385284143879977,0.11244979919678715,0.08579151229374248,-0.004485458756766064,0.9410049869423908,1.3810844757837508,,,,,,False,False,False,0.0002198468178249832,0.00021906400906204976,0.00021786729128328694
0.5,0,0.0,12.000000000000002,ferro_segers,1.0,0,0.0,0.0,0.3468659363270432,0.020792740365396675,0.2321110414992184,0.10441767068273092,0.13246100083422654,0.02079274036539669,0.7372718116646064,0.015674669849225255,0.1584483662651446,0.10441767068273092,0.13246100083422654,0.01366885861011724,0.9481787952323443,0.6826403657564798,1.0,1.0,1.0,0.0,0.0,False,False,False,0.0002253581787190443,0.00022460534364274933,0.00022125294241354603
0.5,0,0.0,12.000000000000002,lag1,0.060311922799272444,0,0.0,0.0,0.3468659363270432,0.006838130752569399,0.1345941213617055,0.08433734939759036,0.3391499834431502,0.0021726834177125736,1.0341041482923599,0.013427491122193443,0.2584159510263012,0.13253012048192772,0.025112389635213027,-0.013427491122193436,1.062691346804877,1.9199646196421722,,,,,,False,False,False,0.0002253581787190443,0.00022460534364274933,0.00022125294241354603
0.5,0,0.0,12.000000000000002,tdiff_raw,7.74,0,0.0,0.0,0.3468659363270432,0.053734939759036184,0.07149451228744194,0.06827309236947791,0.6083540282919664,-0.03339759036144763,0.994668182441918,2.411004016064257,1.7491546660929493,0.9477911646586346,1.0866446079275666e-123,-2.4110040160642585,0.7507382811840401,24.465579386855474,,,,,,False,False,False,0.0002253581787190443,0.00022460534364274933,0.00022125294241354603
0.5,0,0.0,12.000000000000002,lowfreq_cubic,0.15279894714452172,0,0.0,0.0,0.3468659363270432,0.004594507513430794,0.22074264309671635,0.10441767068273092,0.13246100083422654,-0.0045012512831684864,1.0315985081083172,0.029339819499320272,1.1787253423757373,0.5341365461847389,7.174573619072015e-33,-0.02933981949932027,0.9733772979251973,5.339817109371498,,,,,,False,False,False,0.0002253581787190443,0.00022460534364274933,0.00022125294241354603
0.5,0,4.0,4.96458390561927,ferro_segers,0.744274671290276,0,0.0,0.0,0.46286814307947555,0.020581885260048817,0.14260921670498425,0.08835341365461848,0.2859000658025284,0.020581885260049004,0.9182133427352054,0.029656944286841527,0.21929746613710413,0.10040160642570281,0.162580932356576,0.029656944286841624,0.7791059923524383,1.5377510037851436,0.184,0.152,0.104,0.032,0.08,False,False,False,0.0002239697958263067,0.0002265794428045372,0.00021927743594906825
0.5,0,4.0,4.96458390561927,lag1,-0.0010370688983289385,0,0.0,0.0,0.46286814307947555,0.012630234124112018,0.22365588874886036,0.12449799196787148,0.04206533980817979,-0.012153993002608679,1.0520318125547017,0.014787969788970439,0.25539453317662464,0.11244979919678715,0.08579151229374248,0.014787969788970443,1.0973886424162662,1.1419083781129589,,,,,,False,False,False,0.0002239697958263067,0.0002265794428045372,0.00021927743594906825
0.5,0,4.0,4.96458390561927,tdiff_raw,3.672,0,0.0,0.0,0.46286814307947555,0.044289156626506045,0.1282932082321601,0.0963855421686747,0.19790442185864274,0.034522088353414304,1.0817684403379375,1.5985060240963855,1.8726762246435669,0.9959839357429718,3.405760677214255e-146,-1.5985060240963849,0.7850200004898368,14.596846165501974,,,,,,False,False,False,0.0002239697958263067,0.0002265794428045372,0.00021927743594906825
0.5,0,4.0,4.96458390561927,lowfreq_cubic,0.08273533094929227,0,0.0,0.0,0.46286814307947555,0.004176386688303612,0.18430407052901024,0.0963855421686747,0.19790442185864274,-0.004056126092678497,0.9781501487388798,0.0197495527968601,0.7662242083713281,0.39357429718875503,1.333370707696652e-17,-0.01969977245291675,1.085691544804,4.157391674378223,,,,,,False,False,False,0.0002239697958263067,0.0002265794428045372,0.00021927743594906825
0.5,1,0.0,12.000000000000002,ferro_segers,1.0,0,0.0,0.0,0.3611938166868493,0.00580380206607421,0.07890192858486676,0.05220883534136546,0.8874650165235428,0.004665470665087934,0.9767174515515843,0.06154195043330315,0.5673581021555603,0.27710843373493976,8.030731976233769e-09,-0.06154195043330313,1.7059942182188321,7.190674706326143,1.0,1.0,1.0,0.0,0.0,False,False,False,0.00022746208417704958,0.00022506773418565302,0.00021892648086656853
0.5,1,0.0,12.000000000000002,lag1,0.039192638147259554,0,0.0,0.0,0.3611938166868493,0.0053483625718869264,0.1114844578168691,0.07228915662650602,0.5343337439261243,9.04529675905992e-05,0.9398037875936092,0.07297324304398956,1.143277051882316,0.5461847389558233,1.9269304930847474e-34,0.07297324304398956,1.1144932162181556,10.255035314073282,,,,,,False,False,False,0.00022746208417704958,0.00022506773418565302,0.00021892648086656853
0.5,1,0.0,12.000000000000002,tdiff_raw,7.192,0,0.0,0.0,0.3611938166868493,0.0977510040160642,0.14063388214870154,0.07228915662650602,0.5343337439261243,-0.04547791164658754,0.8752483130823226,3.3873574297188753,1.8806871649875838,1.0,6.838876861876014e-149,-3.387357429718877,0.5941608701398013,13.372930735133906,,,,,,False,False,False,0.00022746208417704958,0.00022506773418565302,0.00021892648086656853
0.5,1,0.0,12.000000000000002,lowfreq_cubic,0.1016965552242066,0,0.0,0.0,0.3611938166868493,0.0024042374984573015,0.12310814018217973,0.08835341365461848,0.2859000658025284,-0.0015639762007298164,1.0692672853980747,0.013715083609055819,0.6008556090040145,0.3172690763052209,1.77162951202596e-11,0.013618537102322248,1.292735662156984,4.880713883865376,,,,,,False,False,False,0.00022746208417704958,0.00022506773418565302,0.00021892648086656853
0.5,1,4.0,4.96458390561927,ferro_segers,0.7007291666666666,0,0.0,0.0,0.44898680154875587,0.022858143963077563,0.14753553959800308,0.07630522088353414,0.46395181593171897,-0.004338192887822112,1.1660814563416004,0.03524729528469783,0.26048645043903734,0.14859437751004015,0.008114442209751042,0.03524729528469783,0.8773214127921718,1.7655844222266381,0.132,0.184,0.104,0.05199999999999999,0.02800000000000001,False,False,False,0.00022734766609991313,0.00022678306205134067,0.00021609550306885597
0.5,1,4.0,4.96458390561927,lag1,-0.018720290570006914,0,0.0,0.0,0.44898680154875587,0.004622113051768974,0.08551886239387985,0.060240963855421686,0.7580212891445754,-0.0017842549057323354,1.021772388400655,0.008247693016119583,0.14761404350823168,0.12048192771084337,0.053781672898600176,0.007050475664197458,1.0845765660213664,1.7260992414556948,,,,,,False,False,False,0.00022734766609991313,0.00022678306205134067,0.00021609550306885597
0.5,1,4.0,4.96458390561927,tdiff_raw,4.176,0,0.0,0.0,0.44898680154875587,0.04125301204819273,0.12222173346799577,0.05622489959839357,0.8271830307385587,0.007582329317268766,1.1483863171624464,1.6188112449799195,1.8911640484243326,0.9959839357429718,3.405760677214255e-146,-1.618811244979919,0.7431913319472557,15.473222272039905,,,,,,False,False,False,0.00022734766609991313,0.00022678306205134067,0.00021609550306885597
0.5,1,4.0,4.96458390561927,lowfreq_cubic,0.05919069187193097,0,0.0,0.0,0.44898680154875587,0.0016122925555299328,0.07321835221735185,0.07228915662650602,0.5343337439261243,-9.839266863641283e-05,1.0135825573323192,0.00937142817628306,0.4271885678753512,0.1927710843373494,0.0001842653749138924,-0.009371428176283073,0.9592412528962796,5.83444662353528,,,,,,False,False,False,0.00022734766609991313,0.00022678306205134067,0.00021609550306885597
0.5,2,0.0,12.000000000000002,ferro_segers,1.0,0,0.0,0.0,0.34671250449484675,0.0067468045109057495,0.07127624057575764,0.04819277108433735,0.9353620854703709,-0.0036119702758304895,0.9893208412153627,0.004428670592406296,0.047813126810984465,0.03614457831325301,0.9969611680609808,0.001821179450969268,0.9461484703574764,0.6708143755164034,1.0,1.0,1.0,0.0,0.0,False,False,False,0.00022873103418410095,0.00023267804797322,0.00022661025161637327
0.5,2,0.0,12.000000000000002,lag1,0.12926133790421038,0,0.0,0.0,0.34671250449484675,0.002887261084020232,0.05761993146707143,0.040160642570281124,0.9882875890179591,0.0015112949428483652,1.023379639285946,0.006069795779844029,0.11616472737838662,0.07630522088353414,0.46395181593171897,-0.0023129513246465394,1.1070550889562483,2.01605112017133,,,,,,False,False,False,0.00022873103418410095,0.00023267804797322,0.00022661025161637327
0.5,2,0.0,12.000000000000002,tdiff_raw,7.524,0,0.0,0.0,0.34671250449484675,0.0846586345381526,0.11997823459562708,0.0963855421686747,0.19790442185864274,0.06326104417670653,1.057437720554942,2.589590361445783,1.8130709243718062,0.9839357429718876,1.731594306876721e-139,-2.589590361445782,0.7315978175550258,15.11166529898143,,,,,,False,False,False,0.00022873103418410095,0.00023267804797322,0.00022661025161637327
0.5,2,0.0,12.000000000000002,lowfreq_cubic,0.11596065788955869,0,0.0,0.0,0.34671250449484675,0.002518365554583269,0.11341794716239915,0.07228915662650602,0.5343337439261243,0.0021667581637117433,0.9611394379697744,0.003449218170723011,0.1428285043967102,0.09236947791164658,0.23888908541520107,0.0029674867121417398,1.1280108141185077,1.2593113168606185,,,,,,False,False,False,0.00022873103418410095,0.00023267804797322,0.00022661025161637327
0.5,2,4.0,4.96458390561927,ferro_segers,1.0,0,0.0,0.0,0.49464531709554066,0.008076721330748531,0.05853002078097678,0.04819277108433735,0.9353620854703709,-0.004135684837702325,1.03142894071727,0.03602055095684243,0.2498345142543227,0.1606425702811245,0.003190979958905346,-0.03494172969926124,1.1046926333760339,4.268484974389737,1.0,1.0,1.0,0.0,0.0,False,False,False,0.0002313936449639753,0.00023141093009068414,0.00022414304920340816
0.5,2,4.0,4.96458390561927,lag1,0.02265366832471962,0,0.0,0.0,0.49464531709554066,0.0057795121237247905,0.11033406787793316,0.07228915662650602,0.5343337439261243,0.0002344291950426257,0.902877953517769,0.04456786124975154,0.7195142838340395,0.285140562248996,2.5347784509625005e-09,-0.044567861249751546,1.0995593075072871,6.521234081843691,,,,,,False,False,False,0.0002313936449639753,0.00023141093009068414,0.00022414304920340816
0.5,2,4.0,4.96458390561927,tdiff_raw,3.948,0,0.0,0.0,0.49464531709554066,0.03530923694779115,0.11366434392272183,0.08433734939759036,0.3391499834431502,0.024096385542168974,0.9311285900855134,1.4760481927710842,1.8652879541251568,1.0,6.838876861876014e-149,-1.4760481927710845,0.7471452000748544,16.410493297645857,,,,,,False,False,False,0.0002313936449639753,0.00023141093009068414,0.00022414304920340816
0.5,2,4.0,4.96458390561927,lowfreq_cubic,0.09416012062165069,0,0.0,0.0,0.49464531709554066,0.0024247595687403195,0.10445754507792858,0.06827309236947791,0.6083540282919664,-0.0022576783141127488,0.9593232253448083,0.01883499690777406,0.7527308599768718,0.3172690763052209,1.77162951202596e-11,-0.01883499690777407,0.9587331859827394,7.206093723677921,,,,,,False,False,False,0.0002313936449639753,0.00023141093009068414,0.00022414304920340816
0.5,3,0.0,12.000000000000002,ferro_segers,1.0,0,0.0,0.0,0.36385575195413505,0.01157171603109897,0.11199185183840832,0.08835341365461848,0.2859000658025284,0.010722758057339354,0.9559049577709856,0.02226770195442955,0.21697964880519022,0.18072289156626506,0.0005712633162686837,0.022222151694406223,0.9331457030753663,1.9374592458589361,1.0,1.0,1.0,0.0,0.0,False,False,False,0.00022495641958034183,0.0002262273001958337,0.00021673438550492307
0.5,3,0.0,12.000000000000002,lag1,0.044535561552970115,0,0.0,0.0,0.36385575195413505,0.0041209842647323995,0.0824394430413912,0.08433734939759036,0.3391499834431502,-0.0012274851800682801,1.0131405915721143,0.05702962168427903,0.9690194493314219,0.4578313253012048,6.578748351680455e-24,-0.05702962168427903,1.0716959876808,11.75431824357286,,,,,,False,False,False,0.00022495641958034183,0.0002262273001958337,0.00021673438550492307
0.5,3,0.0,12.000000000000002,tdiff_raw,9.32,0,0.0,0.0,0.36385575195413505,0.09431325301204818,0.11564982741784649,0.09236947791164658,0.23888908541520107,0.0857028112449818,1.02695022793285,2.959421686746988,1.8090805735574886,0.9718875502008032,9.880202038914392e-134,-2.959421686746988,0.7025766875073947,15.642743391403496,,,,,,False,False,False,0.00022495641958034183,0.0002262273001958337,0.00021673438550492307
0.5,3,0.0,12.000000000000002,lowfreq_cubic,0.08226151892794249,0,0.0,0.0,0.36385575195413505,0.0019103738705948821,0.08941114031868533,0.060240963855421686,0.7580212891445754,0.0014321439458203078,0.9941994918409123,0.03609791703693431,1.3454094730363944,0.6666666666666666,9.167834130309576e-53,-0.036097917036934296,0.8459824788355721,15.047447871048043,,,,,,False,False,False,0.00022495641958034183,0.0002262273001958337,0.00021673438550492307
0.5,3,4.0,4.96458390561927,ferro_segers,0.7119457186544342,0,0.0,0.0,0.4665808771004378,0.006208254733364799,0.04011096379313836,0.040160642570281124,0.9882875890179591,0.003713904271150703,0.9721441701946485,0.06856761929673971,0.505201535097131,0.21285140562248997,2.3663127042742378e-05,0.06856761929673971,0.6326346415885796,12.59509838014766,0.16,0.16,0.052,0.0,0.10800000000000001,False,False,False,0.00022263303557933496,0.000224897194633767,0.00021599136945836046
0.5,3,4.0,4.96458390561927,lag1,-0.003850508364836872,0,0.0,0.0,0.4665808771004378,0.007241281450096313,0.1231295131716922,0.06827309236947791,0.6083540282919664,-0.005048742432248714,1.0127376386268607,0.044927461130032265,0.7246070728678785,0.3172690763052209,1.77162951202596e-11,0.044927461130032265,0.9792802644674823,5.884917873893306,,,,,,False,False,False,0.00022263303557933496,0.000224897194633767,0.00021599136945836046
0.5,3,4.0,4.96458390561927,tdiff_raw,5.036,0,0.0,0.0,0.4665808771004378,0.03513253012048196,0.08478272097558633,0.05220883534136546,0.8874650165235428,0.018297188755019178,1.0752828140336832,1.9986024096385542,1.8943952184429205,1.0,6.838876861876014e-149,-1.9986024096385546,0.6422557679155532,22.34411913942229,,,,,,False,False,False,0.00022263303557933496,0.000224897194633767,0.00021599136945836046
0.5,3,4.0,4.96458390561927,lowfreq_cubic,0.08582748655032811,0,0.0,0.0,0.4665808771004378,0.0018158064802719866,0.08321383837336284,0.060240963855421686,0.7580212891445754,-0.0009509246070054794,1.0187644708944374,0.00480546263489838,0.20382094127402875,0.12048192771084337,0.053781672898600176,-0.0037932470527194118,1.1682246363159212,2.4493635344583553,,,,,,False,False,False,0.00022263303557933496,0.000224897194633767,0.00021599136945836046
0.5,4,0.0,12.000000000000002,ferro_segers,0.9557661927330173,0,0.0,0.0,0.35395126140240085,0.02410938585037927,0.21751753259552004,0.14056224899598393,0.014510289418632576,-0.02193315258662132,1.0474822589105361,0.020230192490599305,0.19196091930660042,0.12048192771084337,0.053781672898600176,-0.013312501321166681,0.9524239825563181,0.8825078007093629,0.276,0.404,0.348,0.128,0.07199999999999995,False,False,False,0.00023241078128951104,0.00023324496166901156,0.00022847001340504084
0.5,4,0.0,12.000000000000002,lag1,-0.04524994138148211,0,0.0,0.0,0.35395126140240085,0.005686277604222468,0.11234661981919797,0.06827309236947791,0.6083540282919664,0.00011638219421774415,0.9617294764057105,0.05151068939265687,0.8793425362840463,0.40160642570281124,2.4866487607720886e-18,-0.05130168739645165,1.040691632513484,7.827049338014663,,,,,,False,False,False,0.00023241078128951104,0.00023324496166901156,0.00022847001340504084
0.5,4,0.0,12.000000000000002,tdiff_raw,9.12,0,0.0,0.0,0.35395126140240085,0.07747791164658631,0.09909922720642993,0.0642570281124498,0.6838841078891891,-0.03661044176706696,0.9761062531880933,2.4475983935742973,1.7328205065000526,0.9317269076305221,1.0396343007598786e-117,-2.4475983935742978,0.7618994880423617,17.485711597835785,,,,,,False,False,False,0.00023241078128951104,0.00023324496166901156,0.00022847001340504084
0.5,4,0.0,12.000000000000002,lowfreq_cubic,0.12146838925736138,0,0.0,0.0,0.35395126140240085,0.0024752534524777993,0.11283067949051816,0.08433734939759036,0.3391499834431502,0.0003695948789989023,1.0620121827042233,0.013347506879726101,0.5634635090558952,0.30522088353413657,1.2174228314471382e-10,-0.013323142972258104,1.1333900280052078,4.993885631108349,,,,,,False,False,False,0.00023241078128951104,0.00023324496166901156,0.00022847001340504084
0.5,4,4.0,4.96458390561927,ferro_segers,0.9287652645861602,0,0.0,0.0,0.4667636663406005,0.027322913725039297,0.15526567610738995,0.10040160642570281,0.162580932356576,-0.026973141837489223,1.1009277334387881,0.08607377589616308,0.5624118226211376,0.27309236947791166,1.4109241814598557e-08,0.08607377589616316,0.7413871313271502,3.6222546844940813,0.576,0.624,0.324,0.04800000000000004,0.25199999999999995,False,False,False,0.00023518838478250918,0.00023495237791052348,0.0002271108861652363
0.5,4,4.0,4.96458390561927,lag1,-0.05885518776122413,0,0.0,0.0,0.4667636663406005,0.005755498876245593,0.10141884490983323,0.08433734939759036,0.3391499834431502,0.00424662183039776,0.9665562821149607,0.020811477191642978,0.34645495891351696,0.1646586345381526,0.0022997062504635296,0.020739411344063347,1.0513829800431838,3.4160807019793067,,,,,,False,False,False,0.00023518838478250918,0.00023495237791052348,0.0002271108861652363
0.5,4,4.0,4.96458390561927,tdiff_raw,4.396,0,0.0,0.0,0.4667636663406005,0.0238232931726908,0.06750058953199131,0.06827309236947791,0.6083540282919664,-0.00804819277108404,1.0253206406919377,1.6006425702811244,1.8716947182355004,0.9959839357429718,3.405760677214255e-146,-1.6006425702811247,0.6889543686178266,27.72856846455244,,,,,,False,False,False,0.00023518838478250918,0.00023495237791052348,0.0002271108861652363
0.5,4,4.0,4.96458390561927,lowfreq_cubic,0.08730814121999171,0,0.0,0.0,0.4667636663406005,0.003913553016264292,0.17736180830692191,0.08835341365461848,0.2859000658025284,-0.003348358021243475,1.0550015191084616,0.011409877653416818,0.4803262027711266,0.26104417670682734,7.264743326724155e-08,-0.011161423836967582,1.1519089221726548,2.7081715469427707,,,,,,False,False,False,0.00023518838478250918,0.00023495237791052348,0.0002271108861652363
0.5,5,0.0,12.000000000000002,ferro_segers,1.0,0,0.0,0.0,0.36244568876087346,0.01282158818279278,0.138120190515672,0.10843373493975904,0.10703865187580967,-0.010945852251575627,1.0052933263720951,0.02342579588349877,0.22606159083982394,0.12048192771084337,0.053781672898600176,-0.0234257958834988,1.2174037411342804,1.6367019911847855,1.0,1.0,1.0,0.0,0.0,False,False,False,0.00022620442085320117,0.00022742123012682377,0.00021793908563059336
0.5,5,0.0,12.000000000000002,lag1,0.09961137983589728,0,0.0,0.0,0.36244568876087346,0.0032615749107935137,0.06082392181217444,0.04417670682730924,0.96882223798433,-0.0004666504363518148,0.9912803247698678,0.07075680743931456,1.090344966924453,0.4859437751004016,5.119110035794287e-27,-0.07075680743931456,1.0192924814964552,17.92625227770487,,,,,,False,False,False,0.00022620442085320117,0.00022742123012682377,0.00021793908563059336
0.5,5,0.0,12.000000000000002,tdiff_raw,7.74,0,0.0,0.0,0.36244568876087346,0.09728514056224902,0.13666084315182286,0.09236947791164658,0.23888908541520107,0.0861686746987953,1.0661736484099982,2.3151807228915664,1.7759243300671395,0.9718875502008032,9.880202038914392e-134,-2.315180722891565,0.7140779485264408,12.995122005022095,,,,,,False,False,False,0.00022620442085320117,0.00022742123012682377,0.00021793908563059336
0.5,5,0.0,12.000000000000002,lowfreq_cubic,0.12187838313139066,0,0.0,0.0,0.36244568876087346,0.0021944867117443465,0.09483717614586454,0.05622489959839357,0.8271830307385587,-0.0005404388518777392,1.0017569007265827,0.030236636928124654,1.1141718175858084,0.4979919678714859,2.0368217282648115e-28,-0.030236636928124658,0.9482022466736507,11.748260153509232,,,,,,False,False,False,0.00022620442085320117,0.00022742123012682377,0.00021793908563059336
0.5,5,4.0,4.96458390561927,ferro_segers,1.0,0,0.0,0.0,0.43515005786357935,0.012862093154580048,0.08436006208013773,0.060240963855421686,0.7580212891445754,0.012477608299976128,0.9390453017022354,0.08421612329580323,0.6069022846643861,0.2891566265060241,1.4055780818421343e-09,0.08421612329580319,0.6459963582509402,7.194189640209759,1.0,1.0,1.0,0.0,0.0,False,False,False,0.0002259800048466769,0.00022652365089677069,0.00021959803465913225
0.5,5,4.0,4.96458390561927,lag1,0.08924752811709581,0,0.0,0.0,0.43515005786357935,0.006357521713443577,0.1140200711593159,0.0963855421686747,0.19790442185864274,-0.002981814152528281,1.0426717327758508,0.05009081034840188,0.8151650711509775,0.3293172690763052,2.379468622976191e-12,-0.05009081034840189,1.0556981450531506,7.149312071661236,,,,,,False,False,False,0.0002259800048466769,0.00022652365089677069,0.00021959803465913225
0.5,5,4.0,4.96458390561927,tdiff_raw,3.716,0,0.0,0.0,0.43515005786357935,0.02785542168674699,0.08465644667745754,0.05622489959839357,0.8271830307385587,9.638554216806483e-05,0.9566615512185809,1.2806907630522086,1.8163258516475893,0.9879518072289156,1.3992681267690675e-141,-1.2806907630522093,0.725652849822204,21.45525737180772,,,,,,False,False,False,0.0002259800048466769,0.00022652365089677069,0.00021959803465913225
0.5,5,4.0,4.96458390561927,lowfreq_cubic,0.13986453005259936,0,0.0,0.0,0.43515005786357935,0.0030333508898699826,0.1140690860603986,0.07228915662650602,0.5343337439261243,-0.0025480485016686483,0.9539174739223708,0.005530791181965816,0.19987470278317557,0.11244979919678715,0.08579151229374248,-0.005029297115228745,1.0274840331606223,1.752224986508105,,,,,,False,False,False,0.0002259800048466769,0.00022652365089677069,0.00021959803465913225
0.5,6,0.0,12.000000000000002,ferro_segers,0.8126865671641791,0,0.0,0.0,0.347961618469466,0.026150088434100258,0.3062706027550275,0.14457831325301204,0.01089544738500837,-0.02615008843410016,1.4118534758176735,0.018136431753537224,0.223356832579121,0.0963855421686747,0.19790442185864274,-0.018136431753537297,1.3182264467311182,0.7292793711506608,0.048,0.108,0.1,0.06,0.052000000000000005,True,False,False,0.00023478290578611186,0.00023557977524412798,0.00022581061989922118
0.5,6,0.0,12.000000000000002,lag1,-0.00025306303714817016,0,0.0,0.0,0.347961618469466,0.0034525255601602087,0.07155680805229682,0.04819277108433735,0.9353620854703709,-0.0008045555961561715,0.9890106521900457,0.0075302408149442715,0.1503707300638263,0.07630522088353414,0.46395181593171897,0.006785309028299622,1.0589213436463385,2.101417519265627,,,,,,False,False,False,0.00023478290578611186,0.00023557977524412798,0.00022581061989922118
0.5,6,0.0,12.000000000000002,tdiff_raw,8.816,0,0.0,0.0,0.347961618469466,0.09108433734939758,0.11997928288530349,0.09236947791164658,0.23888908541520107,0.08350200803212893,0.9910723683392909,2.811453815261044,1.8098918051960835,0.9759036144578314,1.405719802284568e-135,-2.8114538152610438,0.7025713073225612,15.085036030147549,,,,,,False,False,False,0.00023478290578611186,0.00023557977524412798,0.00022581061989922118
0.5,6,0.0,12.000000000000002,lowfreq_cubic,0.09792840437811137,0,0.0,0.0,0.347961618469466,0.002553783155702107,0.15451648864279907,0.10843373493975904,0.10703865187580967,0.0020646946667719213,1.0003076219016225,0.012773910686201978,0.6611482748587705,0.3172690763052209,1.77162951202596e-11,0.012773910686201956,1.2017346261990927,4.278820213078778,,,,,,False,False,False,0.00023478290578611186,0.00023557977524412798,0.00022581061989922118
0.5,6,4.0,4.96458390561927,ferro_segers,0.8092178327780422,0,0.0,0.0,0.4886261183572884,0.009407177061835583,0.054346413355984356,0.0642570281124498,0.6838841078891891,0.003219300413844328,0.9462412081557656,0.09947907397294845,0.6365103447469168,0.3253012048192771,4.688119727411424e-12,0.09947907397294853,0.6232587544887147,11.712094790461748,0.344,0.356,0.14,0.01200000000000001,0.20399999999999996,False,False,False,0.00023343504798710953,0.0002344383465986738,0.00022643667151874154
0.5,6,4.0,4.96458390561927,lag1,0.004369231259730975,0,0.0,0.0,0.4886261183572884,0.005816076589855122,0.10626111658444984,0.08835341365461848,0.2859000658025284,-0.004353801803669899,0.9885809329625004,0.013772355727405103,0.24632896363305856,0.13253012048192772,0.025112389635213027,0.013706893435124995,1.017536017314308,2.3181477058665108,,,,,,False,False,False,0.00023343504798710953,0.0002344383465986738,0.00022643667151874154
0.5,6,4.0,4.96458390561927,tdiff_raw,4.052,0,0.0,0.0,0.4886261183572884,0.03326907630522088,0.10739751014810164,0.10040160642570281,0.162580932356576,0.015148594377511149,0.9294018062080905,1.5056064257028112,1.8681576875844006,0.9919678714859438,8.463315282877424e-144,-1.505606425702811,0.7663024957812918,17.394795140112517,,,,,,False,False,False,0.00023343504798710953,0.0002344383465986738,0.00022643667151874154
0.5,6,4.0,4.96458390561927,lowfreq_cubic,0.07804149014438301,0,0.0,0.0,0.4886261183572884,0.001948310668807682,0.10102748451774798,0.08032128514056225,0.39861895108977546,0.0015040452081543226,0.9951995425791264,0.007664531044427047,0.35537691906707397,0.20080321285140562,8.313470036072165e-05,0.007664531044427034,1.1892666166584474,3.5176261268253164,,,,,,False,False,False,0.00023343504798710953,0.0002344383465986738,0.00022643667151874154
0.5,7,0.0,12.000000000000002,ferro_segers,1.0,0,0.0,0.0,0.35558500862254966,0.006103810006583863,0.08616185618903065,0.04819277108433735,0.9353620854703709,0.004546346201296125,0.8793704728052265,0.015165891700548464,0.1816066779317303,0.10441767068273092,0.13246100083422654,-0.015165891700548384,1.2026603733722674,2.107738690462993,1.0,1.0,1.0,0.0,0.0,False,False,False,0.00023092069918533145,0.00023245799970409426,0.00022588845395924386
0.5,7,0.0,12.000000000000002,lag1,0.058643601843015626,0,0.0,0.0,0.35558500862254966,0.009118291365339695,0.17564112413726057,0.10441767068273092,0.13246100083422654,0.005536171197558203,1.1422696801402674,0.0046875835701045195,0.09258963201678025,0.07228915662650602,0.5343337439261243,-0.003742943175243128,1.093247708903989,0.5271523538213209,,,,,,False,False,False,0.00023092069918533145,0.00023245799970409426,0.00022588845395924386
0.5,7,0.0,12.000000000000002,tdiff_raw,8.564,0,0.0,0.0,0.35558500862254966,0.11185542168674704,0.14320512603656413,0.07228915662650602,0.5343337439261243,-0.06363052208835462,0.9427876343118972,2.8355823293172695,1.800252797038795,0.9598393574297188,1.6144320116350558e-128,-2.835582329317269,0.6689743874059834,12.57114774354606,,,,,,False,False,False,0.00023092069918533145,0.00023245799970409426,0.00022588845395924386
0.5,7,0.0,12.000000000000002,lowfreq_cubic,0.11329409669406018,0,0.0,0.0,0.35558500862254966,0.0024876776526891894,0.13209802714239466,0.0963855421686747,0.19790442185864274,0.002389946936914647,0.9932799800660015,0.00488951116654507,0.2598498496938563,0.14056224899598393,0.014510289418632576,-0.004787486160512042,0.9793384636989663,1.9670986411761473,,,,,,False,False,False,0.00023092069918533145,0.00023245799970409426,0.00022588845395924386
0.5,7,4.0,4.96458390561927,ferro_segers,1.0,0,0.0,0.0,0.4843908609321454,0.012767135462686242,0.08748698893015433,0.04819277108433735,0.9353620854703709,-0.012123116333660255,1.1335020238469469,0.0159845062237328,0.12530481526849205,0.07228915662650602,0.5343337439261243,0.0038177758370258053,0.865169619074797,1.432268006943619,1.0,1.0,1.0,0.0,0.0,False,False,False,0.0002326570257568161,0.0002341696177965358,0.00022896326431044492
0.5,7,4.0,4.96458390561927,lag1,-0.06957792933973933,0,0.0,0.0,0.4843908609321454,0.009551176761012175,0.17349922317159977,0.12048192771084337,0.053781672898600176,-0.009031931397818077,1.0855923267725287,0.055009856028353,0.9108013834311653,0.39357429718875503,1.333370707696652e-17,0.055009856028352996,1.0447168017934214,5.249599201549912,,,,,,False,False,False,0.0002326570257568161,0.0002341696177965358,0.00022896326431044492
0.5,7,4.0,4.96458390561927,tdiff_raw,4.552,0,0.0,0.0,0.4843908609321454,0.11476305220883536,0.3145153042060972,0.15261044176706828,0.005993943563690842,0.11379919678714767,0.9309831145410337,1.7143132530120482,1.8761618072325312,0.9919678714859438,8.463315282877424e-144,-1.714313253012048,0.646978602293304,5.965248056746722,,,,,,False,False,False,0.0002326570257568161,0.0002341696177965358,0.00022896326431044492
0.5,7,4.0,4.96458390561927,lowfreq_cubic,0.07456385260220975,0,0.0,0.0,0.4843908609321454,0.0025328435800239775,0.13233205073674006,0.07228915662650602,0.5343337439261243,-0.002116025582170694,0.9140069365028525,0.0021622289904008863,0.10192147059689086,0.060240963855421686,0.7580212891445754,0.00030936525665835324,1.1232350489639689,0.7701949000975701,,,,,,False,False,False,0.0002326570257568161,0.0002341696177965358,0.00022896326431044492
0.5,8,0.0,12.000000000000002,ferro_segers,1.0,0,0.0,0.0,0.34070023650793557,0.005067353083968719,0.0845654773892957,0.040160642570281124,0.9882875890179591,-0.004724457442718544,1.2478853157477388,0.008938778088027892,0.1397755667667303,0.060240963855421686,0.7580212891445754,-0.008873941578672717,1.379529744769018,1.6528679442472045,1.0,1.0,1.0,0.0,0.0,False,False,False,0.0002316509807886915,0.00023133765985433995,0.00022521089319393095
0.5,8,0.0,12.000000000000002,lag1,-0.10319356386718015,0,0.0,0.0,0.34070023650793557,0.0034844402080124472,0.07472547696759714,0.05220883534136546,0.8874650165235428,-0.0005619229452427099,1.0016091337950417,0.008367031515486671,0.17578283366329536,0.10441767068273092,0.13246100083422654,0.008322885569213435,1.0350911046417692,2.352381554413054,,,,,,False,False,False,0.0002316509807886915,0.00023133765985433995,0.00022521089319393095
0.5,8,0.0,12.000000000000002,tdiff_raw,11.008,0,0.0,0.0,0.34070023650793557,0.07010441767068278,0.0809898878411335,0.0642570281124498,0.6838841078891891,0.05860240963855645,1.0008727250502085,3.5176385542168673,1.8292144857026125,0.9839357429718876,1.731594306876721e-139,-3.517638554216867,0.7749262627876099,22.58571451896196,,,,,,False,False,False,0.0002316509807886915,0.00023133765985433995,0.00022521089319393095
0.5,8,0.0,12.000000000000002,lowfreq_cubic,0.06882144760306151,0,0.0,0.0,0.34070023650793557,0.0016478965989989516,0.1074297260492688,0.08032128514056225,0.39861895108977546,-0.0003716748042037199,1.0409109787578334,0.0198012570146455,0.9785181798927748,0.43373493975903615,2.046657339175989e-21,0.01980125701464551,1.3254044844770274,9.10844899152031,,,,,,False,False,False,0.0002316509807886915,0.00023133765985433995,0.00022521089319393095
0.5,8,4.0,4.96458390561927,ferro_segers,1.0,0,0.0,0.0,0.4840641231349483,0.01560493860528711,0.11136361816264917,0.0642570281124498,0.6838841078891891,0.015501573369712252,0.9050426524414223,0.05437202228014193,0.4116794281466084,0.18473895582329317,0.000395043106847021,0.054261127394894304,0.7432833945264112,3.6967138365182897,1.0,1.0,1.0,0.0,0.0,False,False,False,0.0002327600917462317,0.0002339438686005902,0.00022506784611703293
0.5,8,4.0,4.96458390561927,lag1,-0.1263248090693578,0,0.0,0.0,0.4840641231349483,0.00840490581922966,0.14920803859951906,0.0963855421686747,0.19790442185864274,-0.006430837780301291,0.9009529016073187,0.04246325662669162,0.7040668115314033,0.321285140562249,9.154316627489762e-12,0.04245972219590616,0.9082760720416659,4.7186922242248945,,,,,,False,False,False,0.0002327600917462317,0.0002339438686005902,0.00022506784611703293
0.5,8,4.0,4.96458390561927,tdiff_raw,5.12,0,0.0,0.0,0.4840641231349483,0.05426506024096381,0.1356542470802853,0.07228915662650602,0.5343337439261243,0.05368674698795317,1.004694167711676,2.134779116465863,1.9071151833972464,1.0,6.838876861876014e-149,-2.134779116465863,0.6364685298879404,14.058647071097814,,,,,,False,False,False,0.0002327600917462317,0.0002339438686005902,0.00022506784611703293
0.5,8,4.0,4.96458390561927,lowfreq_cubic,0.06008462121595986,0,0.0,0.0,0.4840641231349483,0.00256335252270482,0.1360006094780434,0.08433734939759036,0.3391499834431502,-0.0013988150380945391,0.8694592749096042,0.0018390263323062783,0.09015756098575067,0.06827309236947791,0.6083540282919664,-0.0009311965714693532,1.0287722590740624,0.6629202716941168,,,,,,False,False,False,0.0002327600917462317,0.0002339438686005902,0.00022506784611703293
0.5,9,0.0,12.000000000000002,ferro_segers,1.0,0,0.0,0.0,0.3833225474599741,0.010218207314565752,0.1288937909548466,0.09236947791164658,0.23888908541520107,0.009287645076557105,0.9474785411095721,0.009626608815980302,0.11201381306663462,0.05622489959839357,0.8271830307385587,0.0004311292236962583,1.1126131611644932,0.8690396351665524,1.0,1.0,1.0,0.0,0.0,False,False,False,0.00024204670141985175,0.00024188742345967977,0.00023344010564870388
0.5,9,0.0,12.000000000000002,lag1,0.03350770496986813,0,0.0,0.0,0.3833225474599741,0.00702778399029244,0.13183386309700137,0.10040160642570281,0.162580932356576,-0.0028240203484999615,1.0039252717223346,0.02623088254045501,0.48951294964848757,0.23293172690763053,2.4634697418511695e-06,-0.02623088254045501,0.9531025832173051,3.713104798334762,,,,,,False,False,False,0.00024204670141985175,0.00024188742345967977,0.00023344010564870388
0.5,9,0.0,12.000000000000002,tdiff_raw,9.0,0,0.0,0.0,0.3833225474599741,0.1238072289156627,0.14691098971176594,0.1285140562248996,0.032634465838067526,0.10106024096385546,1.0881247312778992,2.8965461847389564,1.8140298644854056,0.9759036144578314,1.405719802284568e-135,-2.8965461847389564,0.6183132420815782,12.347815966963767,,,,,,False,False,False,0.00024204670141985175,0.00024188742345967977,0.00023344010564870388
0.5,9,0.0,12.000000000000002,lowfreq_cubic,0.11043843569696168,0,0.0,0.0,0.3833225474599741,0.001788318231893424,0.08949907631444479,0.0642570281124498,0.6838841078891891,-0.0004037856953481578,1.0004099976049872,0.002981690829459419,0.13927624971466157,0.08835341365461848,0.2859000658025284,0.0026700307221250996,1.1349461853264642,1.5561752752098672,,,,,,False,False,False,0.00024204670141985175,0.00024188742345967977,0.00023344010564870388
0.5,9,4.0,4.96458390561927,ferro_segers,0.6742449570935027,0,0.0,0.0,0.4847977665929322,0.01308767726346814,0.0791964618494556,0.06827309236947791,0.6083540282919664,0.006185183255280502,1.0529479745804071,0.10872517038670182,0.74621076684705,0.37349397590361444,7.525166356687129e-16,0.10872517038670182,0.6411453808216805,9.422274043826746,0.204,0.188,0.04,0.015999999999999986,0.16399999999999998,False,False,True,0.0002432484939927449,0.000239559731732798,0.00023007538141839122
0.5,9,4.0,4.96458390561927,lag1,0.04623575422884333,0,0.0,0.0,0.4847977665929322,0.005304609875190601,0.0879732904559777,0.04417670682730924,0.96882223798433,-0.004498981147606514,0.9850614709335773,0.006797385907154794,0.11290395193583595,0.10843373493975904,0.10703865187580967,0.006092572985206036,0.9808030248823784,1.283388984891186,,,,,,False,False,False,0.0002432484939927449,0.000239559731732798,0.00023007538141839122
0.5,9,4.0,4.96458390561927,tdiff_raw,3.732,0,0.0,0.0,0.4847977665929322,0.04729317269076305,0.13964374529100015,0.11646586345381527,0.06820366751163658,0.04096385542168646,0.9594356088354784,1.4934297188755021,1.8605384696516618,1.0,6.838876861876014e-149,-1.4934297188755017,0.6622646490649038,13.323464404184508,,,,,,False,False,False,0.0002432484939927449,0.000239559731732798,0.00023007538141839122
0.5,9,4.0,4.96458390561927,lowfreq_cubic,0.1506292302238897,0,0.0,0.0,0.4847977665929322,0.002536640925760178,0.12277545569149868,0.08835341365461848,0.2859000658025284,-0.00178720880887763,0.9561714345734947,0.0019858149830291588,0.0906743058093042,0.0642570281124498,0.6838841078891891,-0.0006574959282215909,1.0744448706870284,0.7385377256276965,,,,,,False,False,False,0.0002432484939927449,0.000239559731732798,0.00023007538141839122
0.5,10,0.0,12.000000000000002,ferro_segers,0.6222607202084814,0,0.0,0.0,0.3311205502086652,0.012414961476027307,0.12855694525617475,0.07630522088353414,0.46395181593171897,-0.0019068041345010611,0.8732021235458693,0.030507142191798026,0.2645845076018427,0.13654618473895583,0.01916707185272444,-0.030507142191798065,1.2118753863093625,2.0581113457122404,0.028,0.008,0.036,0.02,0.007999999999999997,True,True,True,0.0002340545593150611,0.00022931833500671692,0.00022271723000993023
0.5,10,0.0,12.000000000000002,lag1,-0.028836318828299342,0,0.0,0.0,0.3311205502086652,0.0035784092139602643,0.07042891565965867,0.04819277108433735,0.9353620854703709,0.0008559890716211271,1.0736427928303658,0.005851539042112095,0.1108252876534215,0.0642570281124498,0.6838841078891891,-0.002168891569614903,1.1506076123575342,1.5735765149214147,,,,,,False,False,False,0.0002340545593150611,0.00022931833500671692,0.00022271723000993023
0.5,10,0.0,12.000000000000002,tdiff_raw,9.04,0,0.0,0.0,0.3311205502086652,0.0803212851405623,0.10671813347949617,0.08835341365461848,0.2859000658025284,-0.03971084337349495,1.0098933733879745,2.958072289156627,1.8279662211169507,0.9919678714859438,8.463315282877424e-144,-2.958072289156628,0.722923526211903,17.12891859627719,,,,,,False,False,False,0.0002340545593150611,0.00022931833500671692,0.00022271723000993023
0.5,10,0.0,12.000000000000002,lowfreq_cubic,0.09265239908132591,0,0.0,0.0,0.3311205502086652,0.0022150618817466453,0.11611822783485815,0.08835341365461848,0.2859000658025284,-0.0011968180016597163,1.0346162588603196,0.013703870505352937,0.6268120914384411,0.2971887550200803,4.2100040772211376e-10,0.013683427651759714,1.2062891501662902,5.398050789492584,,,,,,False,False,False,0.0002340545593150611,0.00022931833500671692,0.00022271723000993023
0.5,10,4.0,4.96458390561927,ferro_segers,1.0,0,0.0,0.0,0.4938248956586471,0.015478644601301253,0.08830053839439632,0.05220883534136546,0.8874650165235428,-0.0036850666418682954,1.0427281472840335,0.08526754432420264,0.5836153833841448,0.23293172690763053,2.4634697418511695e-06,0.0852675443242027,0.5713071076013682,6.609420440647905,1.0,1.0,1.0,0.0,0.0,False,False,False,0.00022906932754853212,0.00022928985728652273,0.00022500597710015363
0.5,10,4.0,4.96458390561927,lag1,0.028867722593898696,0,0.0,0.0,0.4938248956586471,0.005859456645470518,0.0997626828800249,0.09236947791164658,0.23888908541520107,-0.005511917220857591,1.0318091919719206,0.01223193199266784,0.21630328133264057,0.0963855421686747,0.19790442185864274,-0.012231931992667842,0.9464077690707965,2.1681782715563673,,,,,,False,False,False,0.00022906932754853212,0.00022928985728652273,0.00022500597710015363
0.5,10,4.0,4.96458390561927,tdiff_raw,3.464,0,0.0,0.0,0.4938248956586471,0.07876305220883537,0.2344013175386204,0.12048192771084337,0.053781672898600176,0.07709236947791176,1.0791865655797819,1.3677429718875502,1.8525292189782265,0.9879518072289156,1.3992681267690675e-141,-1.3677429718875498,0.6970567146829634,7.903237227636285,,,,,,False,False,False,0.00022906932754853212,0.00022928985728652273,0.00022500597710015363
0.5,10,4.0,4.96458390561927,lowfreq_cubic,0.10011403403057838,0,0.0,0.0,0.4938248956586471,0.0013292809815341519,0.05833674540565688,0.03614457831325301,0.9969611680609808,0.0008153584403886582,1.041598733365774,0.008238587751075267,0.3408816075589157,0.14457831325301204,0.01089544738500837,0.008221879414822983,1.1306010141418468,5.84334290829078,,,,,,False,False,False,0.00022906932754853212,0.00022928985728652273,0.00022500597710015363
0.5,11,0.0,12.000000000000002,ferro_segers,1.0,0,0.0,0.0,0.34577183589451466,0.015154569432213733,0.15847779830702455,0.11646586345381527,0.06820366751163658,0.009847279762898897,1.038314474201526,0.009529445447067748,0.09732671501185859,0.05220883534136546,0.8874650165235428,-0.006958509632656429,1.0870531302008988,0.6141346993179673,1.0,1.0,1.0,0.0,0.0,False,False,False,0.00022266034536504663,0.00022326936363556044,0.00021724630769728547
0.5,11,0.0,12.000000000000002,lag1,0.0049002972762238264,0,0.0,0.0,0.34577183589451466,0.005152665506627402,0.10646632220568832,0.07228915662650602,0.5343337439261243,-0.0029774875836844125,1.013501489593872,0.06207985771670796,1.0518416835404805,0.4979919678714859,2.0368217282648115e-28,0.06207985771670796,1.0868760648866869,9.879571884791494,,,,,,False,False,False,0.00022266034536504663,0.00022326936363556044,0.00021724630769728547
0.5,11,0.0,12.000000000000002,tdiff_raw,9.196,0,0.0,0.0,0.34577183589451466,0.048626506024096364,0.06550317868848424,0.05220883534136546,0.8874650165235428,0.024401606425705324,1.0007479808244952,2.7660722891566265,1.8120339327226478,0.9799196787148594,1.7108151751942002e-137,-2.766072289156625,0.7088340568757399,27.6632977055995,,,,,,False,False,False,0.00022266034536504663,0.00022326936363556044,0.00021724630769728547
0.5,11,0.0,12.000000000000002,lowfreq_cubic,0.07218669982741686,0,0.0,0.0,0.34577183589451466,0.0021812132627152,0.11361631426800332,0.07630522088353414,0.46395181593171897,-0.0016897081548721687,1.0296444840790302,0.004821168162777144,0.2250643271888166,0.10040160642570281,0.162580932356576,0.004260740101330346,1.2427663474357558,1.9809155809959005,,,,,,False,False,False,0.00022266034536504663,0.00022326936363556044,0.00021724630769728547
0.5,11,4.0,4.96458390561927,ferro_segers,0.7516254876462939,0,0.0,0.0,0.46906853602117743,0.022904316072050065,0.1418088517485956,0.08835341365461848,0.2859000658025284,0.022904316072050235,0.8747430588276506,0.10958406292774492,0.7361405785058951,0.357429718875502,1.6028812885938442e-14,0.10958406292774492,0.549969966267448,5.191076363913794,0.292,0.224,0.072,0.06799999999999998,0.21999999999999997,False,False,False,0.00022485522489035318,0.0002246144002554431,0.00021603833972645676
0.5,11,4.0,4.96458390561927,lag1,-0.05381316280305125,0,0.0,0.0,0.46906853602117743,0.005586698318832409,0.09896847147238567,0.07228915662650602,0.5343337439261243,-0.0017081465442802778,1.1014213866261957,0.008981111266222764,0.15585863433387562,0.12048192771084337,0.053781672898600176,0.004914703384773424,1.1412626749802008,1.5748311761828306,,,,,,False,False,False,0.00022485522489035318,0.0002246144002554431,0.00021603833972645676
0.5,11,4.0,4.96458390561927,tdiff_raw,3.948,0,0.0,0.0,0.46906853602117743,0.054634538152610435,0.1604479104784128,0.08835341365461848,0.2859000658025284,0.05174297188755084,1.0339572430104467,1.4569959839357431,1.847518552152206,0.9919678714859438,8.463315282877424e-144,-1.4569959839357427,0.7861580161153638,11.514756076557106,,,,,,False,False,False,0.00022485522489035318,0.0002246144002554431,0.00021603833972645676
0.5,11,4.0,4.96458390561927,lowfreq_cubic,0.08826053225825296,0,0.0,0.0,0.46906853602117743,0.0012972203696893323,0.057700230431387896,0.04417670682730924,0.96882223798433,-0.00045503410396853516,0.9622455539609726,0.0068514450073245085,0.3054767069929066,0.14859437751004015,0.008114442209751042,-0.0068514450073245,0.9339001644369497,5.294202548396192,,,,,,False,False,False,0.00022485522489035318,0.0002246144002554431,0.00021603833972645676
0.5,12,0.0,12.000000000000002,ferro_segers,1.0,0,0.0,0.0,0.3522819952631815,0.003472524730132976,0.04196008406944795,0.028112449799196786,0.9999742289695194,0.0005294532556227027,1.006702587171813,0.024404386162399934,0.26166053416213075,0.14859437751004015,0.008114442209751042,-0.02408950910000296,1.230688055736047,6.235939225694861,1.0,1.0,1.0,0.0,0.0,False,False,False,0.0002225237354663202,0.00022406807300325991,0.0002193010747320311
0.5,12,0.0,12.000000000000002,lag1,0.0084804748520596,0,0.0,0.0,0.3522819952631815,0.004273329894865325,0.083129784929579,0.06827309236947791,0.6083540282919664,-0.00023545248332079716,0.9800358508057709,0.005920895919451381,0.11289811135145217,0.060240963855421686,0.7580212891445754,0.005212403074014042,1.0175892506041087,1.358094592053729,,,,,,False,False,False,0.0002225237354663202,0.00022406807300325991,0.0002193010747320311
0.5,12,0.0,12.000000000000002,tdiff_raw,8.012,0,0.0,0.0,0.3522819952631815,0.07395983935742968,0.09804667152047435,0.06827309236947791,0.6083540282919664,-0.04173493975903675,0.9458693127341797,2.822971887550201,1.8140334365807123,0.9799196787148594,1.7108151751942002e-137,-2.8229718875502012,0.6462077669304843,18.501734005339312,,,,,,False,False,False,0.0002225237354663202,0.00022406807300325991,0.0002193010747320311
0.5,12,0.0,12.000000000000002,lowfreq_cubic,0.07666427994717005,0,0.0,0.0,0.3522819952631815,0.0012877265163986902,0.06755597706837607,0.05220883534136546,0.8874650165235428,-0.0002593500872187793,1.0317050684157685,0.016962434311070435,0.7764471031167167,0.3815261044176707,1.542125928068808e-16,0.016962434311070432,1.1411493539626603,11.493388694990415,,,,,,False,False,False,0.0002225237354663202,0.00022406807300325991,0.0002193010747320311
0.5,12,4.0,4.96458390561927,ferro_segers,1.0,0,0.0,0.0,0.4537639248701728,0.01578787174134537,0.10436095220483135,0.08032128514056225,0.39861895108977546,0.015407586521358985,0.9589815225678667,0.03458326859402346,0.25044593526167647,0.10040160642570281,0.162580932356576,0.034583268594023386,0.7604997445722368,2.399805003408926,1.0,1.0,1.0,0.0,0.0,False,False,False,0.00022263070767194814,0.0002218447483006813,0.00021597268670694848
0.5,12,4.0,4.96458390561927,lag1,0.09268577538050608,0,0.0,0.0,0.4537639248701728,0.006186173903759622,0.10793571769204378,0.07228915662650602,0.5343337439261243,-0.00339577100419228,0.9546042299588691,0.005805146600201153,0.09837825272960003,0.0642570281124498,0.6838841078891891,0.0019132052108996322,1.0135254769809474,0.9114522498501053,,,,,,False,False,False,0.00022263070767194814,0.0002218447483006813,0.00021597268670694848
0.5,12,4.0,4.96458390561927,tdiff_raw,3.628,0,0.0,0.0,0.4537639248701728,0.03927710843373492,0.11596282289863691,0.0642570281124498,0.6838841078891891,0.015951807228915538,0.8974370918660192,1.4976064257028112,1.854290526840697,0.9959839357429718,3.405760677214255e-146,-1.4976064257028119,0.6513810294195934,15.990387957884712,,,,,,False,False,False,0.00022263070767194814,0.0002218447483006813,0.00021597268670694848
0.5,12,4.0,4.96458390561927,lowfreq_cubic,0.09232530841835797,0,0.0,0.0,0.4537639248701728,0.0016513873273580624,0.07953121629127971,0.04819277108433735,0.9353620854703709,0.0007050379495268377,1.0578644704491842,0.003987163258523003,0.18286745561982426,0.0963855421686747,0.19790442185864274,0.0036735063188370193,1.149185875056066,2.2993167230094613,,,,,,False,False,False,0.00022263070767194814,0.0002218447483006813,0.00021597268670694848
0.5,13,0.0,12.000000000000002,ferro_segers,1.0,0,0.0,0.0,0.3662171381482914,0.005688121511964159,0.06586696422841584,0.04819277108433735,0.9353620854703709,0.0026395842281661253,0.9993338861862693,0.024604776715527375,0.24322459396738094,0.12048192771084337,0.053781672898600176,-0.02460477671552741,1.3048322042777782,3.692664400380048,1.0,1.0,1.0,0.0,0.0,False,False,False,0.0002243660825082337,0.00022538980803883955,0.00021906973159648108
0.5,13,0.0,12.000000000000002,lag1,0.024054673786243527,0,0.0,0.0,0.3662171381482914,0.003488217189410867,0.06842839802665217,0.040160642570281124,0.9882875890179591,0.0006667138249626392,0.9585735515294962,0.08407476661985785,1.241129718879936,0.6184738955823293,7.782761154162703e-45,-0.08407476661985785,1.0397336506094028,18.13764101852144,,,,,,False,False,False,0.0002243660825082337,0.00022538980803883955,0.00021906973159648108
0.5,13,0.0,12.000000000000002,tdiff_raw,8.396,0,0.0,0.0,0.3662171381482914,0.04308433734939766,0.05708223907314824,0.03614457831325301,0.9969611680609808,-0.018602409638553752,0.9967020728930519,2.643694779116466,1.7915283172092373,0.9718875502008032,9.880202038914392e-134,-2.6436947791164638,0.7025826598125338,31.385039309923453,,,,,,False,False,False,0.0002243660825082337,0.00022538980803883955,0.00021906973159648108
0.5,13,0.0,12.000000000000002,lowfreq_cubic,0.11927035550192197,0,0.0,0.0,0.3662171381482914,0.0015721904000595944,0.07942516754507664,0.05220883534136546,0.8874650165235428,-0.0007078483136657293,1.0145214218126033,0.01874223556080609,0.8638696471215318,0.3654618473895582,3.5378535469223837e-15,-0.018677821662119815,0.992869876736922,10.876522817924732,,,,,,False,False,False,0.0002243660825082337,0.00022538980803883955,0.00021906973159648108
0.5,13,4.0,4.96458390561927,ferro_segers,1.0,0,0.0,0.0,0.43977162445288315,0.008429021646755144,0.0563209079633026,0.06827309236947791,0.6083540282919664,-0.0006488691985826467,0.9841723404485755,0.038079222025219156,0.26950256080129736,0.1566265060240964,0.004391396207776164,0.038079222025219184,0.8501400278760467,4.785124575351204,1.0,1.0,1.0,0.0,0.0,False,False,False,0.00022421114637105415,0.00022648569192872274,0.00021728848766955952
0.5,13,4.0,4.96458390561927,lag1,0.023568636110425117,0,0.0,0.0,0.43977162445288315,0.0064001943685406005,0.11500284173366164,0.0642570281124498,0.6838841078891891,0.0011921215951528098,0.9490141607756457,0.023657907306401205,0.408198888594047,0.17269076305220885,0.0011652797675722223,-0.023657907306401205,0.9876579054117423,3.549467843059069,,,,,,False,False,False,0.00022421114637105415,0.00022648569192872274,0.00021728848766955952
0.5,13,4.0,4.96458390561927,tdiff_raw,4.82,0,0.0,0.0,0.43977162445288315,0.03068273092369479,0.09007452214898888,0.05220883534136546,0.8874650165235428,0.01561445783132509,1.0415512094724397,1.511293172690763,1.8517768069656049,0.9879518072289156,1.3992681267690675e-141,-1.5112931726907628,0.8296910319776845,20.558275112496627,,,,,,False,False,False,0.00022421114637105415,0.00022648569192872274,0.00021728848766955952
0.5,13,4.0,4.96458390561927,lowfreq_cubic,0.12447759821522915,0,0.0,0.0,0.43977162445288315,0.0014322448786596841,0.05866541668413125,0.04819277108433735,0.9353620854703709,-0.0002811832338932285,1.0326014729337043,0.009738124156385586,0.38102095158275534,0.17269076305220885,0.0011652797675722223,0.009738124156385586,1.0872908443939464,6.49481369295061,,,,,,False,False,False,0.00022421114637105415,0.00022648569192872274,0.00021728848766955952
0.5,14,0.0,12.000000000000002,ferro_segers,1.0,0,0.0,0.0,0.35943802166461497,0.00509586222290524,0.05676929565112568,0.05220883534136546,0.8874650165235428,0.000583303850473671,0.9104943902463679,0.011902725038762142,0.1227558177234246,0.06827309236947791,0.6083540282919664,-0.009360492997577796,1.062608417086855,2.1623628814740865,1.0,1.0,1.0,0.0,0.0,False,False,False,0.00023480791534832482,0.0002357459989132362,0.0002210968573671817
0.5,14,0.0,12.000000000000002,lag1,-0.05324267568694477,0,0.0,0.0,0.35943802166461497,0.004437705387489357,0.07928565203288154,0.04819277108433735,0.9353620854703709,-0.00018557869218276905,0.979346557286672,0.006355215676270476,0.1097388474666608,0.05622489959839357,0.8271830307385587,-0.00601250550870717,1.0448458677110994,1.3840946584023581,,,,,,False,False,False,0.00023480791534832482,0.0002357459989132362,0.0002210968573671817
0.5,14,0.0,12.000000000000002,tdiff_raw,8.544,0,0.0,0.0,0.35943802166461497,0.08414457831325309,0.10460884119217632,0.07228915662650602,0.5343337439261243,0.07550200803212803,1.0456946890087817,2.672112449799197,1.7833495966000625,0.9558232931726908,7.162207469799156e-127,-2.672112449799198,0.6929661446949873,17.047790380584217,,,,,,False,False,False,0.00023480791534832482,0.0002357459989132362,0.0002210968573671817
0.5,14,0.0,12.000000000000002,lowfreq_cubic,0.06843770952191845,0,0.0,0.0,0.35943802166461497,0.002132082429776695,0.11173061337003232,0.05220883534136546,0.8874650165235428,6.400756729119106e-05,0.8780659536264164,0.0072096638092242656,0.34818427105961847,0.1927710843373494,0.0001842653749138924,-0.007209663809224248,1.0109244328876543,3.116283537319264,,,,,,False,False,False,0.00023480791534832482,0.0002357459989132362,0.0002210968573671817
0.5,14,4.0,4.96458390561927,ferro_segers,1.0,0,0.0,0.0,0.4615145815561001,0.014261325531736539,0.09574817355499698,0.06827309236947791,0.6083540282919664,0.012414327911940193,0.9342471982395654,0.08887377631425372,0.6635826983315752,0.3453815261044177,1.4429747868256851e-13,0.08887377631425375,0.5912315292210554,6.930499806875289,1.0,1.0,1.0,0.0,0.0,False,False,False,0.00023583097004351779,0.0002337086851905015,0.0002239757995418626
0.5,14,4.0,4.96458390561927,lag1,-0.10550644487675061,0,0.0,0.0,0.4615145815561001,0.005640592943956989,0.10072744219831935,0.0642570281124498,0.6838841078891891,-4.292496973697102e-05,0.8902340944549237,0.004919602764983125,0.08438109548811497,0.07228915662650602,0.5343337439261243,0.0029896100152468907,0.9704372724488716,0.8377170475745689,,,,,,False,False,False,0.00023583097004351779,0.0002337086851905015,0.0002239757995418626
0.5,14,4.0,4.96458390561927,tdiff_raw,4.78,0,0.0,0.0,0.4615145815561001,0.03235341365461846,0.0857744583541522,0.05220883534136546,0.8874650165235428,0.006425702811243994,0.9199643363027956,1.5918232931726908,1.8480363447800137,0.9879518072289156,1.3992681267690675e-141,-1.5918232931726912,0.6254136411059021,21.54529891811939,,,,,,False,False,False,0.00023583097004351779,0.0002337086851905015,0.0002239757995418626
0.5,14,4.0,4.96458390561927,lowfreq_cubic,0.059823219551985114,0,0.0,0.0,0.4615145815561001,0.002284338400852205,0.10034149263365769,0.06827309236947791,0.6083540282919664,-0.0016148640679688187,0.997712066061088,0.00622790633857839,0.2743924482123528,0.14859437751004015,0.008114442209751042,-0.006225362997156536,0.9739125699503046,2.734586072126161,,,,,,False,False,False,0.00023583097004351779,0.0002337086851905015,0.0002239757995418626
0.5,15,0.0,12.000000000000002,ferro_segers,1.0,0,0.0,0.0,0.36942899363041165,0.008053319266868815,0.09695969830570597,0.0642570281124498,0.6838841078891891,-0.00026894177665881536,0.877305188828514,0.04335263924525039,0.39839836535452944,0.21285140562248997,2.3663127042742378e-05,-0.043352639245250346,1.3844704049454213,4.108906817123213,1.0,1.0,1.0,0.0,0.0,False,False,False,0.00022469280767501598,0.0002241231676009749,0.0002185246243956072
0.5,15,0.0,12.000000000000002,lag1,0.03836883009995957,0,0.0,0.0,0.36942899363041165,0.006383922530290208,0.12593016339743568,0.10843373493975904,0.10703865187580967,-0.000865740677133707,0.9025525940443869,0.03507267290556686,0.6320886093258492,0.2971887550200803,4.2100040772211376e-10,-0.03455152021476703,0.9812857039088586,5.019358287743756,,,,,,False,False,False,0.00022469280767501598,0.0002241231676009749,0.0002185246243956072
0.5,15,0.0,12.000000000000002,tdiff_raw,7.356,0,0.0,0.0,0.36942899363041165,0.07376706827309233,0.09961406273931908,0.060240963855421686,0.7580212891445754,-0.023228915662649285,0.9101582228270937,2.384738955823293,1.7476284367910901,0.9397590361445783,1.2146616917376999e-120,-2.384738955823292,0.6773114091036448,17.54399317458276,,,,,,False,False,False,0.00022469280767501598,0.0002241231676009749,0.0002185246243956072
0.5,15,0.0,12.000000000000002,lowfreq_cubic,0.08127185020813577,0,0.0,0.0,0.36942899363041165,0.0017132224132311916,0.09529565260554171,0.0642570281124498,0.6838841078891891,0.0013048141074111924,0.970212273865796,0.019875748720568673,0.8758216030573056,0.37751004016064255,3.4225246403591607e-16,0.01987574872056866,1.2256683550661436,9.190572487945426,,,,,,False,False,False,0.00022469280767501598,0.0002241231676009749,0.0002185246243956072
0.5,15,4.0,4.96458390561927,ferro_segers,0.9688584474885845,0,0.0,0.0,0.47458346444983046,0.016792964727647266,0.1108072219411239,0.06827309236947791,0.6083540282919664,-0.016666650911613123,1.1340194117848534,0.0738076005084987,0.581910575590198,0.285140562248996,2.5347784509625005e-09,0.07380760050849866,0.6854462331623294,5.251558205289038,0.604,0.64,0.328,0.03600000000000003,0.27599999999999997,False,False,False,0.0002233456854187529,0.0002253944354762958,0.00021951925080845533
0.5,15,4.0,4.96458390561927,lag1,0.07900261827747945,0,0.0,0.0,0.47458346444983046,0.006542249725022074,0.12042307040831732,0.06827309236947791,0.6083540282919664,-0.00016417251398705233,0.9345522319578186,0.005676797919021468,0.09595009551070807,0.05622489959839357,0.8271830307385587,-0.0038651443981594603,1.1042870377231688,0.7967750297793457,,,,,,False,False,False,0.0002233456854187529,0.0002253944354762958,0.00021951925080845533
0.5,15,4.0,4.96458390561927,tdiff_raw,3.72,0,0.0,0.0,0.47458346444983046,0.05012048192771087,0.1445215004202566,0.09236947791164658,0.23888908541520107,-0.022554216867470167,0.9002131369581099,1.516738955823293,1.8406639466233121,0.9839357429718876,1.731594306876721e-139,-1.516738955823294,0.7401799381579685,12.736263748098382,,,,,,False,False,False,0.0002233456854187529,0.0002253944354762958,0.00021951925080845533
0.5,15,4.0,4.96458390561927,lowfreq_cubic,0.12595843513809232,0,0.0,0.0,0.47458346444983046,0.002343966639464577,0.1266687441760594,0.07228915662650602,0.5343337439261243,0.0023276384977049536,1.0516509044988094,0.02529305771701245,1.0202176896239086,0.4779116465863454,4.1676332330768884e-26,0.025293057717012443,1.343737056023692,8.054218080869893,,,,,,False,False,False,0.0002233456854187529,0.0002253944354762958,0.00021951925080845533
0.5,16,0.0,12.000000000000002,ferro_segers,1.0,0,0.0,0.0,0.3472729539874161,0.008310361877726283,0.0915309685826989,0.05622489959839357,0.8271830307385587,0.007249040215466684,0.9591276999746052,0.015089570966978882,0.17496668317064332,0.0963855421686747,0.19790442185864274,0.014805396851953367,0.8498611894454142,1.9115572126013038,1.0,1.0,1.0,0.0,0.0,False,False,False,0.00023332370083234497,0.00023357466056041107,0.0002266318624921616
0.5,16,0.0,12.000000000000002,lag1,0.025405890594799103,0,0.0,0.0,0.3472729539874161,0.004255417307756208,0.08549024124569407,0.05220883534136546,0.8874650165235428,-0.0004304752897391854,1.0316106872585913,0.006278094488842361,0.12500986497269279,0.06827309236947791,0.6083540282919664,-0.00018790943845893235,1.0494066550404904,1.4622705837666325,,,,,,False,False,False,0.00023332370083234497,0.00023357466056041107,0.0002266318624921616
0.5,16,0.0,12.000000000000002,tdiff_raw,9.284,0,0.0,0.0,0.3472729539874161,0.052722891566265064,0.06802923598464357,0.04417670682730924,0.96882223798433,0.013108433734940306,1.0110757530065293,2.9349397590361446,1.819395831649018,0.963855421686747,3.3014969563089074e-130,-2.9349397590361432,0.704578443252091,26.744322574189848,,,,,,False,False,False,0.00023332370083234497,0.00023357466056041107,0.0002266318624921616
0.5,16,0.0,12.000000000000002,lowfreq_cubic,0.08330178794958197,0,0.0,0.0,0.3472729539874161,0.0029835114195662722,0.18659393086931403,0.0963855421686747,0.19790442185864274,-0.0028308522069370318,1.0463756042807226,0.00694221640086053,0.4229020914628704,0.22088353413654618,9.818533042096732e-06,-0.006817728854291022,1.062739920786064,2.2664300467471192,,,,,,False,False,False,0.00023332370083234497,0.00023357466056041107,0.0002266318624921616
0.5,16,4.0,4.96458390561927,ferro_segers,0.8572970639032815,0,0.0,0.0,0.48826638520734217,0.014989585263279492,0.09292029015042264,0.0963855421686747,0.19790442185864274,0.009739292020163548,1.0263714680661473,0.050169555865627616,0.3492676872158066,0.15261044176706828,0.005993943563690842,0.05016955586562766,0.7614544728957108,3.758788168336496,0.396,0.352,0.296,0.04400000000000004,0.10000000000000003,False,False,False,0.00023478842055401134,0.00023503274668784614,0.000226151378404019
0.5,16,4.0,4.96458390561927,lag1,-0.05126829350850358,0,0.0,0.0,0.48826638520734217,0.0146187379315147,0.2614230997491581,0.1606425702811245,0.003190979958905346,0.014618737931514698,1.0355205653825552,0.009315480985000926,0.15878220235401236,0.09236947791164658,0.23888908541520107,-0.0008941548753987061,1.1491787263984812,0.6073763279005076,,,,,,False,False,False,0.00023478842055401134,0.00023503274668784614,0.000226151378404019
0.5,16,4.0,4.96458390561927,tdiff_raw,4.328,0,0.0,0.0,0.48826638520734217,0.05656224899598394,0.15491894863551367,0.10441767068273092,0.13246100083422654,-0.044610441767067854,1.0411743994882232,1.70085140562249,1.8810740416549916,0.9919678714859438,8.463315282877424e-144,-1.7008514056224895,0.6764361518199997,12.142310919503371,,,,,,False,False,False,0.00023478842055401134,0.00023503274668784614,0.000226151378404019
0.5,16,4.0,4.96458390561927,lowfreq_cubic,0.08319488233314101,0,0.0,0.0,0.48826638520734217,0.002653285487074168,0.1391590781602256,0.09236947791164658,0.23888908541520107,0.0020647320017350562,0.9722405469764743,0.017358090503431824,0.7288926935368901,0.3132530120481928,3.3982133330088594e-11,0.017358090503431817,1.2800462239317942,5.237837898707903,,,,,,False,False,False,0.00023478842055401134,0.00023503274668784614,0.000226151378404019
0.5,17,0.0,12.000000000000002,ferro_segers,1.0,0,0.0,0.0,0.34234361798623386,0.014846096972025772,0.18375232856527582,0.07228915662650602,0.5343337439261243,-0.014846096972025769,1.3920553235622444,0.019494180702971903,0.2422830423500212,0.0963855421686747,0.19790442185864274,-0.01949418070297193,1.3766789097792886,1.3185304602219055,1.0,1.0,1.0,0.0,0.0,False,False,False,0.0002212907467254766,0.00022281424806741052,0.0002142132911363888
0.5,17,0.0,12.000000000000002,lag1,0.15929998998788425,0,0.0,0.0,0.34234361798623386,0.005038321013941349,0.10696206973862098,0.08032128514056225,0.39861895108977546,-0.004462488692166491,1.013872436891865,0.00433097488964351,0.08875941364054386,0.05622489959839357,0.8271830307385587,-0.0013761639398153225,1.086553977218269,0.8298213923631147,,,,,,False,False,False,0.0002212907467254766,0.00022281424806741052,0.0002142132911363888
0.5,17,0.0,12.000000000000002,tdiff_raw,8.364,0,0.0,0.0,0.34234361798623386,0.04337349397590365,0.05418295759152914,0.04819277108433735,0.9353620854703709,-0.007421686746988954,1.007296389277788,2.92204016064257,1.8122354515384096,0.9879518072289156,1.3992681267690675e-141,-2.922040160642571,0.6702361285695063,33.44659524126268,,,,,,False,False,False,0.0002212907467254766,0.00022281424806741052,0.0002142132911363888
0.5,17,0.0,12.000000000000002,lowfreq_cubic,0.09448355037683573,0,0.0,0.0,0.34234361798623386,0.0015367641427905285,0.08857913100779162,0.07630522088353414,0.46395181593171897,0.0009306537088816652,1.040211907109805,0.019749973115292124,0.9268909432238188,0.40160642570281124,2.4866487607720886e-18,0.01974997311529214,1.2109836959226892,10.463987766399255,,,,,,False,False,False,0.0002212907467254766,0.00022281424806741052,0.0002142132911363888
0.5,17,4.0,4.96458390561927,ferro_segers,0.7679180887372014,0,0.0,0.0,0.4570772668911814,0.008436735434581857,0.05487016945683534,0.04819277108433735,0.9353620854703709,0.006466003638326057,0.9796287712328928,0.06517706243114589,0.4674839494997341,0.21285140562248997,2.3663127042742378e-05,0.06517706243114585,0.723683911339156,8.519819678477223,0.256,0.264,0.116,0.008000000000000007,0.14,False,False,False,0.00022160477790357543,0.00022257635704964044,0.00021239162579472675
0.5,17,4.0,4.96458390561927,lag1,-0.008212206399905215,0,0.0,0.0,0.4570772668911814,0.00790387157520865,0.15106419880202634,0.08835341365461848,0.2859000658025284,-0.007649581346147525,0.9809392328678995,0.01239106671857761,0.2339660817319156,0.12048192771084337,0.053781672898600176,0.012233679330486155,0.9971565232031818,1.5487857717931754,,,,,,False,False,False,0.00022160477790357543,0.00022257635704964044,0.00021239162579472675
0.5,17,4.0,4.96458390561927,tdiff_raw,4.2,0,0.0,0.0,0.4570772668911814,0.05063453815261044,0.14350431302864158,0.10040160642570281,0.162580932356576,0.030522088353413857,0.8981447943417781,1.613140562248996,1.862316794218387,1.0,6.838876861876014e-149,-1.6131405622489954,0.6566518538205521,12.977427332422266,,,,,,False,False,False,0.00022160477790357543,0.00022257635704964044,0.00021239162579472675
0.5,17,4.0,4.96458390561927,lowfreq_cubic,0.08633825415423815,0,0.0,0.0,0.4570772668911814,0.001900193187783626,0.09234590875408456,0.06827309236947791,0.6083540282919664,-0.0010560865665671243,1.0642561709196223,0.018921458848011708,0.7682728664927418,0.39357429718875503,1.333370707696652e-17,0.01892145884801172,1.266949645186708,8.319511680139831,,,,,,False,False,False,0.00022160477790357543,0.00022257635704964044,0.00021239162579472675
0.5,18,0.0,12.000000000000002,ferro_segers,1.0,0,0.0,0.0,0.3562669114908022,0.013455433354926946,0.1708802325991551,0.09236947791164658,0.23888908541520107,0.009899477688323999,0.9848647445597278,0.009741149291516406,0.10993787177131999,0.05220883534136546,0.8874650165235428,-0.008125618489471798,1.2243645519756952,0.6433621379086473,1.0,1.0,1.0,0.0,0.0,False,False,False,0.00022787127000049553,0.00022864669895732674,0.0002192604515294175
0.5,18,0.0,12.000000000000002,lag1,0.0105292737358713,0,0.0,0.0,0.3562669114908022,0.004023181088960683,0.0838876484851645,0.07228915662650602,0.5343337439261243,-0.0027836207124473065,0.963078426614131,0.0032336120966641314,0.06438505032934218,0.04417670682730924,0.96882223798433,0.0019468078527047177,1.0558302884152007,0.7675152598982183,,,,,,False,False,False,0.00022787127000049553,0.00022864669895732674,0.0002192604515294175
0.5,18,0.0,12.000000000000002,tdiff_raw,9.052,0,0.0,0.0,0.3562669114908022,0.07254618473895581,0.0968673210139274,0.05622489959839357,0.8271830307385587,-0.01802409638554181,0.9022199140015065,3.3107309236947793,1.8525987713617584,0.9879518072289156,1.3992681267690675e-141,-3.3107309236947797,0.6698849831354751,19.125116210196175,,,,,,False,False,False,0.00022787127000049553,0.00022864669895732674,0.0002192604515294175
0.5,18,0.0,12.000000000000002,lowfreq_cubic,0.06148623650019053,0,0.0,0.0,0.3562669114908022,0.0016030971340257887,0.09901253331883714,0.08032128514056225,0.39861895108977546,0.0002454052987093114,0.8877634015662171,0.003460562613557017,0.1867779128135737,0.08032128514056225,0.39861895108977546,0.0011664266234010373,1.1573006643812735,1.8864067664253705,,,,,,False,False,False,0.00022787127000049553,0.00022864669895732674,0.0002192604515294175
0.5,18,4.0,4.96458390561927,ferro_segers,0.9616410940627085,0,0.0,0.0,0.42556194840084033,0.00912252070906991,0.060414065031915605,0.0642570281124498,0.6838841078891891,0.007105474025796421,0.9883433864772244,0.07639856790183114,0.5777547629287411,0.285140562248996,2.5347784509625005e-09,0.0763985679018312,0.6245002251912484,9.563249263619566,0.596,0.556,0.352,0.039999999999999925,0.244,False,False,False,0.00022978071113472558,0.00023038187269390782,0.00022163750420274198
0.5,18,4.0,4.96458390561927,lag1,-0.08997375002180538,0,0.0,0.0,0.42556194840084033,0.0042881045962776376,0.08249702666899089,0.07228915662650602,0.5343337439261243,0.002511824621779693,1.0037680846115014,0.028744947521812725,0.5076881577283954,0.24899598393574296,3.4619642209278214e-07,-0.028744947521812732,1.108830198213163,6.154017644362204,,,,,,False,False,False,0.00022978071113472558,0.00023038187269390782,0.00022163750420274198
0.5,18,4.0,4.96458390561927,tdiff_raw,4.556,0,0.0,0.0,0.42556194840084033,0.04480321285140561,0.12558524168388466,0.08433734939759036,0.3391499834431502,-0.03754216867469751,1.012834504593989,1.5730763052208834,1.8587207905649057,0.9959839357429718,3.405760677214255e-146,-1.5730763052208827,0.7336593287545019,14.800471501608023,,,,,,False,False,False,0.00022978071113472558,0.00023038187269390782,0.00022163750420274198
0.5,18,4.0,4.96458390561927,lowfreq_cubic,0.07846472742836416,0,0.0,0.0,0.42556194840084033,0.0017079930040636998,0.0984653269794921,0.0642570281124498,0.6838841078891891,-0.00021446190543795984,0.9807530798408918,0.00382724117810203,0.20771458920088137,0.10843373493975904,0.10703865187580967,-0.0036677760432910073,1.0916661660865932,2.1095201282796845,,,,,,False,False,False,0.00022978071113472558,0.00023038187269390782,0.00022163750420274198
0.5,19,0.0,12.000000000000002,ferro_segers,1.0,0,0.0,0.0,0.344948700311274,0.009305280676733807,0.07887059288712098,0.07228915662650602,0.5343337439261243,-0.007994575827788286,1.063077618584509,0.006039590588713121,0.05377941365714572,0.03614457831325301,0.9969611680609808,0.00505231840153908,0.9650178661240236,0.6818690171901427,1.0,1.0,1.0,0.0,0.0,False,False,False,0.00022847831726003422,0.0002284954593904403,0.00022450532940085973
0.5,19,0.0,12.000000000000002,lag1,0.14095709633030695,0,0.0,0.0,0.344948700311274,0.0074924910510629685,0.14170532212669165,0.09236947791164658,0.23888908541520107,-0.004643429214730682,0.869694598888471,0.040158375537988775,0.6897956094877943,0.3413654618473896,2.94753996089393e-13,-0.040034720062800865,0.938476674934718,4.867817236046206,,,,,,False,False,False,0.00022847831726003422,0.0002284954593904403,0.00022450532940085973
0.5,19,0.0,12.000000000000002,tdiff_raw,7.472,0,0.0,0.0,0.344948700311274,0.09413654618473895,0.11514113758191379,0.0642570281124498,0.6838841078891891,0.06579919678714852,1.0324137113682987,3.3788755020080314,1.8531229104450349,1.0,6.838876861876014e-149,-3.3788755020080323,0.6620743497585753,16.094359925241044,,,,,,False,False,False,0.00022847831726003422,0.0002284954593904403,0.00022450532940085973
0.5,19,0.0,12.000000000000002,lowfreq_cubic,0.0812429498837226,0,0.0,0.0,0.344948700311274,0.002269289793436344,0.1198288686014969,0.0642570281124498,0.6838841078891891,-0.0012547972171170763,0.9621817965939221,0.012015646973958596,0.59073262773042,0.3092369477911647,6.460556743569168e-11,-0.011779488182229722,1.0184257521223328,4.929802264051717,,,,,,False,False,False,0.00022847831726003422,0.0002284954593904403,0.00022450532940085973
0.5,19,4.0,4.96458390561927,ferro_segers,0.9204545454545454,0,0.0,0.0,0.4974867894260122,0.012045195472442774,0.07012696453386331,0.0642570281124498,0.6838841078891891,-0.011611703602421586,1.003115960777301,0.12327318130335818,0.8066910789144655,0.3815261044176707,1.542125928068808e-16,0.12327318130335807,0.5750208207153366,11.503293836779635,0.592,0.64,0.232,0.04800000000000004,0.36,False,False,False,0.00022957930174354713,0.00023061366269781701,0.0002222778788078367
0.5,19,4.0,4.96458390561927,lag1,-0.14436438545658367,0,0.0,0.0,0.4974867894260122,0.003977723332936988,0.0704936147657003,0.0642570281124498,0.6838841078891891,0.0014539676400986152,1.0405177835445347,0.03921701459980225,0.6399503810204246,0.2931726907630522,7.726314300809246e-10,-0.03916233433838294,1.0979600309590458,9.078132581900066,,,,,,False,False,False,0.00022957930174354713,0.00023061366269781701,0.0002222778788078367
0.5,19,4.0,4.96458390561927,tdiff_raw,5.744,0,0.0,0.0,0.4974867894260122,0.023550200803212854,0.05952397465408522,0.05220883534136546,0.8874650165235428,0.0035662650602414914,0.9829265671379225,1.8320803212851406,1.8729287224183306,0.9959839357429718,3.405760677214255e-146,-1.8320803212851402,0.6764127411151448,31.465115246462418,,,,,,False,False,False,0.00022957930174354713,0.00023061366269781701,0.0002222778788078367
0.5,19,4.0,4.96458390561927,lowfreq_cubic,0.0473139645227516,0,0.0,0.0,0.4974867894260122,0.0013257915877323758,0.06269705199535391,0.05622489959839357,0.8271830307385587,0.0007986962606975068,1.063146384150604,0.008073957763932542,0.3658705650276534,0.19678714859437751,0.00012428637703926925,-0.007364251366493518,1.1207767229085395,5.835530593284672,,,,,,False,False,False,0.00022957930174354713,0.00023061366269781701,0.0002222778788078367
0.5,20,0.0,12.000000000000002,ferro_segers,0.8080517466536076,0,0.0,0.0,0.3480482653700599,0.00660456539408064,0.07617763327472254,0.05220883534136546,0.8874650165235428,-0.0011652911292496793,1.0237792176403595,0.007261371611013381,0.08416040072267157,0.0642570281124498,0.6838841078891891,-0.004544754807450202,1.013429353488112,1.1047914867499145,0.092,0.104,0.092,0.011999999999999997,0.0,False,False,False,0.00021930394355120406,0.0002183304401475414,0.00021424379865753613
0.5,20,0.0,12.000000000000002,lag1,0.15300368616031676,0,0.0,0.0,0.3480482653700599,0.007797980207621908,0.16453977881317403,0.09236947791164658,0.23888908541520107,0.007433448488688432,1.018302646025095,0.015719025978980377,0.3111710738422481,0.15261044176706828,0.005993943563690842,0.014876153325132466,1.1304890227636475,1.8911601564480287,,,,,,False,False,False,0.00021930394355120406,0.0002183304401475414,0.00021424379865753613
0.5,20,0.0,12.000000000000002,tdiff_raw,7.776,0,0.0,0.0,0.3480482653700599,0.12478714859437745,0.16778221965382922,0.10843373493975904,0.10703865187580967,-0.1068594377510017,1.0503891100365286,3.106955823293173,1.851318946347705,0.9839357429718876,1.731594306876721e-139,-3.1069558232931707,0.7228465661529686,11.034059211800647,,,,,,False,False,False,0.00021930394355120406,0.0002183304401475414,0.00021424379865753613
0.5,20,0.0,12.000000000000002,lowfreq_cubic,0.09176478232463779,0,0.0,0.0,0.3480482653700599,0.00185082526503667,0.11205782426305204,0.0963855421686747,0.19790442185864274,0.0012196356232307692,1.0193446682342808,0.01234223622198568,0.6265571786511919,0.2891566265060241,1.4055780818421343e-09,0.012330261397214062,1.2725009973029053,5.591373764141307,,,,,,False,False,False,0.00021930394355120406,0.0002183304401475414,0.00021424379865753613
0.5,20,4.0,4.96458390561927,ferro_segers,0.7067838629704756,0,0.0,0.0,0.4941471943859706,0.02003410203764495,0.13582787058318993,0.09236947791164658,0.23888908541520107,-0.020034102037644996,1.0821331170172608,0.05077900896952591,0.4007227597791786,0.20883534136546184,3.6275453639127857e-05,0.05077900896952592,0.7383211631475747,2.950224854874292,0.136,0.168,0.06,0.032,0.07600000000000001,False,False,False,0.00021808072962662233,0.00021743317502817135,0.0002129284339961421
0.5,20,4.0,4.96458390561927,lag1,0.03973306886019746,0,0.0,0.0,0.4941471943859706,0.005265390261787587,0.09334051517612864,0.08433734939759036,0.3391499834431502,0.004710487599001334,0.9760430317374595,0.01882071373341532,0.32481800492405744,0.17670682730923695,0.0008192751950161892,-0.01882071373341532,1.0045923508972938,3.479925135522763,,,,,,False,False,False,0.00021808072962662233,0.00021743317502817135,0.0002129284339961421
0.5,20,4.0,4.96458390561927,tdiff_raw,4.152,0,0.0,0.0,0.4941471943859706,0.02152610441767069,0.055476899658308196,0.05622489959839357,0.8271830307385587,-0.002827309236947073,0.9613585259410795,1.810827309236948,1.8768892032243505,1.0,6.838876861876014e-149,-1.8108273092369473,0.6312373893392215,33.831905077327704,,,,,,False,False,False,0.00021808072962662233,0.00021743317502817135,0.0002129284339961421
0.5,20,4.0,4.96458390561927,lowfreq_cubic,0.08765092855323947,0,0.0,0.0,0.4941471943859706,0.0018997490129884717,0.09137333114873761,0.07228915662650602,0.5343337439261243,-0.00018052731220179197,0.9046185876490617,0.007296757126947479,0.32311511876350146,0.15261044176706828,0.005993943563690842,0.007296757126947481,1.0436112353989866,3.5362081550636564,,,,,,False,False,False,0.00021808072962662233,0.00021743317502817135,0.0002129284339961421
0.5,21,0.0,12.000000000000002,ferro_segers,1.0,0,0.0,0.0,0.3441148974179333,0.00923853170869229,0.13334055793622623,0.04819277108433735,0.9353620854703709,0.009238531708692377,0.7364403325226005,0.010834528455456061,0.1314843875740434,0.06827309236947791,0.6083540282919664,-0.009515352352831186,1.0881280139396508,0.9860794765605257,1.0,1.0,1.0,0.0,0.0,False,False,False,0.00024185204332274668,0.00024322737838010654,0.0002300769224716197
0.5,21,0.0,12.000000000000002,lag1,-0.03955708860385524,0,0.0,0.0,0.3441148974179333,0.005592834942712319,0.11384363053207501,0.07228915662650602,0.5343337439261243,-0.002090470832092909,1.0645031360080934,0.016148551525856432,0.33008215856029927,0.14056224899598393,0.014510289418632576,0.015085092915130483,1.03247124038442,2.8994345754574034,,,,,,False,False,False,0.00024185204332274668,0.00024322737838010654,0.0002300769224716197
0.5,21,0.0,12.000000000000002,tdiff_raw,9.132,0,0.0,0.0,0.3441148974179333,0.07399196787148596,0.09743519176545183,0.05220883534136546,0.8874650165235428,0.032353413654618635,1.0636206743517456,2.392626506024096,1.7512181452755489,0.9196787148594378,1.6809172158650896e-113,-2.3926265060240963,0.7743627886186841,17.973158502023605,,,,,,False,False,False,0.00024185204332274668,0.00024322737838010654,0.0002300769224716197
0.5,21,0.0,12.000000000000002,lowfreq_cubic,0.05436647005154274,0,0.0,0.0,0.3441148974179333,0.003248597863979789,0.20675462119285737,0.10843373493975904,0.10703865187580967,-0.0032484751902704945,0.9347366808355314,0.010755958243699466,0.6437759653801863,0.26506024096385544,4.2435326098960144e-08,-0.010738620035430892,0.9591341992698412,3.113719836905988,,,,,,False,False,False,0.00024185204332274668,0.00024322737838010654,0.0002300769224716197
0.5,21,4.0,4.96458390561927,ferro_segers,1.0,0,0.0,0.0,0.4759693332891696,0.01138704549598458,0.11599275462789733,0.08835341365461848,0.2859000658025284,-0.010442667897333613,1.0566732673967985,0.11985268312857392,0.8368376497127814,0.4457831325301205,1.2137440383469644e-22,-0.11985268312857389,1.6508061842412265,7.2145682926259855,1.0,1.0,1.0,0.0,0.0,False,False,False,0.0002434752736241982,0.0002437568974484381,0.00023462111081804307
0.5,21,4.0,4.96458390561927,lag1,-0.07885324870912219,0,0.0,0.0,0.4759693332891696,0.006591468571088684,0.11350502981185603,0.08032128514056225,0.39861895108977546,-5.55246471247231e-05,0.9896842807866624,0.00960041314319755,0.16672985863582074,0.10843373493975904,0.10703865187580967,-0.009263576195478442,0.9661778006290662,1.4689204426639753,,,,,,False,False,False,0.0002434752736241982,0.0002437568974484381,0.00023462111081804307
0.5,21,4.0,4.96458390561927,tdiff_raw,4.436,0,0.0,0.0,0.4759693332891696,0.02168674698795182,0.0607105459078824,0.040160642570281124,0.9882875890179591,0.002859437751005167,1.0105243013436285,1.7029879518072288,1.8839485846905049,1.0,6.838876861876014e-149,-1.7029879518072284,0.6598161004210129,31.031652845768104,,,,,,False,False,False,0.0002434752736241982,0.0002437568974484381,0.00023462111081804307
0.5,21,4.0,4.96458390561927,lowfreq_cubic,0.06231791073687689,0,0.0,0.0,0.4759693332891696,0.0022916300954297433,0.13432823905060556,0.0963855421686747,0.19790442185864274,-0.0015375927629653202,0.9694062003200764,0.008392276235337396,0.4258591642598928,0.19678714859437751,0.00012428637703926925,0.008372051969510352,1.2150475264107738,3.170287701750154,,,,,,False,False,False,0.0002434752736241982,0.0002437568974484381,0.00023462111081804307
0.5,22,0.0,12.000000000000002,ferro_segers,1.0,0,0.0,0.0,0.3330669559025725,0.005068268553794856,0.056123779212483633,0.03614457831325301,0.9969611680609808,0.0006108583658910316,0.9682028807255166,0.006941904742179768,0.07208233465817303,0.04417670682730924,0.96882223798433,-0.006848649142487062,1.0957434299030826,1.2843457028306897,1.0,1.0,1.0,0.0,0.0,False,False,False,0.00022749469653954524,0.00022499817630946528,0.00022095560616204818
0.5,22,0.0,12.000000000000002,lag1,0.054434173961192,0,0.0,0.0,0.3330669559025725,0.007858454448626281,0.1593004981294976,0.08835341365461848,0.2859000658025284,-0.007846591346521596,1.0105187607146302,0.053208405789376294,0.8939288157865868,0.3895582329317269,3.04394497086012e-17,-0.0532084057893763,1.169813432022433,5.611588326986235,,,,,,False,False,False,0.00022749469653954524,0.00022499817630946528,0.00022095560616204818
0.5,22,0.0,12.000000000000002,tdiff_raw,8.516,0,0.0,0.0,0.3330669559025725,0.14536546184738952,0.1982082317037174,0.10843373493975904,0.10703865187580967,0.11706024096385548,0.8830415165113407,2.759935742971888,1.794683557537609,0.9598393574297188,1.6144320116350558e-128,-2.759935742971887,0.7219685660789047,9.05453593986097,,,,,,False,False,False,0.00022749469653954524,0.00022499817630946528,0.00022095560616204818
0.5,22,0.0,12.000000000000002,lowfreq_cubic,0.12526982866150696,0,0.0,0.0,0.3330669559025725,0.0023123568558909052,0.10519064897854506,0.09236947791164658,0.23888908541520107,-0.0020144049731799507,0.9398577506838244,0.019038760873557353,0.7978028157055707,0.3614457831325301,7.56522142109189e-15,-0.019038760873557367,0.9325028043280268,7.584351113455768,,,,,,False,False,False,0.00022749469653954524,0.00022499817630946528,0.00022095560616204818
0.5,22,4.0,4.96458390561927,ferro_segers,0.8875018171245821,0,0.0,0.0,0.47311527000120757,0.022457830577996784,0.16005306771084082,0.0963855421686747,0.19790442185864274,0.022440210358900425,0.8474535820335671,0.04063568327849362,0.2956367616226485,0.15261044176706828,0.005993943563690842,0.04063568327849354,0.7893449489709815,1.8471171209086572,0.42,0.376,0.292,0.043999999999999984,0.128,False,False,False,0.0002269012903956445,0.00022458431784434872,0.00021880266831270407
0.5,22,4.0,4.96458390561927,lag1,-0.03441544379353277,0,0.0,0.0,0.47311527000120757,0.004746524738148018,0.08823913283913198,0.060240963855421686,0.7580212891445754,0.0018877661541752122,1.0615014813425212,0.020658506822590718,0.3774943980370281,0.1927710843373494,0.0001842653749138924,-0.020658506822590718,1.0598758971021645,4.278083724204664,,,,,,False,False,False,0.0002269012903956445,0.00022458431784434872,0.00021880266831270407
0.5,22,4.0,4.96458390561927,tdiff_raw,4.056,0,0.0,0.0,0.47311527000120757,0.015228915662650602,0.04734685776820376,0.03614457831325301,0.9969611680609808,0.0003855421686740357,0.9972401552372808,1.452979919678715,1.8664918765918679,1.0,6.838876861876014e-149,-1.4529799196787145,0.6979986933838968,39.421663117109524,,,,,,False,False,False,0.0002269012903956445,0.00022458431784434872,0.00021880266831270407
0.5,22,4.0,4.96458390561927,lowfreq_cubic,0.1103437225591855,0,0.0,0.0,0.47311527000120757,0.002145144166249647,0.08952393931254755,0.08433734939759036,0.3391499834431502,-0.0018532812904124285,0.9423988542530137,0.024621138323839005,0.9386815106487852,0.42570281124497994,1.2809700312742774e-20,-0.024621138323838998,0.8750414547414352,10.48525699222901,,,,,,False,False,False,0.0002269012903956445,0.00022458431784434872,0.00021880266831270407
0.5,23,0.0,12.000000000000002,ferro_segers,1.0,0,0.0,0.0,0.32681263688844037,0.007052591832929039,0.10351640880481658,0.06827309236947791,0.6083540282919664,-0.005519378660529539,1.0212871068881952,0.010473866536084103,0.13827617033660244,0.07630522088353414,0.46395181593171897,-0.010473866536084064,1.2318083505485593,1.335789870737548,1.0,1.0,1.0,0.0,0.0,False,False,False,0.0002265219024169476,0.00022811008129285988,0.0002205894339776803
0.5,23,0.0,12.000000000000002,lag1,0.01975041441929379,0,0.0,0.0,0.32681263688844037,0.004409980503352684,0.10083613249545656,0.0642570281124498,0.6838841078891891,-0.001264828173637423,1.055538998238457,0.006845194977344076,0.15172083905875927,0.10040160642570281,0.162580932356576,0.003959351180598855,1.1162927532253542,1.5046277093738591,,,,,,False,False,False,0.0002265219024169476,0.00022811008129285988,0.0002205894339776803
0.5,23,0.0,12.000000000000002,tdiff_raw,10.224,0,0.0,0.0,0.32681263688844037,0.06971887550200807,0.07943433858536429,0.05622489959839357,0.8271830307385587,0.012465863453813952,1.0636808116218142,3.534730923694779,1.8375732398449283,0.9839357429718876,1.731594306876721e-139,-3.53473092369478,0.7603040350343856,23.133235230128502,,,,,,False,False,False,0.0002265219024169476,0.00022811008129285988,0.0002205894339776803
0.5,23,0.0,12.000000000000002,lowfreq_cubic,0.03612758238943274,0,0.0,0.0,0.32681263688844037,0.001617262011854433,0.10672189625929167,0.06827309236947791,0.6083540282919664,0.0012577030092733449,1.0250631549116147,0.006840109890590381,0.41232859696711244,0.18473895582329317,0.000395043106847021,0.0067988367827633844,1.16541669642772,3.8635801219771664,,,,,,False,False,False,0.0002265219024169476,0.00022811008129285988,0.0002205894339776803
0.5,23,4.0,4.96458390561927,ferro_segers,1.0,0,0.0,0.0,0.4942816678883883,0.01018799188782222,0.06269660871404212,0.04819277108433735,0.9353620854703709,-0.007439569766256926,1.0912063872182005,0.061837157870973374,0.4229360971086264,0.24096385542168675,9.393447330284006e-07,0.061837157870973325,0.8336626887895704,6.745757159492024,1.0,1.0,1.0,0.0,0.0,False,False,False,0.00022706188448174482,0.00022757020882428915,0.0002168140991222615
0.5,23,4.0,4.96458390561927,lag1,-0.11014607515116052,0,0.0,0.0,0.4942816678883883,0.00776241784133498,0.15693328690146632,0.11646586345381527,0.06820366751163658,-0.004663748794407743,0.9548632222898853,0.05763628606378471,0.9122058154757348,0.4578313253012048,6.578748351680455e-24,0.05763628606378471,1.2143758894754935,5.8126980800986825,,,,,,False,False,False,0.00022706188448174482,0.00022757020882428915,0.0002168140991222615
0.5,23,4.0,4.96458390561927,tdiff_raw,4.452,0,0.0,0.0,0.4942816678883883,0.024353413654618503,0.0743520807049937,0.06827309236947791,0.6083540282919664,-0.008835341365461602,0.9883000553131969,2.036449799196787,1.9246803158605248,1.0,6.838876861876014e-149,-2.036449799196788,0.6973036905949482,25.886031670008553,,,,,,False,False,False,0.00022706188448174482,0.00022757020882428915,0.0002168140991222615
0.5,23,4.0,4.96458390561927,lowfreq_cubic,0.0651011099981076,0,0.0,0.0,0.4942816678883883,0.002617346431053773,0.13200270150360086,0.07228915662650602,0.5343337439261243,-0.002535521221254236,0.9413842686842182,0.0073876364586421975,0.34384757388857823,0.18473895582329317,0.000395043106847021,0.0073876364586422105,1.0760702258952826,2.604852552045656,,,,,,False,False,False,0.00022706188448174482,0.00022757020882428915,0.0002168140991222615
0.5,24,0.0,12.000000000000002,ferro_segers,1.0,0,0.0,0.0,0.34326762577423725,0.004535277893552341,0.052231137695086534,0.040160642570281124,0.9882875890179591,0.0034825677969662072,0.9344487137110868,0.02147339795157109,0.20529876348100615,0.10441767068273092,0.13246100083422654,-0.021473397951571327,1.3001809428151634,3.930581881625661,1.0,1.0,1.0,0.0,0.0,False,False,False,0.00022629237481740957,0.00022685479637570886,0.00021965490041058356
0.5,24,0.0,12.000000000000002,lag1,0.07371853613985911,0,0.0,0.0,0.34326762577423725,0.004934732679991362,0.1031097650520033,0.0642570281124498,0.6838841078891891,0.004372501474871018,1.0505314238633003,0.04205662940003227,0.7672542781838239,0.3413654618473896,2.94753996089393e-13,-0.042056629400032255,1.1651139282113248,7.441140786198597,,,,,,False,False,False,0.00022629237481740957,0.00022685479637570886,0.00021965490041058356
0.5,24,0.0,12.000000000000002,tdiff_raw,8.964,0,0.0,0.0,0.34326762577423725,0.05436144578313249,0.07462636876221,0.05220883534136546,0.8874650165235428,6.425702811085898e-05,1.0545818414722163,2.7508433734939755,1.8219479508859877,0.9919678714859438,8.463315282877424e-144,-2.750843373493976,0.7270004492073211,24.414265106365168,,,,,,False,False,False,0.00022629237481740957,0.00022685479637570886,0.00021965490041058356
0.5,24,0.0,12.000000000000002,lowfreq_cubic,0.11273446678654117,0,0.0,0.0,0.34326762577423725,0.005298679303999741,0.26958369415534633,0.13253012048192772,0.025112389635213027,0.005095484359891489,1.0388899216136098,0.009675849677244218,0.47462950878953586,0.24096385542168675,9.393447330284006e-07,-0.00955859542476041,1.0723122351159575,1.7606016946856997,,,,,,False,False,False,0.00022629237481740957,0.00022685479637570886,0.00021965490041058356
0.5,24,4.0,4.96458390561927,ferro_segers,0.9957912457912458,0,0.0,0.0,0.45953992661066406,0.016964506605064343,0.11773240209034357,0.10843373493975904,0.10703865187580967,-0.0005243045414440317,1.1708471939606653,0.05069050129475357,0.35192055372187153,0.20883534136546184,3.6275453639127857e-05,-0.0506905012947535,1.1382482195203663,2.9891563195306037,0.544,0.468,0.704,0.07600000000000001,0.15999999999999992,False,False,False,0.0002300157807760054,0.00022514046813845953,0.0002201854648639483
0.5,24,4.0,4.96458390561927,lag1,0.03846839245561287,0,0.0,0.0,0.45953992661066406,0.007955655516865352,0.1474550507041053,0.09236947791164658,0.23888908541520107,-0.005395210158583838,0.8981277398944162,0.03803990751579469,0.6561044593577404,0.3092369477911647,6.460556743569168e-11,-0.03803990751579468,0.930575559372919,4.449521777821811,,,,,,False,False,False,0.0002300157807760054,0.00022514046813845953,0.0002201854648639483
0.5,24,4.0,4.96458390561927,tdiff_raw,4.224,0,0.0,0.0,0.45953992661066406,0.06093172690763051,0.1737894490857469,0.11244979919678715,0.08579151229374248,0.05514859437750985,0.928131863829408,1.6302971887550202,1.8639778119169212,0.9959839357429718,3.405760677214255e-146,-1.630297188755021,0.7149961281956607,10.725494681769966,,,,,,False,False,False,0.0002300157807760054,0.00022514046813845953,0.0002201854648639483
0.5,24,4.0,4.96458390561927,lowfreq_cubic,0.11091884071198765,0,0.0,0.0,0.45953992661066406,0.0019038866494546479,0.09703841884306216,0.04819277108433735,0.9353620854703709,-0.0012494855700134339,0.9362334200161715,0.003410812541700042,0.15861771105442407,0.0963855421686747,0.19790442185864274,0.0007201120097194424,1.1206077669114096,1.6345867229241537,,,,,,False,False,False,0.0002300157807760054,0.00022514046813845953,0.0002201854648639483
0.5,25,0.0,12.000000000000002,ferro_segers,1.0,0,0.0,0.0,0.3741821316189104,0.0063653960778684805,0.08396405489062087,0.05220883534136546,0.8874650165235428,-0.0032664869879617253,0.9827585151610017,0.016226580570432525,0.19002710700961734,0.08433734939759036,0.3391499834431502,-0.01612814324452483,1.2136270848925341,2.2631959266040864,1.0,1.0,1.0,0.0,0.0,False,False,False,0.0002392013496356163,0.0002387119453409418,0.00023032642610379197
0.5,25,0.0,12.000000000000002,lag1,0.08028208773286451,0,0.0,0.0,0.3741821316189104,0.0063405425680245426,0.13052196569534832,0.0642570281124498,0.6838841078891891,-0.00023347994891996515,1.1734970952213066,0.057522240212917956,1.0315681081761334,0.4819277108433735,1.468271870731695e-26,-0.05752224021291795,1.1389469634703269,7.903406163709727,,,,,,False,False,False,0.0002392013496356163,0.0002387119453409418,0.00023032642610379197
0.5,25,0.0,12.000000000000002,tdiff_raw,7.868,0,0.0,0.0,0.3741821316189104,0.09241767068273087,0.12002097598770263,0.08835341365461848,0.2859000658025284,0.0528995983935765,1.1662142243335283,2.8625863453815263,1.8290168629695058,0.9959839357429718,3.405760677214255e-146,-2.8625863453815272,0.7624308430803769,15.239143390709405,,,,,,False,False,False,0.0002392013496356163,0.0002387119453409418,0.00023032642610379197
0.5,25,0.0,12.000000000000002,lowfreq_cubic,0.10330936697117561,0,0.0,0.0,0.3741821316189104,0.0011171360669324328,0.07185142670445904,0.04819277108433735,0.9353620854703709,0.0007553973404346853,0.98537317624728,0.023349199257237364,1.054639809100499,0.4899598393574297,1.76616195305032e-27,0.02334919925723737,1.3728172366176326,14.678063574693558,,,,,,False,False,False,0.0002392013496356163,0.0002387119453409418,0.00023032642610379197
0.5,25,4.0,4.96458390561927,ferro_segers,0.8634440955869527,0,0.0,0.0,0.45776887605658034,0.012416358526344078,0.09586210063111548,0.07630522088353414,0.46395181593171897,0.010147865348157148,1.001315124519763,0.008432105872978378,0.06606990414172001,0.05220883534136546,0.8874650165235428,0.0079186319652218,0.9723437092788486,0.6892181968342342,0.312,0.264,0.272,0.04799999999999999,0.03999999999999998,False,False,False,0.00024161853688892191,0.00023674120751134416,0.0002298624573841936
0.5,25,4.0,4.96458390561927,lag1,-0.023574284562011605,0,0.0,0.0,0.45776887605658034,0.004780564996677937,0.08863391270961593,0.06827309236947791,0.6083540282919664,0.0013474527805369119,1.0468883775332243,0.03196506223310128,0.5449585023658124,0.26907630522088355,2.4574888215537047e-08,-0.03196506223310128,1.1378947797067596,6.148419783195282,,,,,,False,False,False,0.00024161853688892191,0.00023674120751134416,0.0002298624573841936
0.5,25,4.0,4.96458390561927,tdiff_raw,4.9,0,0.0,0.0,0.45776887605658034,0.03203212851405625,0.0899455812411325,0.06827309236947791,0.6083540282919664,-0.027823293172690278,1.0483690388681273,1.6826666666666668,1.8807558781640559,0.9959839357429718,3.405760677214255e-146,-1.6826666666666665,0.7151102626352774,20.909930784948415,,,,,,False,False,False,0.00024161853688892191,0.00023674120751134416,0.0002298624573841936
0.5,25,4.0,4.96458390561927,lowfreq_cubic,0.08925456054113526,0,0.0,0.0,0.45776887605658034,0.0028445624203854995,0.1516972962025627,0.10843373493975904,0.10703865187580967,0.0020817779829104543,0.9115496529851821,0.009388081183526695,0.4434570172770453,0.20481927710843373,5.514601790594656e-05,0.009388081183526714,1.1070725280168068,2.923302052034536,,,,,,False,False,False,0.00024161853688892191,0.00023674120751134416,0.0002298624573841936
0.5,26,0.0,12.000000000000002,ferro_segers,0.8700284090909091,0,0.0,0.0,0.3481337353801395,0.005946788121057482,0.06394209232418334,0.060240963855421686,0.7580212891445754,-0.003440987878184809,0.9833242289380562,0.019744960132359237,0.19222948759192554,0.10441767068273092,0.13246100083422654,-0.01946409992393927,1.1740743403255278,3.006305871527135,0.16,0.192,0.244,0.032,0.08399999999999999,False,False,False,0.00023132314014291897,0.0002304124624608839,0.00022140214053757373
0.5,26,0.0,12.000000000000002,lag1,-0.013851937485998353,0,0.0,0.0,0.3481337353801395,0.004431773081998833,0.08616267618822153,0.06827309236947791,0.6083540282919664,-0.002255343761132657,1.0960675743133463,0.013832816844531871,0.2550366851610044,0.1646586345381526,0.0022997062504635296,0.011588398036384222,1.1920821409956026,2.9599438694763416,,,,,,False,False,False,0.00023132314014291897,0.0002304124624608839,0.00022140214053757373
0.5,26,0.0,12.000000000000002,tdiff_raw,9.416,0,0.0,0.0,0.3481337353801395,0.0866827309236948,0.10925862963487296,0.06827309236947791,0.6083540282919664,-0.005975903614457323,1.0195910850657188,2.801461847389558,1.793284054360857,0.9799196787148594,1.7108151751942002e-137,-2.8014618473895574,0.7330886928287872,16.413202877921357,,,,,,False,False,False,0.00023132314014291897,0.0002304124624608839,0.00022140214053757373
0.5,26,0.0,12.000000000000002,lowfreq_cubic,0.09408876829283251,0,0.0,0.0,0.3481337353801395,0.002186401168228681,0.11667701234068009,0.07630522088353414,0.46395181593171897,-0.0009482446284863194,1.0185838599470203,0.013974553375895067,0.6452064452852073,0.28112449799196787,4.53144751010056e-09,0.01397455337589508,1.1998825088137035,5.529850587888657,,,,,,False,False,False,0.00023132314014291897,0.0002304124624608839,0.00022140214053757373
0.5,26,4.0,4.96458390561927,ferro_segers,0.96,0,0.0,0.0,0.49352853765137517,0.020502320818539033,0.12386733225613492,0.07630522088353414,0.46395181593171897,-0.018902719262525736,1.0509170222376096,0.054955878752113226,0.38940131299005476,0.1606425702811245,0.003190979958905346,0.05495587875211305,0.6903995744133944,3.1436966139291767,0.556,0.584,0.424,0.027999999999999914,0.13200000000000006,False,False,False,0.0002295327776982462,0.00022805489210472136,0.00022316482769697748
0.5,26,4.0,4.96458390561927,lag1,-0.015936777530175864,0,0.0,0.0,0.49352853765137517,0.004397663441279931,0.07424264019594413,0.05220883534136546,0.8874650165235428,-0.0006094784803636691,0.9528246119352164,0.004224259896463942,0.07139360383126105,0.06827309236947791,0.6083540282919664,-0.0026975945031991085,0.9501291244893327,0.9616253360984367,,,,,,False,False,False,0.0002295327776982462,0.00022805489210472136,0.00022316482769697748
0.5,26,4.0,4.96458390561927,tdiff_raw,3.784,0,0.0,0.0,0.49352853765137517,0.05143775100401608,0.1418505213954964,0.11244979919678715,0.08579151229374248,0.03171084337349317,0.9719171794778537,1.496417670682731,1.8430694390960454,0.9919678714859438,8.463315282877424e-144,-1.4964176706827308,0.675284807089482,12.99303958113296,,,,,,False,False,False,0.0002295327776982462,0.00022805489210472136,0.00022316482769697748
0.5,26,4.0,4.96458390561927,lowfreq_cubic,0.09036341198875922,0,0.0,0.0,0.49352853765137517,0.001550518127457259,0.06889246147141703,0.040160642570281124,0.9882875890179591,0.0007372643023727948,0.9697489734825602,0.005510126862251742,0.24444834134126173,0.14056224899598393,0.014510289418632576,-0.00538856395916508,0.9586738384658349,3.548259651640956,,,,,,False,False,False,0.0002295327776982462,0.00022805489210472136,0.00022316482769697748
0.5,27,0.0,12.000000000000002,ferro_segers,1.0,0,0.0,0.0,0.38366588392851964,0.009521318478539936,0.12759934515913027,0.08835341365461848,0.2859000658025284,-0.008940439552632795,1.0932162993283594,0.041516264496032705,0.39834025162231496,0.1646586345381526,0.0022997062504635296,-0.04151626449603274,1.7683448704526343,3.121804826862851,1.0,1.0,1.0,0.0,0.0,False,False,False,0.00021789626030633592,0.0002198790901679281,0.00021605887678270827
0.5,27,0.0,12.000000000000002,lag1,0.14712228348220263,0,0.0,0.0,0.38366588392851964,0.0053299354616241175,0.10011636289062308,0.0642570281124498,0.6838841078891891,0.0025970630216173435,1.0406181192152186,0.05044656722020616,0.8670468440751405,0.37349397590361444,7.525166356687129e-16,-0.05044656722020616,1.010185199638168,8.660390959491595,,,,,,False,False,False,0.00021789626030633592,0.0002198790901679281,0.00021605887678270827
0.5,27,0.0,12.000000000000002,tdiff_raw,6.544,0,0.0,0.0,0.38366588392851964,0.06011244979919679,0.08382251290646744,0.0642570281124498,0.6838841078891891,-0.029204819277108385,1.0385667131526701,2.128048192771084,1.734426394206671,0.9397590361445783,1.2146616917376999e-120,-2.1280481927710824,0.7071026972178696,20.691653519645655,,,,,,False,False,False,0.00021789626030633592,0.0002198790901679281,0.00021605887678270827
0.5,27,0.0,12.000000000000002,lowfreq_cubic,0.09470780691293744,0,0.0,0.0,0.38366588392851964,0.00155566640785664,0.07747360055801428,0.08433734939759036,0.3391499834431502,-0.000695462005950595,1.0073247738309232,0.013598640004471486,0.6010192496835334,0.2971887550200803,4.2100040772211376e-10,0.013598640004471488,1.1520536929057847,7.757729669908223,,,,,,False,False,False,0.00021789626030633592,0.0002198790901679281,0.00021605887678270827
0.5,27,4.0,4.96458390561927,ferro_segers,1.0,0,0.0,0.0,0.4778177609427795,0.008402263502395355,0.06175043526039733,0.04819277108433735,0.9353620854703709,0.005122103577991477,0.9841698532556215,0.025197818854161516,0.19966213887834305,0.09236947791164658,0.23888908541520107,0.025197818854161613,0.822892990379498,3.23337217035602,1.0,1.0,1.0,0.0,0.0,False,False,False,0.00022058385803978923,0.00022000984108148746,0.00021394365862646177
0.5,27,4.0,4.96458390561927,lag1,-0.002668419843442085,0,0.0,0.0,0.4778177609427795,0.004670311754028277,0.08559631592544785,0.07228915662650602,0.5343337439261243,-0.002636990667860682,1.0091517788524595,0.06445690773150496,0.9924028552709753,0.44176706827309237,3.143509739603649e-22,-0.06445690773150495,1.0750653057432293,11.593990284994515,,,,,,False,False,False,0.00022058385803978923,0.00022000984108148746,0.00021394365862646177
0.5,27,4.0,4.96458390561927,tdiff_raw,4.176,0,0.0,0.0,0.4778177609427795,0.03943775100401607,0.11728077896814831,0.09236947791164658,0.23888908541520107,0.032433734939758985,1.0611890877168009,1.2210763052208835,1.7892985256943927,0.963855421686747,3.3014969563089074e-130,-1.2210763052208833,0.8589511956144368,15.256536846334589,,,,,,False,False,False,0.00022058385803978923,0.00022000984108148746,0.00021394365862646177
0.5,27,4.0,4.96458390561927,lowfreq_cubic,0.03998451081191935,0,0.0,0.0,0.4778177609427795,0.00305649550108771,0.1297416775501002,0.07630522088353414,0.46395181593171897,-0.0022206122083872765,0.8850676793002037,0.013577125367646898,0.5521883561927088,0.24096385542168675,9.393447330284006e-07,-0.013577125367646908,0.8934444156655325,4.256059938638262,,,,,,False,False,False,0.00022058385803978923,0.00022000984108148746,0.00021394365862646177
0.5,28,0.0,12.000000000000002,ferro_segers,1.0,0,0.0,0.0,0.3501457623977324,0.0046915432365862535,0.053056302072999585,0.0321285140562249,0.9995546982198918,0.002996585589690959,0.9788347136789532,0.027899412023139742,0.27387561226661317,0.13654618473895583,0.01916707185272444,-0.027383399582124768,1.2459714163786673,5.161980793342618,1.0,1.0,1.0,0.0,0.0,False,False,False,0.00023202292819464777,0.00023424060964226444,0.00022208837007404555
0.5,28,0.0,12.000000000000002,lag1,0.038639593117106005,0,0.0,0.0,0.3501457623977324,0.0037751763798500905,0.07475091804167525,0.05622489959839357,0.8271830307385587,-0.0016272594500245374,0.9929303663905312,0.045640980785057836,0.7986550579652423,0.3815261044176707,1.542125928068808e-16,-0.04564098078505783,1.0663238578674017,10.68421738339005,,,,,,False,False,False,0.00023202292819464777,0.00023424060964226444,0.00022208837007404555
0.5,28,0.0,12.000000000000002,tdiff_raw,8.904,0,0.0,0.0,0.3501457623977324,0.0945863453815261,0.12519911821433602,0.08433734939759036,0.3391499834431502,-0.06791967871486015,1.0028028124988784,2.565172690763052,1.775029526740723,0.963855421686747,3.3014969563089074e-130,-2.5651726907630534,0.7413679034120881,14.177651983953492,,,,,,False,False,False,0.00023202292819464777,0.00023424060964226444,0.00022208837007404555
0.5,28,0.0,12.000000000000002,lowfreq_cubic,0.10454183061051758,0,0.0,0.0,0.3501457623977324,0.0016878341347047123,0.08081950605809596,0.05622489959839357,0.8271830307385587,-0.0006022683610493601,0.9181996836892536,0.021110773444393518,0.901870692085584,0.41767068273092367,7.709746352022914e-20,-0.02111077344439352,0.918734735747409,11.159072061604483,,,,,,False,False,False,0.00023202292819464777,0.00023424060964226444,0.00022208837007404555
0.5,28,4.0,4.96458390561927,ferro_segers,0.7858441740103511,0,0.0,0.0,0.4733119967581058,0.02296077964438851,0.14852617215969266,0.08835341365461848,0.2859000658025284,-0.020234155404882825,1.1897843099366952,0.05509289264235099,0.4224310045973696,0.24899598393574296,3.4619642209278214e-07,0.055092892642351066,0.805890653871353,2.8441519663159203,0.24,0.304,0.14,0.064,0.09999999999999998,False,False,False,0.00023230767729794414,0.00023512726038291216,0.00022665544041383317
0.5,28,4.0,4.96458390561927,lag1,0.007717693365911271,0,0.0,0.0,0.4733119967581058,0.005162155860136161,0.09316468156428179,0.06827309236947791,0.6083540282919664,-0.004105929922694148,1.0701089900896648,0.008372960905401104,0.1437037809951443,0.08032128514056225,0.39861895108977546,-0.0036146052223263985,1.171745146355497,1.5424705863024928,,,,,,False,False,False,0.00023230767729794414,0.00023512726038291216,0.00022665544041383317
0.5,28,4.0,4.96458390561927,tdiff_raw,4.028,0,0.0,0.0,0.4733119967581058,0.029943775100401644,0.09130575162289212,0.08433734939759036,0.3391499834431502,0.009831325301204785,1.0062314283477263,1.6393574297188755,1.8872767370980306,1.0,6.838876861876014e-149,-1.6393574297188755,0.7222919484303009,20.669855989935613,,,,,,False,False,False,0.00023230767729794414,0.00023512726038291216,0.00022665544041383317
0.5,28,4.0,4.96458390561927,lowfreq_cubic,0.08534688344516224,0,0.0,0.0,0.4733119967581058,0.002332905683510577,0.09979350760139595,0.05220883534136546,0.8874650165235428,-0.0010248244670921502,0.9133745081826697,0.005244016620843879,0.21958118624801917,0.11244979919678715,0.08579151229374248,-0.0052440166208438665,0.9444987225984239,2.2003554291837055,,,,,,False,False,False,0.00023230767729794414,0.00023512726038291216,0.00022665544041383317
0.5,29,0.0,12.000000000000002,ferro_segers,1.0,0,0.0,0.0,0.3660984312531053,0.004159030203149219,0.04415123008821659,0.040160642570281124,0.9882875890179591,-0.000640990038239142,1.0234855314737825,0.004678065820962264,0.04965316871976059,0.05622489959839357,0.8271830307385587,-0.003478514911047892,1.023478381116658,1.1246157495623497,1.0,1.0,1.0,0.0,0.0,False,False,False,0.00024614546545784693,0.0002470860342869671,0.00023659877848304243
0.5,29,0.0,12.000000000000002,lag1,-0.021954758186222462,0,0.0,0.0,0.3660984312531053,0.004715611730230519,0.0982901332211331,0.10040160642570281,0.162580932356576,0.0037077626334224636,0.9599492926919688,0.045049204975580036,0.7921895935432578,0.3534136546184739,3.3650551276069525e-14,-0.045049204975580036,1.1307611579997037,8.059706173772112,,,,,,False,False,False,0.00024614546545784693,0.0002470860342869671,0.00023659877848304243
0.5,29,0.0,12.000000000000002,tdiff_raw,8.16,0,0.0,0.0,0.3660984312531053,0.07020080321285141,0.09319894407906347,0.08835341365461848,0.2859000658025284,0.00183132530120389,0.9659442534597471,2.9474859437751006,1.8227204348847366,0.9759036144578314,1.405719802284568e-135,-2.947485943775101,0.7032428883499061,19.557307788148847,,,,,,False,False,False,0.00024614546545784693,0.0002470860342869671,0.00023659877848304243
0.5,29,0.0,12.000000000000002,lowfreq_cubic,0.09645585613348086,0,0.0,0.0,0.3660984312531053,0.0019283181120031195,0.09477112070477381,0.05622489959839357,0.8271830307385587,-0.0006388004612832981,0.9304282729013127,0.007812926000567441,0.3856860246705511,0.1606425702811245,0.003190979958905346,-0.007812926000567419,0.8836172689115107,4.069657737529733,,,,,,False,False,False,0.00024614546545784693,0.0002470860342869671,0.00023659877848304243
0.5,29,4.0,4.96458390561927,ferro_segers,1.0,0,0.0,0.0,0.4497415098296551,0.013150225085059569,0.08013090858288613,0.06827309236947791,0.6083540282919664,0.012164852266253967,0.9756965300224981,0.0760383105314647,0.506029883736639,0.24096385542168675,9.393447330284006e-07,0.07603831053146481,0.7305204603024131,6.315039885179931,1.0,1.0,1.0,0.0,0.0,False,False,False,0.00024430769280838963,0.00024629409899731326,0.00023836676720107662
0.5,29,4.0,4.96458390561927,lag1,0.06633206005336267,0,0.0,0.0,0.4497415098296551,0.005927157966575289,0.10898996454613567,0.07630522088353414,0.46395181593171897,0.004229190712746407,1.0687312870354158,0.013048897931248162,0.22752984474256932,0.13253012048192772,0.025112389635213027,0.011822917353955829,1.166438145931644,2.087621972261982,,,,,,False,False,False,0.00024430769280838963,0.00024629409899731326,0.00023836676720107662
0.5,29,4.0,4.96458390561927,tdiff_raw,3.824,0,0.0,0.0,0.4497415098296551,0.04899598393574297,0.1416610682522012,0.08433734939759036,0.3391499834431502,-0.03877911646586263,1.1095088353421088,1.5204176706827308,1.8679982448917318,0.9919678714859438,8.463315282877424e-144,-1.5204176706827308,0.7485528707461435,13.186391066641507,,,,,,False,False,False,0.00024430769280838963,0.00024629409899731326,0.00023836676720107662
0.5,29,4.0,4.96458390561927,lowfreq_cubic,0.10725393103249517,0,0.0,0.0,0.4497415098296551,0.002270514408053835,0.09319748928755744,0.06827309236947791,0.6083540282919664,0.0016915999931748638,0.9964341953942621,0.003498450276710469,0.14504846750787054,0.10040160642570281,0.162580932356576,-0.0031931228601829315,0.9731721805390254,1.5563559556881112,,,,,,False,False,False,0.00024430769280838963,0.00024629409899731326,0.00023836676720107662
0.8,0,0.0,12.000000000000002,ferro_segers,0.7852963818321786,0,0.0,0.0,0.4169135122849162,0.007850821915273271,0.09989173481966085,0.08433734939759036,0.3391499834431502,-0.006269568229895106,1.002308448597359,0.01608422507712603,0.1882793951511624,0.10843373493975904,0.10703865187580967,-0.015339262228225459,1.1631973415285284,1.884834571059057,0.06,0.06,0.08,0.0,0.020000000000000004,False,False,False,0.00023856942601178184,0.00023549619247905285,0.00021609159873272653
0.8,0,0.0,12.000000000000002,lag1,0.276138277612675,0,0.0,0.0,0.4169135122849162,0.006681113021332287,0.15003339181152653,0.08032128514056225,0.39861895108977546,-0.006143174699148907,0.9326661074178559,0.03313548784309696,0.676579378993198,0.26907630522088355,2.4574888215537047e-08,-0.033011697388998895,1.0069256144077199,4.509525318491229,,,,,,False,False,False,0.00023856942601178184,0.00023549619247905285,0.00021609159873272653
0.8,0,0.0,12.000000000000002,tdiff_raw,12.568,0,0.0,0.0,0.4169135122849162,0.13636947791164655,0.11594271117179426,0.10040160642570281,0.162580932356576,0.09293172690763285,1.1115250860969152,7.63914859437751,1.9418988562879111,1.0,6.838876861876014e-149,-7.639148594377508,0.6217430615191746,16.74877908806661,,,,,,False,False,False,0.00023856942601178184,0.00023549619247905285,0.00021609159873272653
0.8,0,0.0,12.000000000000002,lowfreq_cubic,0.09945687202189198,0,0.0,0.0,0.4169135122849162,0.0018819733142587658,0.10016503083276215,0.0642570281124498,0.6838841078891891,-0.0016762502084215758,0.9331610514583141,0.012661084088503293,0.646164425937356,0.3293172690763052,2.379468622976191e-12,0.012485001777695431,0.9117869085442797,6.450998123448897,,,,,,False,False,False,0.00023856942601178184,0.00023549619247905285,0.00021609159873272653
0.8,0,4.0,4.96458390561927,ferro_segers,0.6481998459761263,0,0.0,0.0,0.676912924472397,0.00485360460872465,0.04622677973742006,0.04417670682730924,0.96882223798433,-0.0037821144516865246,1.0322372478243786,0.006733057763510282,0.06329793810956154,0.040160642570281124,0.9882875890179591,-1.8334976482403675e-05,1.0586175416880226,1.3692915333732667,0.032,0.032,0.028,0.0,0.004,True,True,True,0.00023512791161668038,0.00023952380299919468,0.0002169490367048252
0.8,0,4.0,4.96458390561927,lag1,0.05967304094264814,0,0.0,0.0,0.676912924472397,0.0028295016120340162,0.061902366987962656,0.04417670682730924,0.96882223798433,0.0016715820978535495,0.995119290648874,0.08508742993010189,1.2424299478310068,0.5863453815261044,5.266812023417942e-40,-0.08508742993010188,1.3194991493627644,20.070798715541617,,,,,,False,False,False,0.00023512791161668038,0.00023952380299919468,0.0002169490367048252
0.8,0,4.0,4.96458390561927,tdiff_raw,6.392,0,0.0,0.0,0.676912924472397,0.04202409638554214,0.11340792274182489,0.07228915662650602,0.5343337439261243,-0.038522088353413864,0.9626646917682081,3.4507791164658634,1.9617869145127567,1.0,6.838876861876014e-149,-3.4507791164658643,0.7505712722723398,17.298499673420363,,,,,,False,False,False,0.00023512791161668038,0.00023952380299919468,0.0002169490367048252
0.8,0,4.0,4.96458390561927,lowfreq_cubic,0.0897869727859058,0,0.0,0.0,0.676912924472397,0.001863917169743625,0.10260254092822575,0.060240963855421686,0.7580212891445754,0.0007937276380307751,0.956557077077008,0.005916030850725732,0.27073842440602586,0.15261044176706828,0.005993943563690842,-0.0033319301195492007,1.32510522687178,2.6387107176557616,,,,,,False,False,False,0.00023512791161668038,0.00023952380299919468,0.0002169490367048252
0.8,1,0.0,12.000000000000002,ferro_segers,0.7530495394573065,0,0.0,0.0,0.41781496274005364,0.008703457049755208,0.09569408396963186,0.06827309236947791,0.6083540282919664,0.007765593476988353,0.9441924552784964,0.017935266082748636,0.17965368651828367,0.11646586345381527,0.06820366751163658,-0.0175827682642985,1.124893729057914,1.8773750587893625,0.088,0.052,0.096,0.036,0.008000000000000007,False,False,False,0.00025303058855738903,0.0002545765644193338,0.00023432925568604238
0.8,1,0.0,12.000000000000002,lag1,0.12219312005006511,0,0.0,0.0,0.41781496274005364,0.006692922457488048,0.13904090448551631,0.06827309236947791,0.6083540282919664,-0.0012781829433175795,0.8673585346989854,0.04351743251098293,0.7456460716884867,0.3654618473895582,3.5378535469223837e-15,-0.043517432510982945,1.1034094654184314,5.3627820852255335,,,,,,False,False,False,0.00025303058855738903,0.0002545765644193338,0.00023432925568604238
0.8,1,0.0,12.000000000000002,tdiff_raw,16.724,0,0.0,0.0,0.41781496274005364,0.22832128514056219,0.17344130102421176,0.10843373493975904,0.10703865187580967,-0.16875502008031873,0.9053704417036843,8.097236947791165,1.9261633573698271,1.0,6.838876861876014e-149,-8.097236947791163,0.5618273808522002,11.105563357720262,,,,,,False,False,False,0.00025303058855738903,0.0002545765644193338,0.00023432925568604238
0.8,1,0.0,12.000000000000002,lowfreq_cubic,0.15602246005460912,0,0.0,0.0,0.41781496274005364,0.0020897450053947017,0.10466013629427816,0.07630522088353414,0.46395181593171897,-0.001714684695246299,1.0056562963104267,0.0069870192468887045,0.3068799019139365,0.14859437751004015,0.008114442209751042,0.0067694298913372475,1.2498188136147554,2.9321565285474493,,,,,,False,False,False,0.00025303058855738903,0.0002545765644193338,0.00023432925568604238
0.8,1,4.0,4.96458390561927,ferro_segers,1.0,0,0.0,0.0,0.6237229128527375,0.0090717817915381,0.07682371648242657,0.05220883534136546,0.8874650165235428,0.005892566167880475,0.9627993369570582,0.016958430787990815,0.13212049745627588,0.0642570281124498,0.6838841078891891,-0.009448734336226394,1.1291909678485366,1.7197878924081567,1.0,1.0,1.0,0.0,0.0,False,False,False,0.000253070910012611,0.0002525166652552423,0.0002316718293946766
0.8,1,4.0,4.96458390561927,lag1,-0.029744118837337206,0,0.0,0.0,0.6237229128527375,0.010800110382544968,0.21166248745742297,0.12048192771084337,0.053781672898600176,-0.01014440896925773,0.8921217905805894,0.058623682846172365,0.9104298025862569,0.37751004016064255,3.4225246403591607e-16,-0.058623682846172365,1.1352530465084172,4.301328088518238,,,,,,False,False,False,0.000253070910012611,0.0002525166652552423,0.0002316718293946766
0.8,1,4.0,4.96458390561927,tdiff_raw,6.648,0,0.0,0.0,0.6237229128527375,0.07958232931726904,0.19560376125061066,0.11244979919678715,0.08579151229374248,0.0713574297188746,0.9104313736840987,3.124835341365462,1.949592805150784,1.0,6.838876861876014e-149,-3.1248353413654617,0.607461988305617,9.967051720712695,,,,,,False,False,False,0.000253070910012611,0.0002525166652552423,0.0002316718293946766
0.8,1,4.0,4.96458390561927,lowfreq_cubic,0.08912914304259895,0,0.0,0.0,0.6237229128527375,0.002693686012552323,0.1245569960421976,0.06827309236947791,0.6083540282919664,-0.002311292981047222,1.0480293422796956,0.02771758166253227,1.0460423344790315,0.5140562248995983,2.3829646205046384e-30,-0.02771758166253227,1.1372219458043074,8.398101814567232,,,,,,False,False,False,0.000253070910012611,0.0002525166652552423,0.0002316718293946766
0.8,2,0.0,12.000000000000002,ferro_segers,0.6358896095637797,0,0.0,0.0,0.3996016580441636,0.010181063638462686,0.10031555833034302,0.08032128514056225,0.39861895108977546,-0.008633789724467378,1.0237866006891805,0.026911099466862456,0.23905263419871148,0.1606425702811245,0.003190979958905346,-0.026625748443638297,1.2202921788281693,2.3830065662546533,0.024,0.016,0.052,0.008,0.027999999999999997,True,True,False,0.00022916178445507116,0.0002286629357378285,0.0002092057904404691
0.8,2,0.0,12.000000000000002,lag1,0.2726978429054444,0,0.0,0.0,0.3996016580441636,0.003961609395757322,0.08749120395946938,0.0642570281124498,0.6838841078891891,0.0008335927149153433,1.0791603671721073,0.01978279151868267,0.41642794471251376,0.18473895582329317,0.000395043106847021,-0.01948528950961978,1.1324344899387124,4.759654980921519,,,,,,False,False,False,0.00022916178445507116,0.0002286629357378285,0.0002092057904404691
0.8,2,0.0,12.000000000000002,tdiff_raw,14.716,0,0.0,0.0,0.3996016580441636,0.12926907630522091,0.1164294152743369,0.0642570281124498,0.6838841078891891,-0.03085943775100297,1.1154737411571138,6.765269076305221,1.9343676188588474,1.0,6.838876861876014e-149,-6.76526907630522,0.6292515937241101,16.614079992594448,,,,,,False,False,False,0.00022916178445507116,0.0002286629357378285,0.0002092057904404691
0.8,2,0.0,12.000000000000002,lowfreq_cubic,0.1278077720096941,0,0.0,0.0,0.3996016580441636,0.004875084186135395,0.2255227259320376,0.0963855421686747,0.19790442185864274,0.004604638188293375,1.1213508878792586,0.016965047013573268,0.719848634983945,0.3092369477911647,6.460556743569168e-11,0.016965047013573265,1.1669513973977987,3.191911733103438,,,,,,False,False,False,0.00022916178445507116,0.0002286629357378285,0.0002092057904404691
0.8,2,4.0,4.96458390561927,ferro_segers,0.9024571718931476,0,0.0,0.0,0.6427257275291697,0.017648678535198345,0.12982064443353014,0.07228915662650602,0.5343337439261243,0.017397710203654992,0.9027734347305858,0.023581356761867497,0.1740507360012126,0.10843373493975904,0.10703865187580967,0.023581356761867456,0.8924116856035567,1.3407015252518446,0.432,0.42,0.388,0.01200000000000001,0.043999999999999984,False,False,False,0.0002280823852286498,0.00022929423461746085,0.00020423975327557543
0.8,2,4.0,4.96458390561927,lag1,0.21786115300693956,0,0.0,0.0,0.6427257275291697,0.004699742062119601,0.1049040707166888,0.05622489959839357,0.8271830307385587,0.002379682544402989,1.1119572120319718,0.10001208435024432,1.3341229010845654,0.642570281124498,1.079442558884061e-48,-0.10001208435024432,1.5723886667232718,12.71755130158464,,,,,,False,False,False,0.0002280823852286498,0.00022929423461746085,0.00020423975327557543
0.8,2,4.0,4.96458390561927,tdiff_raw,5.688,0,0.0,0.0,0.6427257275291697,0.04448192771084337,0.1182362284344327,0.060240963855421686,0.7580212891445754,0.002104417670681258,1.1318421526876945,3.2533654618473893,1.961402554066076,1.0,6.838876861876014e-149,-3.25336546184739,0.7804714165375153,16.58884573735998,,,,,,False,False,False,0.0002280823852286498,0.00022929423461746085,0.00020423975327557543
0.8,2,4.0,4.96458390561927,lowfreq_cubic,0.14941757001264203,0,0.0,0.0,0.6427257275291697,0.001280025581629537,0.059040116177294495,0.05220883534136546,0.8874650165235428,0.00035542805011448686,1.0269328733315772,0.014133384403029048,0.5797490195131058,0.27710843373493976,8.030731976233769e-09,-0.014108902500354015,1.174705261258587,9.819577891278852,,,,,,False,False,False,0.0002280823852286498,0.00022929423461746085,0.00020423975327557543
0.8,3,0.0,12.000000000000002,ferro_segers,1.0,0,0.0,0.0,0.3965922460560487,0.004801565067413737,0.0509803021955953,0.05622489959839357,0.8271830307385587,0.0005928342942447262,1.0417229701006794,0.017056071875880936,0.17610131242572846,0.12048192771084337,0.053781672898600176,-0.017056071875880985,1.0899240247835953,3.454301070050153,1.0,1.0,1.0,0.0,0.0,False,False,False,0.00026090447636565445,0.0002666205655143064,0.00024213884400976115
0.8,3,0.0,12.000000000000002,lag1,0.14513336457188844,0,0.0,0.0,0.3965922460560487,0.003191850175439669,0.07024555948429188,0.0642570281124498,0.6838841078891891,-0.0001139189858431755,1.0396246512672047,0.04001775957898866,0.825140690356363,0.3453815261044177,1.4429747868256851e-13,-0.04001775957898865,0.9829462973779668,11.746517451268458,,,,,,False,False,False,0.00026090447636565445,0.0002666205655143064,0.00024213884400976115
0.8,3,0.0,12.000000000000002,tdiff_raw,17.944,0,0.0,0.0,0.3965922460560487,0.10899598393574299,0.08431966545386968,0.05220883534136546,0.8874650165235428,0.05209638554217122,1.0105724705246149,8.179630522088354,1.9349510965882166,1.0,6.838876861876014e-149,-8.179630522088349,0.585746801244149,22.947803293251717,,,,,,False,False,False,0.00026090447636565445,0.0002666205655143064,0.00024213884400976115
0.8,3,0.0,12.000000000000002,lowfreq_cubic,0.12022571023493332,0,0.0,0.0,0.3965922460560487,0.001876255860056894,0.09257250295545354,0.05622489959839357,0.8271830307385587,0.0003906617337248175,0.9516474460658331,0.0066751739921767665,0.31321149783189023,0.15261044176706828,0.005993943563690842,0.006675173992176764,1.0273427309332577,3.3834182703540616,,,,,,False,False,False,0.00026090447636565445,0.0002666205655143064,0.00024213884400976115
0.8,3,4.0,4.96458390561927,ferro_segers,1.0,0,0.0,0.0,0.6718374878368583,0.008003418350810625,0.07365714879101569,0.060240963855421686,0.7580212891445754,-0.00023876723087368212,0.9603266518607074,0.013677267823909085,0.11256738056494815,0.05622489959839357,0.8271830307385587,-0.010649655322114482,1.1827717617166706,1.5282614439004325,1.0,1.0,1.0,0.0,0.0,False,False,False,0.00026583978282720624,0.0002636886091315465,0.00023682750448780242
0.8,3,4.0,4.96458390561927,lag1,0.08823445622745366,0,0.0,0.0,0.6718374878368583,0.0035481157408366196,0.0753029496677275,0.05622489959839357,0.8271830307385587,-0.0017099660322550808,1.0396022867043482,0.06463505913411506,1.0146992017600975,0.4979919678714859,2.0368217282648115e-28,-0.06463505913411506,1.3501780233130731,13.474893164708957,,,,,,False,False,False,0.00026583978282720624,0.0002636886091315465,0.00023682750448780242
0.8,3,4.0,4.96458390561927,tdiff_raw,6.656,0,0.0,0.0,0.6718374878368583,0.030666666666666623,0.0752159743941536,0.05622489959839357,0.8271830307385587,-0.007662650602409116,1.0651415175319956,3.644658634538153,1.9613718579082824,1.0,6.838876861876014e-149,-3.6446586345381533,0.7813593368664798,26.07653325914648,,,,,,False,False,False,0.00026583978282720624,0.0002636886091315465,0.00023682750448780242
0.8,3,4.0,4.96458390561927,lowfreq_cubic,0.11860179463418911,0,0.0,0.0,0.6718374878368583,0.003043183749441882,0.16105556743979768,0.10441767068273092,0.13246100083422654,-0.0029376538052315743,1.0439749081110345,0.01393630531711066,0.626204830028421,0.3293172690763052,2.379468622976191e-12,-0.013757369943938391,1.279709643460477,3.8881290475257333,,,,,,False,False,False,0.00026583978282720624,0.0002636886091315465,0.00023682750448780242
0.8,4,0.0,12.000000000000002,ferro_segers,1.0,0,0.0,0.0,0.42708940270548384,0.016001604839435503,0.16084687494146557,0.08835341365461848,0.2859000658025284,-0.009521339408051,0.968530536046335,0.008969195187404336,0.09445086246722388,0.07630522088353414,0.46395181593171897,0.005968794624628515,0.876458179647012,0.5872098074743155,1.0,1.0,1.0,0.0,0.0,False,False,False,0.00024276703238175918,0.0002420776934762024,0.00021734955919585098
0.8,4,0.0,12.000000000000002,lag1,0.11819499497278213,0,0.0,0.0,0.42708940270548384,0.006997096865124528,0.14888650168240378,0.08835341365461848,0.2859000658025284,0.005818600489016168,0.886196741630969,0.10438615698526399,1.4761465411692223,0.7469879518072289,4.829931124770274e-68,-0.10438615698526399,0.9180818399416001,9.914576032675173,,,,,,False,False,False,0.00024276703238175918,0.0002420776934762024,0.00021734955919585098
0.8,4,0.0,12.000000000000002,tdiff_raw,14.72,0,0.0,0.0,0.42708940270548384,0.14053012048192778,0.12303770933158541,0.06827309236947791,0.6083540282919664,-0.051566265060241534,0.8801165282619148,6.654473895582329,1.91901023918744,1.0,6.838876861876014e-149,-6.6544738955823295,0.5179762680979642,15.596927556703049,,,,,,False,False,False,0.00024276703238175918,0.0002420776934762024,0.00021734955919585098
0.8,4,0.0,12.000000000000002,lowfreq_cubic,0.13483286940166314,0,0.0,0.0,0.42708940270548384,0.004195824873984989,0.16481543906565863,0.08835341365461848,0.2859000658025284,0.0032004824438372215,1.0045213984637213,0.03286584159170473,1.1220081679213165,0.5020080321285141,6.807559252221964e-29,-0.032865841591704706,0.9100880844470919,6.807664222975664,,,,,,False,False,False,0.00024276703238175918,0.0002420776934762024,0.00021734955919585098
0.8,4,4.0,4.96458390561927,ferro_segers,1.0,0,0.0,0.0,0.6291249548101507,0.017155596517123565,0.12687230883937364,0.08835341365461848,0.2859000658025284,-0.01506830790396907,1.0269788284319599,0.06083166367152956,0.5276590803107045,0.21686746987951808,1.5306841255371312e-05,0.06083166367152948,0.6274685965972711,4.1589775195053935,1.0,1.0,1.0,0.0,0.0,False,False,False,0.00024443341770749333,0.00024290128179074187,0.00021596568452242787
0.8,4,4.0,4.96458390561927,lag1,0.05146040481922237,0,0.0,0.0,0.6291249548101507,0.006812872636003999,0.14156894795520045,0.08032128514056225,0.39861895108977546,-0.004972760219826386,1.0773728569345105,0.061820632574855344,0.9922532674515194,0.43775100401606426,8.060857117983643e-22,-0.06182063257485535,1.3174532386889124,7.008975356414398,,,,,,False,False,False,0.00024443341770749333,0.00024290128179074187,0.00021596568452242787
0.8,4,4.0,4.96458390561927,tdiff_raw,6.26,0,0.0,0.0,0.6291249548101507,0.03489156626506026,0.09212691940003208,0.07630522088353414,0.46395181593171897,0.020690763052208183,1.025390636288217,3.1714056224899596,1.9556892698866273,1.0,6.838876861876014e-149,-3.1714056224899596,0.7595029339730933,21.22820650709748,,,,,,False,False,False,0.00024443341770749333,0.00024290128179074187,0.00021596568452242787
0.8,4,4.0,4.96458390561927,lowfreq_cubic,0.10244028508617653,0,0.0,0.0,0.6291249548101507,0.0021007017546339607,0.09086639742869239,0.05220883534136546,0.8874650165235428,0.0015162614532903684,1.0614434437254692,0.04050147576503782,1.305085450801895,0.6265060240963856,4.247650477122169e-46,-0.04050147576503782,1.0951937297514167,14.36268508197488,,,,,,False,False,False,0.00024443341770749333,0.00024290128179074187,0.00021596568452242787
0.8,5,0.0,12.000000000000002,ferro_segers,0.8154276578737011,0,0.0,0.0,0.4183824109881659,0.015008725907625118,0.17409486323968484,0.11244979919678715,0.08579151229374248,-0.015008725907625142,1.1919786602292703,0.04402613703244214,0.435431597495709,0.18875502008032127,0.0002709248334127592,-0.04402613703244218,1.4818832767735954,2.5011168588944908,0.096,0.1,0.224,0.0040000000000000036,0.128,False,False,False,0.00024322878418713557,0.0002464106996348238,0.00022478305563135357
0.8,5,0.0,12.000000000000002,lag1,0.23744355425931077,0,0.0,0.0,0.4183824109881659,0.009047847875669101,0.1999407158476088,0.10843373493975904,0.10703865187580967,0.007365048115546724,1.1335313245673637,0.04197671880991181,0.8523964450379032,0.3654618473895582,3.5378535469223837e-15,-0.0419767188099118,1.108233813521018,4.263245939799376,,,,,,False,False,False,0.00024322878418713557,0.0002464106996348238,0.00022478305563135357
0.8,5,0.0,12.000000000000002,tdiff_raw,12.752,0,0.0,0.0,0.4183824109881659,0.19781526104417677,0.17875199923915588,0.08433734939759036,0.3391499834431502,-0.17632128514056156,1.0895242564602057,6.909172690763052,1.9382385362714087,1.0,6.838876861876014e-149,-6.909172690763052,0.5878372237286302,10.843171234567226,,,,,,False,False,False,0.00024322878418713557,0.0002464106996348238,0.00022478305563135357
0.8,5,0.0,12.000000000000002,lowfreq_cubic,0.1323678858105558,0,0.0,0.0,0.4183824109881659,0.00558664961745093,0.27313598617452683,0.14056224899598393,0.014510289418632576,0.005432962780596351,1.0031323499856204,0.010482616419240219,0.5098447676625237,0.2931726907630522,7.726314300809246e-10,-0.010482616419240226,0.9640277613942894,1.866633448061085,,,,,,False,False,False,0.00024322878418713557,0.0002464106996348238,0.00022478305563135357
0.8,5,4.0,4.96458390561927,ferro_segers,0.8357507943086062,0,0.0,0.0,0.629147691521356,0.009675483081080995,0.07171706828186143,0.04417670682730924,0.96882223798433,0.00896959137682718,0.9183994616464173,0.054815001246956936,0.41149282661474895,0.26506024096385544,4.2435326098960144e-08,0.05415743220695646,0.8513161517904295,5.737725153480895,0.332,0.324,0.212,0.008000000000000007,0.12000000000000002,False,False,False,0.00024474982977914394,0.00024621976402225523,0.00022179767838326192
0.8,5,4.0,4.96458390561927,lag1,0.0899102827790528,0,0.0,0.0,0.629147691521356,0.0037423505331291023,0.07776574257440899,0.04819277108433735,0.9353620854703709,0.0015949077309215243,0.9279696345459945,0.08709745087039282,1.2474611309537673,0.5783132530120482,7.506171750957273e-39,-0.08709745087039283,1.1794457980799609,16.041268168437234,,,,,,False,False,False,0.00024474982977914394,0.00024621976402225523,0.00022179767838326192
0.8,5,4.0,4.96458390561927,tdiff_raw,5.316,0,0.0,0.0,0.629147691521356,0.026538152610441783,0.07124607221447025,0.040160642570281124,0.9882875890179591,-0.008224899598391566,0.9938531748315397,2.8810281124497994,1.9509391951470823,1.0,6.838876861876014e-149,-2.881028112449798,0.6740571736985431,27.383112282655972,,,,,,False,False,False,0.00024474982977914394,0.00024621976402225523,0.00022179767838326192
0.8,5,4.0,4.96458390561927,lowfreq_cubic,0.13239454003149426,0,0.0,0.0,0.629147691521356,0.001938449138683493,0.10224259721981112,0.05622489959839357,0.8271830307385587,-0.0009023862253607212,1.063435132819376,0.019176591253433177,0.8733812602594746,0.42168674698795183,3.157946952099781e-20,-0.01913427680554082,1.1469755841999791,8.54224446569746,,,,,,False,False,False,0.00024474982977914394,0.00024621976402225523,0.00022179767838326192
0.8,6,0.0,12.000000000000002,ferro_segers,1.0,0,0.0,0.0,0.41198155866765435,0.012748828955184222,0.12187471588380026,0.0642570281124498,0.6838841078891891,-0.01149200471851708,1.173237759738172,0.007362657227798289,0.0756413817369765,0.08433734939759036,0.3391499834431502,0.00428206118440011,1.0309671008724266,0.6206486816272466,1.0,1.0,1.0,0.0,0.0,False,False,False,0.0002467727093775043,0.00024385820195454216,0.00022229823864241047
0.8,6,0.0,12.000000000000002,lag1,0.11903111914167953,0,0.0,0.0,0.41198155866765435,0.003981655022894991,0.0945449166215057,0.0642570281124498,0.6838841078891891,0.0015031763106307938,0.967620596314597,0.0868178777508294,1.4048019845384112,0.7188755020080321,2.2445354704198983e-62,-0.0868178777508294,1.053116353442541,14.858567067780907,,,,,,False,False,False,0.0002467727093775043,0.00024385820195454216,0.00022229823864241047
0.8,6,0.0,12.000000000000002,tdiff_raw,17.0,0,0.0,0.0,0.41198155866765435,0.24795180722891563,0.21485722355193493,0.12048192771084337,0.053781672898600176,-0.2087550200803232,0.9453126081331605,7.26766265060241,1.931951371372659,1.0,6.838876861876014e-149,-7.267662650602411,0.5647676572279351,8.991791569463626,,,,,,False,False,False,0.0002467727093775043,0.00024385820195454216,0.00022229823864241047
0.8,6,0.0,12.000000000000002,lowfreq_cubic,0.14100054814728802,0,0.0,0.0,0.41198155866765435,0.002521720964458818,0.10353775651049048,0.0642570281124498,0.6838841078891891,0.001578946037219725,1.002614094881684,0.021374382266882788,0.860177020435254,0.37349397590361444,7.525166356687129e-16,-0.02137438226688279,0.8379715084478883,8.307858402824213,,,,,,False,False,False,0.0002467727093775043,0.00024385820195454216,0.00022229823864241047
0.8,6,4.0,4.96458390561927,ferro_segers,0.915212750294464,0,0.0,0.0,0.6229814246458796,0.008411623068791209,0.0732805309157202,0.0642570281124498,0.6838841078891891,-0.006683497256309012,1.0208271904965869,0.027480449824421736,0.24735370555127395,0.1606425702811245,0.003190979958905346,0.02482093828085563,0.9437338962693066,3.3754355005390395,0.368,0.396,0.272,0.028000000000000025,0.09599999999999997,False,False,False,0.0002457843530909273,0.00024319594124030331,0.00021971904177007053
0.8,6,4.0,4.96458390561927,lag1,0.06487267642242259,0,0.0,0.0,0.6229814246458796,0.0030349402109751474,0.06906582607621894,0.05622489959839357,0.8271830307385587,0.0024464415162068764,0.9918074513011872,0.07749331113864559,1.2258293338659367,0.5582329317269076,4.670415285500908e-36,-0.07749331113864559,1.2498396954878552,17.748710230630284,,,,,,False,False,False,0.0002457843530909273,0.00024319594124030331,0.00021971904177007053
0.8,6,4.0,4.96458390561927,tdiff_raw,6.428,0,0.0,0.0,0.6229814246458796,0.03395983935742977,0.08596913860229442,0.060240963855421686,0.7580212891445754,-0.019469879518071664,0.9294943094477568,3.2939598393574303,1.9551204284896693,1.0,6.838876861876014e-149,-3.293959839357429,0.6635566969379296,22.742119559139873,,,,,,False,False,False,0.0002457843530909273,0.00024319594124030331,0.00021971904177007053
0.8,6,4.0,4.96458390561927,lowfreq_cubic,0.11884444541582055,0,0.0,0.0,0.6229814246458796,0.0013554011084669344,0.06543659394484674,0.04417670682730924,0.96882223798433,-0.00023538923076249496,0.9861896457570835,0.03846264623767095,1.3074905801534578,0.6465863453815262,2.3431801887971083e-49,-0.038462646237670955,1.1291208883697443,19.98103051108462,,,,,,False,False,False,0.0002457843530909273,0.00024319594124030331,0.00021971904177007053
0.8,7,0.0,12.000000000000002,ferro_segers,1.0,0,0.0,0.0,0.4371180441409394,0.007871123000431968,0.08274081698780537,0.06827309236947791,0.6083540282919664,-0.0020681021626629548,1.0488448313958216,0.009437504215311036,0.10108163144632576,0.09236947791164658,0.23888908541520107,0.006836436736628149,1.0101515489535378,1.2216658612546973,1.0,1.0,1.0,0.0,0.0,False,False,False,0.0002395085710535942,0.00024146161502498252,0.00021894401479535
0.8,7,0.0,12.000000000000002,lag1,0.11043125203604352,0,0.0,0.0,0.4371180441409394,0.00695864443048306,0.14670231073305084,0.060240963855421686,0.7580212891445754,0.00695864443048308,0.9456362315779232,0.11465352809913322,1.5146499081209013,0.7590361445783133,1.3789895494903554e-70,-0.1146535280991332,1.0309176452942366,10.32464928842905,,,,,,False,False,False,0.0002395085710535942,0.00024146161502498252,0.00021894401479535
0.8,7,0.0,12.000000000000002,tdiff_raw,13.904,0,0.0,0.0,0.4371180441409394,0.10112449799196792,0.09092330735315418,0.060240963855421686,0.7580212891445754,-0.07448995983935625,0.9971308650544362,6.532160642570282,1.9220246726356691,1.0,6.838876861876014e-149,-6.532160642570279,0.6250444366253535,21.138965668839276,,,,,,False,False,False,0.0002395085710535942,0.00024146161502498252,0.00021894401479535
0.8,7,0.0,12.000000000000002,lowfreq_cubic,0.1485402221368783,0,0.0,0.0,0.4371180441409394,0.002067352556966957,0.08680129880401619,0.0642570281124498,0.6838841078891891,-0.0008220789002019169,0.9931154195903572,0.035731455263149865,1.2536076388860053,0.6024096385542169,2.238540355781208e-42,-0.03573145526314987,0.8516760714705888,14.442268216705394,,,,,,False,False,False,0.0002395085710535942,0.00024146161502498252,0.00021894401479535
0.8,7,4.0,4.96458390561927,ferro_segers,1.0,0,0.0,0.0,0.6472966938908004,0.006101715619892216,0.05278326009552379,0.0321285140562249,0.9995546982198918,0.005525001652208927,0.900674742576923,0.007193836649293468,0.06214818336061352,0.04819277108433735,0.9353620854703709,0.006236467632886877,0.9031873727309958,1.1774222215175894,1.0,1.0,1.0,0.0,0.0,False,False,False,0.0002412552972594348,0.00024009837860635444,0.00021592397363044108
0.8,7,4.0,4.96458390561927,lag1,0.018386535771821633,0,0.0,0.0,0.6472966938908004,0.003951343784863245,0.08106782294350985,0.06827309236947791,0.6083540282919664,-3.126482969019462e-05,1.0134467170379038,0.09396278715484936,1.3051811022978814,0.6626506024096386,4.5293466239029456e-52,-0.09396278715484935,1.2390161104699926,16.099866197311716,,,,,,False,False,False,0.0002412552972594348,0.00024009837860635444,0.00021592397363044108
0.8,7,4.0,4.96458390561927,tdiff_raw,6.292,0,0.0,0.0,0.6472966938908004,0.03244979919678711,0.08052036089081942,0.0642570281124498,0.6838841078891891,0.00012851405622527068,0.9728518708974979,3.1711646586345386,1.9504172673066402,1.0,6.838876861876014e-149,-3.1711646586345386,0.7005555114970619,24.222659284292828,,,,,,False,False,False,0.0002412552972594348,0.00024009837860635444,0.00021592397363044108
0.8,7,4.0,4.96458390561927,lowfreq_cubic,0.12507217112041266,0,0.0,0.0,0.6472966938908004,0.0019265249511231882,0.08427984394926215,0.06827309236947791,0.6083540282919664,-0.0013847820118940146,0.9610768566875353,0.01651100520497818,0.6350382080586294,0.3493975903614458,7.000145543231746e-14,-0.016472653098305368,1.1137914846534749,7.534876410555831,,,,,,False,False,False,0.0002412552972594348,0.00024009837860635444,0.00021592397363044108
0.8,8,0.0,12.000000000000002,ferro_segers,0.8065751445086705,0,0.0,0.0,0.4417722528816236,0.007339428576439549,0.08894667357651945,0.04819277108433735,0.9353620854703709,-0.0027807931415942955,0.973224258265776,0.04360086908422818,0.43933864206482715,0.21686746987951808,1.5306841255371312e-05,-0.04282579088765215,1.298460991954731,4.939348762569137,0.068,0.096,0.168,0.027999999999999997,0.1,False,False,False,0.00027369665373688784,0.00027573543639809923,0.0002414408504923977
0.8,8,0.0,12.000000000000002,lag1,0.17247781437654355,0,0.0,0.0,0.4417722528816236,0.002964098689336799,0.06613892561090008,0.0642570281124498,0.6838841078891891,0.0018690249278477122,1.0315603909506237,0.005131280860519391,0.10918505150669518,0.07630522088353414,0.46395181593171897,-0.0040875287941119914,1.1253846484553225,1.65084404529092,,,,,,False,False,False,0.00027369665373688784,0.00027573543639809923,0.0002414408504923977
0.8,8,0.0,12.000000000000002,tdiff_raw,15.064,0,0.0,0.0,0.4417722528816236,0.0934939759036144,0.07678721805256868,0.0642570281124498,0.6838841078891891,0.07794377510040107,0.9601364635788944,8.439020080321287,1.942578810981471,1.0,6.838876861876014e-149,-8.439020080321285,0.5827718122586081,25.298205355630316,,,,,,False,False,False,0.00027369665373688784,0.00027573543639809923,0.0002414408504923977
0.8,8,0.0,12.000000000000002,lowfreq_cubic,0.10471398576868986,0,0.0,0.0,0.4417722528816236,0.0019273733518983649,0.10924981066157284,0.07630522088353414,0.46395181593171897,0.00037541122637631263,1.0548664524610076,0.021649854981780323,0.9655322793066481,0.39759036144578314,5.7856027833963926e-18,0.02164985498178032,1.271310625154826,8.83783938351714,,,,,,False,False,False,0.00027369665373688784,0.00027573543639809923,0.0002414408504923977
0.8,8,4.0,4.96458390561927,ferro_segers,0.9136755354752343,0,0.0,0.0,0.6485306147313318,0.021260222514020162,0.2137741439640802,0.13654618473895583,0.01916707185272444,-0.02040111031951064,1.1121738696740295,0.015480007207088219,0.14736398556779493,0.07228915662650602,0.5343337439261243,-0.014848980703873083,1.2286704851232069,0.6893442903579365,0.248,0.36,0.284,0.11199999999999999,0.035999999999999976,False,False,False,0.00027697282355857475,0.0002763577721886804,0.0002409198478810978
0.8,8,4.0,4.96458390561927,lag1,-0.03448350331248406,0,0.0,0.0,0.6485306147313318,0.004099713531936686,0.08780350061608201,0.07228915662650602,0.5343337439261243,0.003264035692744194,0.9994608233698651,0.03383899818529713,0.6137377475638677,0.24096385542168675,9.393447330284006e-07,-0.03372069645916507,1.2366150350184228,6.989900667484879,,,,,,False,False,False,0.00027697282355857475,0.0002763577721886804,0.0002409198478810978
0.8,8,4.0,4.96458390561927,tdiff_raw,6.692,0,0.0,0.0,0.6485306147313318,0.04226506024096386,0.11013010589647822,0.08835341365461848,0.2859000658025284,-0.030538152610440683,0.976789823173781,3.447212851405623,1.9621648639168325,1.0,6.838876861876014e-149,-3.447212851405622,0.6765629968258814,17.816789041874166,,,,,,False,False,False,0.00027697282355857475,0.0002763577721886804,0.0002409198478810978
0.8,8,4.0,4.96458390561927,lowfreq_cubic,0.05359966243495486,0,0.0,0.0,0.6485306147313318,0.0014576416913806309,0.08496365900508793,0.060240963855421686,0.7580212891445754,0.0009042088446393343,1.0067195928072812,0.012627522312996254,0.594277805618007,0.3132530120481928,3.3982133330088594e-11,0.012584915439576932,1.3487821010409449,6.994494029293307,,,,,,False,False,False,0.00027697282355857475,0.0002763577721886804,0.0002409198478810978
0.8,9,0.0,12.000000000000002,ferro_segers,1.0,0,0.0,0.0,0.43051921460732867,0.010261874272863517,0.09289671654902822,0.08433734939759036,0.3391499834431502,0.008388082587174273,0.9673252064462878,0.028994433020837023,0.2702001268230009,0.1646586345381526,0.0022997062504635296,0.02861949209138881,0.8925605649536913,2.908607934279293,1.0,1.0,1.0,0.0,0.0,False,False,False,0.00023404934113872047,0.00023574283445034866,0.00021340139496807864
0.8,9,0.0,12.000000000000002,lag1,0.17996616846857016,0,0.0,0.0,0.43051921460732867,0.006221984571364506,0.13815319880817026,0.10441767068273092,0.13246100083422654,-0.0038813461127610027,0.9241991455918153,0.1120672556668999,1.564398107419389,0.7991967871485943,1.2817867949779721e-79,-0.11206725566689993,0.9047152547893756,11.323647377804042,,,,,,False,False,False,0.00023404934113872047,0.00023574283445034866,0.00021340139496807864
0.8,9,0.0,12.000000000000002,tdiff_raw,16.896,0,0.0,0.0,0.43051921460732867,0.19921285140562242,0.1763293017588512,0.10040160642570281,0.162580932356576,0.18057831325301166,1.0032302973253502,6.621815261044178,1.9244617471792012,1.0,6.838876861876014e-149,-6.621815261044176,0.5944101166690162,10.914021254454314,,,,,,False,False,False,0.00023404934113872047,0.00023574283445034866,0.00021340139496807864
0.8,9,0.0,12.000000000000002,lowfreq_cubic,0.12241699011688624,0,0.0,0.0,0.43051921460732867,0.00134501465639317,0.059371588502274426,0.04819277108433735,0.9353620854703709,-0.00043672171468261967,1.0325681949182526,0.0420174465908282,1.451706890427632,0.7309236947791165,9.272129710849196e-65,-0.04201744659082819,0.7696211930850025,24.451205147930228,,,,,,False,False,False,0.00023404934113872047,0.00023574283445034866,0.00021340139496807864
0.8,9,4.0,4.96458390561927,ferro_segers,0.4886968085106383,0,0.0,0.0,0.6846052688192406,0.018083406797864653,0.1285258836062827,0.0963855421686747,0.19790442185864274,0.008648445576498243,1.054885851762435,0.052201983627172266,0.39931945223304094,0.2570281124497992,1.2330429214007485e-07,0.05215526038514606,0.8676790446546488,3.1069185523461207,0.012,0.036,0.012,0.023999999999999997,0.0,True,True,True,0.00023222547696567547,0.00023603706819334643,0.00021522270590948415
0.8,9,4.0,4.96458390561927,lag1,0.1278942808467941,0,0.0,0.0,0.6846052688192406,0.00608148156213633,0.1281865642898493,0.09236947791164658,0.23888908541520107,-0.005368331589589326,1.027365851703025,0.1575507657326741,1.665176538191762,0.8955823293172691,1.1720286706747602e-105,-0.1575507657326741,1.226689047407993,12.990257968272962,,,,,,False,False,False,0.00023222547696567547,0.00023603706819334643,0.00021522270590948415
0.8,9,4.0,4.96458390561927,tdiff_raw,5.26,0,0.0,0.0,0.6846052688192406,0.04176706827309237,0.11628273985642879,0.07630522088353414,0.46395181593171897,0.03768674698795227,1.0006529488448759,2.7982008032128514,1.9475957450322536,1.0,6.838876861876014e-149,-2.7982008032128514,0.774190945377861,16.748794768999094,,,,,,False,False,False,0.00023222547696567547,0.00023603706819334643,0.00021522270590948415
0.8,9,4.0,4.96458390561927,lowfreq_cubic,0.11823320364619871,0,0.0,0.0,0.6846052688192406,0.0015406998680283356,0.07511786606113739,0.05622489959839357,0.8271830307385587,-0.0001469679273570501,0.9379198740497355,0.023708178193521796,0.9565480268209188,0.4457831325301205,1.2137440383469644e-22,-0.023689213009793833,1.0567661127306691,12.733961665556166,,,,,,False,False,False,0.00023222547696567547,0.00023603706819334643,0.00021522270590948415
0.8,10,0.0,12.000000000000002,ferro_segers,1.0,0,0.0,0.0,0.42485982614370454,0.008687496806671989,0.1118175069932846,0.060240963855421686,0.7580212891445754,0.005403233526468432,0.8263339099141693,0.011189604662135876,0.1258932033415271,0.07630522088353414,0.46395181593171897,0.002892385576036882,1.0974880055754184,1.1258809709385373,1.0,1.0,1.0,0.0,0.0,False,False,False,0.0002342521017880034,0.00023347474722931549,0.00022001347466831222
0.8,10,0.0,12.000000000000002,lag1,0.17550317229657456,0,0.0,0.0,0.42485982614370454,0.01010374706707294,0.226357268528251,0.13654618473895583,0.01916707185272444,-0.009157373488106912,1.0360501570918466,0.06917465974869087,1.2585471105463146,0.606425702811245,5.54038738055849e-43,-0.06917465974869086,0.9574112250221867,5.560003081541132,,,,,,False,False,False,0.0002342521017880034,0.00023347474722931549,0.00022001347466831222
0.8,10,0.0,12.000000000000002,tdiff_raw,15.256,0,0.0,0.0,0.42485982614370454,0.09503614457831326,0.07839977561139949,0.05622489959839357,0.8271830307385587,0.027116465863457506,1.0113589531731353,7.454795180722892,1.931531272103174,1.0,6.838876861876014e-149,-7.454795180722892,0.5845326409805888,24.636948984102716,,,,,,False,False,False,0.0002342521017880034,0.00023347474722931549,0.00022001347466831222
0.8,10,0.0,12.000000000000002,lowfreq_cubic,0.13458440860233584,0,0.0,0.0,0.42485982614370454,0.0015043029418428477,0.07096515382532911,0.08433734939759036,0.3391499834431502,-0.00037196275647721766,0.9945962133196223,0.03909121507705025,1.3793262521731733,0.6867469879518072,2.5031784331836007e-56,-0.039091215077050254,0.9280266488306372,19.436669658578833,,,,,,False,False,False,0.0002342521017880034,0.00023347474722931549,0.00022001347466831222
0.8,10,4.0,4.96458390561927,ferro_segers,0.9335621260119676,0,0.0,0.0,0.6544524371162832,0.00839951495590711,0.0724044381979067,0.05220883534136546,0.8874650165235428,0.001242679518094203,1.0201173722079855,0.03376915441795218,0.30703538667493774,0.19678714859437751,0.00012428637703926925,0.03329600363029661,0.8900353147855387,4.240560307031155,0.432,0.44,0.252,0.008000000000000007,0.18,False,False,False,0.0002345740781079434,0.0002346964741743597,0.00021104060265329634
0.8,10,4.0,4.96458390561927,lag1,0.125623481469477,0,0.0,0.0,0.6544524371162832,0.004616936525486275,0.09634354556132294,0.04819277108433735,0.9353620854703709,0.0004349058499701769,1.0654787420605447,0.07940460536885466,1.214689587191387,0.5582329317269076,4.670415285500908e-36,-0.07940460536885466,1.2266822360267358,12.607897914844965,,,,,,False,False,False,0.0002345740781079434,0.0002346964741743597,0.00021104060265329634
0.8,10,4.0,4.96458390561927,tdiff_raw,5.488,0,0.0,0.0,0.6544524371162832,0.034795180722891575,0.09264597308229672,0.05220883534136546,0.8874650165235428,-0.007518072289157018,1.0561755047750938,3.1320642570281128,1.9570288606534978,1.0,6.838876861876014e-149,-3.1320642570281128,0.747752984554332,21.123733666384645,,,,,,False,False,False,0.0002345740781079434,0.0002346964741743597,0.00021104060265329634
0.8,10,4.0,4.96458390561927,lowfreq_cubic,0.1566836217304585,0,0.0,0.0,0.6544524371162832,0.0023135293423170995,0.1146547581206724,0.060240963855421686,0.7580212891445754,0.0019457976262291232,1.094141409086666,0.023669769529130972,0.9413288714678943,0.4779116465863454,4.1676332330768884e-26,-0.02366976952913097,1.2887078553033031,8.210116064063838,,,,,,False,False,False,0.0002345740781079434,0.0002346964741743597,0.00021104060265329634
0.8,11,0.0,12.000000000000002,ferro_segers,0.8357790342846886,0,0.0,0.0,0.3954389273737543,0.010189454965402286,0.08431220756455862,0.08433734939759036,0.3391499834431502,0.0025677408768459697,1.0208003554384502,0.0068505218196175666,0.05549483568723088,0.04417670682730924,0.96882223798433,-0.0032195273820392334,1.063198020747687,0.6582064126922228,0.3,0.336,0.3,0.03600000000000003,0.0,False,False,False,0.00023532575967983508,0.0002344581740194302,0.0002143033816864676
0.8,11,0.0,12.000000000000002,lag1,0.25279179284231656,0,0.0,0.0,0.3954389273737543,0.007543691431503916,0.1732445279850488,0.11244979919678715,0.08579151229374248,0.0007888120240493735,1.2299380924042695,0.07887558525782958,1.3512215736100028,0.6546184738955824,1.0594209910371731e-50,-0.07887558525782956,1.204409867693734,7.799505065618043,,,,,,False,False,False,0.00023532575967983508,0.0002344581740194302,0.0002143033816864676
0.8,11,0.0,12.000000000000002,tdiff_raw,15.196,0,0.0,0.0,0.3954389273737543,0.09778313253012053,0.08887802147730202,0.0642570281124498,0.6838841078891891,-0.03503614457831361,1.05320771913398,6.6689959839357424,1.9265443808482472,1.0,6.838876861876014e-149,-6.668995983935744,0.68340844895925,21.67627439074162,,,,,,False,False,False,0.00023532575967983508,0.0002344581740194302,0.0002143033816864676
0.8,11,0.0,12.000000000000002,lowfreq_cubic,0.20349594008416821,0,0.0,0.0,0.3954389273737543,0.0033798973890237045,0.1310684706909903,0.07228915662650602,0.5343337439261243,0.0024414243806581692,1.1419513985532532,0.007412987846369496,0.31158137360093163,0.14859437751004015,0.008114442209751042,-0.007356246309315667,0.958413074488637,2.377241238554769,,,,,,False,False,False,0.00023532575967983508,0.0002344581740194302,0.0002143033816864676
0.8,11,4.0,4.96458390561927,ferro_segers,1.0,0,0.0,0.0,0.6634881091229974,0.010557626630818618,0.08169284230417746,0.08433734939759036,0.3391499834431502,0.008150919790279154,0.9910862739638863,0.03848208973587003,0.3017678601924734,0.23293172690763053,2.4634697418511695e-06,0.03836873572742816,0.942417001024474,3.6939326834639767,1.0,1.0,1.0,0.0,0.0,False,False,False,0.00023440150891409635,0.0002355810038119739,0.00021526225735435137
0.8,11,4.0,4.96458390561927,lag1,0.13771371232923088,0,0.0,0.0,0.6634881091229974,0.0033779553717136887,0.06713333204822375,0.04819277108433735,0.9353620854703709,0.0011512449102967504,1.0553725503280489,0.10378353911155352,1.4101075806721424,0.7068273092369478,4.682674936439029e-60,-0.10378353911155352,1.1270230823461636,21.004582040694803,,,,,,False,False,False,0.00023440150891409635,0.0002355810038119739,0.00021526225735435137
0.8,11,4.0,4.96458390561927,tdiff_raw,5.5,0,0.0,0.0,0.6634881091229974,0.030457831325301214,0.08073254234952286,0.05622489959839357,0.8271830307385587,-0.028562248995984696,0.9931033533814623,2.9966425702811246,1.9513789184945205,1.0,6.838876861876014e-149,-2.996642570281125,0.7209649594507377,24.170908802131006,,,,,,False,False,False,0.00023440150891409635,0.0002355810038119739,0.00021526225735435137
0.8,11,4.0,4.96458390561927,lowfreq_cubic,0.15997752433381676,0,0.0,0.0,0.6634881091229974,0.002841886305971523,0.12624646462870595,0.08032128514056225,0.39861895108977546,-0.0005210176270572797,1.0278305152086593,0.05287335562353925,1.5136247782305243,0.7710843373493976,3.323811945654299e-73,-0.05287335562353922,1.0536738371029772,11.989442893962387,,,,,,False,False,False,0.00023440150891409635,0.0002355810038119739,0.00021526225735435137
0.8,12,0.0,12.000000000000002,ferro_segers,0.7482839734690729,0,0.0,0.0,0.38224697994446044,0.008195455522055393,0.06745099113319546,0.05622489959839357,0.8271830307385587,0.004838835450407197,0.9384778533281952,0.02132590465073278,0.18587885654505265,0.0963855421686747,0.19790442185864274,0.02132590465073292,0.8142938263257226,2.755761678549615,0.128,0.124,0.084,0.0040000000000000036,0.044,False,False,False,0.00022868933829687778,0.0002307855099291414,0.00021662245895029468
0.8,12,0.0,12.000000000000002,lag1,0.26124371651755185,0,0.0,0.0,0.38224697994446044,0.0030043923065145644,0.06604537633167677,0.04417670682730924,0.96882223798433,0.0006550663026142489,0.9691549181431227,0.09656650437323469,1.4186244953871137,0.678714859437751,6.970084504298261e-55,-0.09656650437323469,1.0739328923343432,21.479542917021575,,,,,,False,False,False,0.00022868933829687778,0.0002307855099291414,0.00021662245895029468
0.8,12,0.0,12.000000000000002,tdiff_raw,13.368,0,0.0,0.0,0.38224697994446044,0.07813654618473888,0.07392232262227108,0.07228915662650602,0.5343337439261243,-0.04363052208835505,1.0256372795526658,5.644096385542169,1.9047875139933004,1.0,6.838876861876014e-149,-5.644096385542169,0.685536779025658,25.767419724166057,,,,,,False,False,False,0.00022868933829687778,0.0002307855099291414,0.00021662245895029468
0.8,12,0.0,12.000000000000002,lowfreq_cubic,0.1455852168605957,0,0.0,0.0,0.38224697994446044,0.003391421831879393,0.14474037521467667,0.09236947791164658,0.23888908541520107,0.0017111666748307608,0.8882588991068141,0.008136740804044388,0.355152351316755,0.1566265060240964,0.004391396207776164,-0.008125000534697141,0.8116233286807519,2.4537199851112454,,,,,,False,False,False,0.00022868933829687778,0.0002307855099291414,0.00021662245895029468
0.8,12,4.0,4.96458390561927,ferro_segers,0.6416162295449451,0,0.0,0.0,0.6716524293889731,0.03004056596153895,0.21104726352020906,0.11646586345381527,0.06820366751163658,0.02972341840265902,0.8880023127276366,0.07929353435228273,0.5998366119459497,0.27309236947791166,1.4109241814598557e-08,0.0792935343522827,0.6473513102982852,2.842190900468647,0.108,0.064,0.024,0.044,0.08399999999999999,False,False,True,0.00022992154646267528,0.00023017093555264246,0.0002129996345266099
0.8,12,4.0,4.96458390561927,lag1,0.23550440634629244,0,0.0,0.0,0.6716524293889731,0.00675148221732548,0.1394558368485588,0.09236947791164658,0.23888908541520107,-0.006528062982206345,0.9880466961891491,0.14125114945540446,1.6193999012302125,0.8473895582329317,9.59652225654776e-92,-0.14125114945540446,1.100367388595216,11.612277677475616,,,,,,False,False,False,0.00022992154646267528,0.00023017093555264246,0.0002129996345266099
0.8,12,4.0,4.96458390561927,tdiff_raw,4.908,0,0.0,0.0,0.6716524293889731,0.051228915662650594,0.1371608301199642,0.07630522088353414,0.46395181593171897,0.05065060240963781,0.9627445867046474,2.855775100401607,1.9524295645672325,1.0,6.838876861876014e-149,-2.8557751004016074,0.5818644005194038,14.234600088520724,,,,,,False,False,False,0.00022992154646267528,0.00023017093555264246,0.0002129996345266099
0.8,12,4.0,4.96458390561927,lowfreq_cubic,0.10811875815902586,0,0.0,0.0,0.6716524293889731,0.0023157441347206073,0.11355709547727993,0.09236947791164658,0.23888908541520107,0.000210657508960016,1.0367028884631593,0.0369528122673281,1.346690531788982,0.6305220883534136,9.729839762866052e-47,-0.03695281226732812,1.0246490121655734,11.859149145448253,,,,,,False,False,False,0.00022992154646267528,0.00023017093555264246,0.0002129996345266099
0.8,13,0.0,12.000000000000002,ferro_segers,1.0,0,0.0,0.0,0.5153027205286496,0.004346520244827235,0.04421786484019248,0.040160642570281124,0.9882875890179591,-0.0031888580665668798,1.0312572183618838,0.01228303296432341,0.11511776472415587,0.07228915662650602,0.5343337439261243,-0.011271272684197586,1.193800073276137,2.6034220589392927,1.0,1.0,1.0,0.0,0.0,False,False,False,0.00026887568855409283,0.00026772657296743807,0.000234644242927319
0.8,13,0.0,12.000000000000002,lag1,0.2298368036315836,0,0.0,0.0,0.5153027205286496,0.006121280811175622,0.13121866097969148,0.08032128514056225,0.39861895108977546,-0.0032226785555464488,1.0260956416829932,0.07798682108542512,1.2746757961229336,0.6265060240963856,4.247650477122169e-46,-0.0779868210854251,1.0470892770201263,9.714135067421573,,,,,,False,False,False,0.00026887568855409283,0.00026772657296743807,0.000234644242927319
0.8,13,0.0,12.000000000000002,tdiff_raw,12.648,0,0.0,0.0,0.5153027205286496,0.14218473895582323,0.13027163414531373,0.07228915662650602,0.5343337439261243,0.07375100401606183,0.9669730395802979,7.6605140562248994,1.9473697816611655,1.0,6.838876861876014e-149,-7.6605140562248994,0.5089351840509043,14.948532690462173,,,,,,False,False,False,0.00026887568855409283,0.00026772657296743807,0.000234644242927319
0.8,13,0.0,12.000000000000002,lowfreq_cubic,0.19552639516946752,0,0.0,0.0,0.5153027205286496,0.0034990232237931207,0.1359653398517863,0.07228915662650602,0.5343337439261243,-0.0034238889390071636,1.029329832968966,0.0076084501430134805,0.3080573776962757,0.14457831325301204,0.01089544738500837,-0.0075608834605948305,0.9277262968807375,2.2657052012820476,,,,,,False,False,False,0.00026887568855409283,0.00026772657296743807,0.000234644242927319
0.8,13,4.0,4.96458390561927,ferro_segers,0.6582088864306784,0,0.0,0.0,0.6535056716741854,0.009142192296803547,0.06852870375796646,0.06827309236947791,0.6083540282919664,0.007703831284747387,0.9481770159960883,0.045810990614595,0.365636163969694,0.1927710843373494,0.0001842653749138924,0.04581099061459515,0.7875757220881806,5.335518460425913,0.088,0.088,0.04,0.0,0.047999999999999994,False,False,True,0.00026713453348222756,0.0002677193702330827,0.00023447846511666224
0.8,13,4.0,4.96458390561927,lag1,0.12696474182090547,0,0.0,0.0,0.6535056716741854,0.0028649714642732223,0.06487439819762722,0.05220883534136546,0.8874650165235428,-0.0005759537440941792,0.9604806803813396,0.07531230094150641,1.1865742186720531,0.5783132530120482,7.506171750957273e-39,-0.0753123009415064,1.2532611853417726,18.290331034090947,,,,,,False,False,False,0.00026713453348222756,0.0002677193702330827,0.00023447846511666224
0.8,13,4.0,4.96458390561927,tdiff_raw,6.36,0,0.0,0.0,0.6535056716741854,0.021333333333333343,0.06321538510171464,0.04819277108433735,0.9353620854703709,-0.0018634538152610958,1.0163485822354543,3.1614457831325304,1.9638679211558252,1.0,6.838876861876014e-149,-3.16144578313253,0.7527515864376408,31.066296883201726,,,,,,False,False,False,0.00026713453348222756,0.0002677193702330827,0.00023447846511666224
0.8,13,4.0,4.96458390561927,lowfreq_cubic,0.12996215528258842,0,0.0,0.0,0.6535056716741854,0.002109908166674216,0.09878526542551347,0.08032128514056225,0.39861895108977546,-0.0019416142317686125,0.9603467561895926,0.03089495034922132,1.039384599668097,0.5140562248995983,2.3829646205046384e-30,-0.03089495034922131,1.3119079126684607,10.521656192256811,,,,,,False,False,False,0.00026713453348222756,0.0002677193702330827,0.00023447846511666224
0.8,14,0.0,12.000000000000002,ferro_segers,0.7838481635162133,0,0.0,0.0,0.4302508699783496,0.007706393735359126,0.07019638460672938,0.04819277108433735,0.9353620854703709,-0.00099524922041061,1.082722712155801,0.017846252753605116,0.17024023824396065,0.08835341365461848,0.2859000658025284,0.014474470178489018,0.9855256738348146,2.425199519857297,0.156,0.144,0.116,0.01200000000000001,0.039999999999999994,False,False,False,0.00026376292519132943,0.000261221360674527,0.0002379572869859578
0.8,14,0.0,12.000000000000002,lag1,0.23737836696174283,0,0.0,0.0,0.4302508699783496,0.009112791293229451,0.20561845934499723,0.1646586345381526,0.0022997062504635296,-0.007214056383755746,0.9583760506407598,0.09861481640245502,1.4648952379495495,0.7389558232931727,2.1919295602052404e-66,-0.09861481640245502,1.0298675749899726,7.1243371952888035,,,,,,False,False,False,0.00026376292519132943,0.000261221360674527,0.0002379572869859578
0.8,14,0.0,12.000000000000002,tdiff_raw,13.82,0,0.0,0.0,0.4302508699783496,0.11314056224899596,0.1058989296913341,0.07630522088353414,0.46395181593171897,0.07824899598393742,1.009110882078471,6.821686746987953,1.9347843816001293,1.0,6.838876861876014e-149,-6.82168674698795,0.6087672871033564,18.270103269593648,,,,,,False,False,False,0.00026376292519132943,0.000261221360674527,0.0002379572869859578
0.8,14,0.0,12.000000000000002,lowfreq_cubic,0.19662747646550235,0,0.0,0.0,0.4302508699783496,0.0032789525480744334,0.12585403544226767,0.08835341365461848,0.2859000658025284,-0.00251105958697434,1.012888078139915,0.010159808491225926,0.397207954110829,0.18473895582329317,0.000395043106847021,-0.010017963202585328,0.9391500816541543,3.1561002610284583,,,,,,False,False,False,0.00026376292519132943,0.000261221360674527,0.0002379572869859578
0.8,14,4.0,4.96458390561927,ferro_segers,0.6675052966101694,0,0.0,0.0,0.6788788608833828,0.018844438791278152,0.12792633135587347,0.12048192771084337,0.053781672898600176,0.01571834067490052,1.0067649887904127,0.05576729395175084,0.40734812880497245,0.20080321285140562,8.313470036072165e-05,0.05576729395175073,0.8195570954276497,3.184239901883708,0.136,0.14,0.06,0.0040000000000000036,0.07600000000000001,False,False,False,0.0002687109348350056,0.00026202245861035655,0.00023293715476037973
0.8,14,4.0,4.96458390561927,lag1,0.17709553250536572,0,0.0,0.0,0.6788788608833828,0.009193203524605393,0.22517955566245704,0.13253012048192772,0.025112389635213027,-0.009115908111715434,1.0676075395140787,0.09971098590142134,1.3821372453207144,0.7028112449799196,2.689374118900794e-59,-0.09971098590142134,1.5900489189779232,6.137933975642641,,,,,,False,False,False,0.0002687109348350056,0.00026202245861035655,0.00023293715476037973
0.8,14,4.0,4.96458390561927,tdiff_raw,5.04,0,0.0,0.0,0.6788788608833828,0.06618473895582327,0.21335648280089947,0.1606425702811245,0.003190979958905346,0.05603212851405637,1.0471131044110733,2.8651887550200805,1.9621996809168325,1.0,6.838876861876014e-149,-2.8651887550200796,0.81419589270807,9.19681302933698,,,,,,False,False,False,0.0002687109348350056,0.00026202245861035655,0.00023293715476037973
0.8,14,4.0,4.96458390561927,lowfreq_cubic,0.1755216158313977,0,0.0,0.0,0.6788788608833828,0.0035625070652112976,0.1728272863253719,0.08433734939759036,0.3391499834431502,-0.003189060137926414,0.8723939757188003,0.021103217754163732,0.772932564707357,0.3815261044176707,1.542125928068808e-16,-0.020847082663701555,1.286197259728571,4.472283174383687,,,,,,False,False,False,0.0002687109348350056,0.00026202245861035655,0.00023293715476037973
0.8,15,0.0,12.000000000000002,ferro_segers,0.8596926127912742,0,0.0,0.0,0.38548880283427894,0.009734270677703893,0.08707848261012087,0.060240963855421686,0.7580212891445754,-0.0007690521195643507,1.109493677156374,0.020133160824635805,0.18857723465354687,0.13253012048192772,0.025112389635213027,0.01785010623151284,1.0103124138267046,2.1656008350290996,0.296,0.268,0.212,0.02799999999999997,0.08399999999999999,False,False,False,0.00024401033190336237,0.00024077979129055786,0.00022360308045803038
0.8,15,0.0,12.000000000000002,lag1,0.12458005523534951,0,0.0,0.0,0.38548880283427894,0.0038881627441791733,0.08568390638872538,0.07228915662650602,0.5343337439261243,0.002569683835759534,0.9455266395138083,0.0398123925704266,0.7906485788209809,0.41767068273092367,7.709746352022914e-20,-0.0398123925704266,0.9841546027041537,9.227503881930952,,,,,,False,False,False,0.00024401033190336237,0.00024077979129055786,0.00022360308045803038
0.8,15,0.0,12.000000000000002,tdiff_raw,18.056,0,0.0,0.0,0.38548880283427894,0.10934939759036154,0.08330634764985137,0.05622489959839357,0.8271830307385587,-0.06337349397589875,1.0891426467815528,7.775132530120483,1.925538367609172,1.0,6.838876861876014e-149,-7.77513253012048,0.6885525098361136,23.11394535867141,,,,,,False,False,False,0.00024401033190336237,0.00024077979129055786,0.00022360308045803038
0.8,15,0.0,12.000000000000002,lowfreq_cubic,0.13873334153449654,0,0.0,0.0,0.38548880283427894,0.0018290823600730732,0.08384555840967349,0.08433734939759036,0.3391499834431502,-0.0013095656409623235,0.9989967428084509,0.04272535408300333,1.4445812075586277,0.751004016064257,6.979028918819433e-69,-0.04272535408300332,0.8685195697556801,17.229072534770612,,,,,,False,False,False,0.00024401033190336237,0.00024077979129055786,0.00022360308045803038
0.8,15,4.0,4.96458390561927,ferro_segers,1.0,0,0.0,0.0,0.6694360791565336,0.00733573039978329,0.064975603825079,0.05220883534136546,0.8874650165235428,0.005825310267057682,0.9214801064516956,0.05060087135767848,0.36910181918964796,0.1686746987951807,0.0016437762900952488,-0.050600871357678545,1.2787490844489995,5.680621609662948,1.0,1.0,1.0,0.0,0.0,False,False,False,0.00023986418762375196,0.00023833408393455994,0.00022054337113263257
0.8,15,4.0,4.96458390561927,lag1,0.03973854751615581,0,0.0,0.0,0.6694360791565336,0.008397643522777434,0.16304657901731842,0.11646586345381527,0.06820366751163658,-0.008317814321060636,0.9410374003196843,0.035006324780888984,0.591751646675319,0.285140562248996,2.5347784509625005e-09,-0.03499527460904837,1.133292166411175,3.629341076898405,,,,,,False,False,False,0.00023986418762375196,0.00023833408393455994,0.00022054337113263257
0.8,15,4.0,4.96458390561927,tdiff_raw,6.26,0,0.0,0.0,0.6694360791565336,0.05868273092369482,0.14193009256065864,0.10040160642570281,0.162580932356576,0.0457028112449791,0.9484738221138974,3.630040160642571,1.9610368515026346,1.0,6.838876861876014e-149,-3.6300401606425705,0.6322259976612556,13.816920824345305,,,,,,False,False,False,0.00023986418762375196,0.00023833408393455994,0.00022054337113263257
0.8,15,4.0,4.96458390561927,lowfreq_cubic,0.13304351797957448,0,0.0,0.0,0.6694360791565336,0.0012900868840813105,0.06659607747319,0.05220883534136546,0.8874650165235428,-0.00072024798015137,0.9935469270698425,0.010668409467349739,0.43431116070182363,0.19678714859437751,0.00012428637703926925,-0.007116687338475619,1.4591091429277268,6.521572698882459,,,,,,False,False,False,0.00023986418762375196,0.00023833408393455994,0.00022054337113263257
0.8,16,0.0,12.000000000000002,ferro_segers,0.7795159581512382,0,0.0,0.0,0.4296814485179432,0.007582941211031598,0.08002735266785943,0.05622489959839357,0.8271830307385587,0.004330156824517095,0.8649849481008822,0.010484373599244248,0.10130649910566639,0.06827309236947791,0.6083540282919664,-0.007793802960777474,1.040956973921934,1.2658984175838146,0.088,0.088,0.128,0.0,0.04000000000000001,False,False,False,0.00025403667136567276,0.0002515326084682642,0.00023184843804864336
0.8,16,0.0,12.000000000000002,lag1,0.16659819730859907,0,0.0,0.0,0.4296814485179432,0.004287307461252974,0.09146926050336049,0.06827309236947791,0.6083540282919664,-0.0024998883948924855,1.019976706426411,0.06590293723672362,1.130737463457242,0.5220883534136547,2.4152005618885227e-31,-0.06590293723672364,1.07046544953456,12.361939489121458,,,,,,False,False,False,0.00025403667136567276,0.0002515326084682642,0.00023184843804864336
0.8,16,0.0,12.000000000000002,tdiff_raw,16.76,0,0.0,0.0,0.4296814485179432,0.09762248995983935,0.08879345461267946,0.05622489959839357,0.8271830307385587,-0.07095582329317196,0.9970322848843134,6.713269076305221,1.9276912095410317,1.0,6.838876861876014e-149,-6.71326907630522,0.620180244358178,21.709834558748444,,,,,,False,False,False,0.00025403667136567276,0.0002515326084682642,0.00023184843804864336
0.8,16,0.0,12.000000000000002,lowfreq_cubic,0.14895223662233179,0,0.0,0.0,0.4296814485179432,0.003213575789446689,0.1278313205352183,0.07630522088353414,0.46395181593171897,0.0006369887611887282,0.927678868990803,0.01368929173742817,0.5214745971557171,0.21686746987951808,1.5306841255371312e-05,-0.013689291737428166,0.9438848634315471,4.079396152463618,,,,,,False,False,False,0.00025403667136567276,0.0002515326084682642,0.00023184843804864336
0.8,16,4.0,4.96458390561927,ferro_segers,1.0,0,0.0,0.0,0.6549504151832788,0.01721677816702736,0.12460779004009039,0.0963855421686747,0.19790442185864274,0.01578025264654148,0.9210425907296675,0.07861213069612816,0.564789792903916,0.3253012048192771,4.688119727411424e-12,0.07855594019137069,0.8554024280007535,4.532540001890734,1.0,1.0,1.0,0.0,0.0,False,False,False,0.0002565121790845587,0.00025445946933441065,0.00022817072875537487
0.8,16,4.0,4.96458390561927,lag1,0.005388889729409777,0,0.0,0.0,0.6549504151832788,0.0025458170138332897,0.05685958532470429,0.040160642570281124,0.9882875890179591,0.00046175231107334347,0.9818035261065322,0.11301374872804737,1.4413974957926003,0.7228915662650602,3.6624121894963375e-63,-0.1130137487280474,1.3740996354674575,25.350123247668467,,,,,,False,False,False,0.0002565121790845587,0.00025445946933441065,0.00022817072875537487
0.8,16,4.0,4.96458390561927,tdiff_raw,6.84,0,0.0,0.0,0.6549504151832788,0.03945381526104416,0.11271778492986206,0.07228915662650602,0.5343337439261243,0.02554216867469883,0.9751799697475403,2.8800642570281125,1.9533864059070232,1.0,6.838876861876014e-149,-2.8800642570281125,0.7282910868050149,17.329886380596356,,,,,,False,False,False,0.0002565121790845587,0.00025445946933441065,0.00022817072875537487
0.8,16,4.0,4.96458390561927,lowfreq_cubic,0.1269162401197554,0,0.0,0.0,0.6549504151832788,0.001906957921679971,0.08890324568594127,0.05622489959839357,0.8271830307385587,0.0017742942114436777,0.9881499431761677,0.03373477183623954,1.1586299514681315,0.5943775100401606,3.519650352265024e-41,-0.03373477183623953,1.1921440054656613,13.032482026146528,,,,,,False,False,False,0.0002565121790845587,0.00025445946933441065,0.00022817072875537487
0.8,17,0.0,12.000000000000002,ferro_segers,1.0,0,0.0,0.0,0.38970847476274095,0.004617754011564374,0.06463978194668754,0.0321285140562249,0.9995546982198918,-0.0022847663103112703,1.00259812161065,0.004720065487376359,0.06628511825936542,0.0321285140562249,0.9995546982198918,-0.0011365471015399864,0.9963482814767097,1.0254539273358605,1.0,1.0,1.0,0.0,0.0,False,False,False,0.0002458886548365858,0.00024932180831943677,0.00023073417568862306
0.8,17,0.0,12.000000000000002,lag1,0.20799816676138133,0,0.0,0.0,0.38970847476274095,0.003798469418320903,0.09398834022768288,0.05622489959839357,0.8271830307385587,0.0021725881286027704,1.0476782723522975,0.04246371255844929,0.9039564476465131,0.42168674698795183,3.157946952099781e-20,-0.04246371255844929,1.1205040398216983,9.617750940773146,,,,,,False,False,False,0.0002458886548365858,0.00024932180831943677,0.00023073417568862306
0.8,17,0.0,12.000000000000002,tdiff_raw,15.12,0,0.0,0.0,0.38970847476274095,0.11574297188755024,0.10180004989175771,0.07630522088353414,0.46395181593171897,-0.026489959839356203,0.9723785125492624,7.392771084337349,1.9327674760143851,1.0,6.838876861876014e-149,-7.392771084337349,0.6436830001187562,18.985918750230923,,,,,,False,False,False,0.0002458886548365858,0.00024932180831943677,0.00023073417568862306
0.8,17,0.0,12.000000000000002,lowfreq_cubic,0.09983649341779569,0,0.0,0.0,0.38970847476274095,0.0018472642213463602,0.11346876293991696,0.06827309236947791,0.6083540282919664,0.00032026933126474977,1.0956959117195724,0.026979018592506687,1.328804603220189,0.6586345381526104,2.206058237995082e-51,-0.026979018592506676,0.9533644981447433,11.710752534808147,,,,,,False,False,False,0.0002458886548365858,0.00024932180831943677,0.00023073417568862306
0.8,17,4.0,4.96458390561927,ferro_segers,0.9809286898839138,0,0.0,0.0,0.6571957201581905,0.00793780438859692,0.09071931753599069,0.10843373493975904,0.10703865187580967,-0.006313507455040002,0.9967597578309164,0.051777286174476043,0.4304231435475778,0.18473895582329317,0.000395043106847021,-0.05177728617447597,1.6117710092369515,4.744558879389863,0.316,0.384,0.492,0.068,0.176,False,False,False,0.00024863041745981884,0.00024597393553644993,0.00022605694684340894
0.8,17,4.0,4.96458390561927,lag1,0.06294721038166788,0,0.0,0.0,0.6571957201581905,0.004926983144486891,0.11809557210023239,0.08032128514056225,0.39861895108977546,0.004749338102784974,0.9592552039118826,0.038548984204594315,0.7294048508331546,0.3413654618473896,2.94753996089393e-13,-0.03848861311711482,1.2963881840656335,6.17639457484548,,,,,,False,False,False,0.00024863041745981884,0.00024597393553644993,0.00022605694684340894
0.8,17,4.0,4.96458390561927,tdiff_raw,6.52,0,0.0,0.0,0.6571957201581905,0.028449799196787164,0.07527135850527773,0.04417670682730924,0.96882223798433,-0.022795180722891217,0.9581898447341434,3.6239357429718875,1.9655563710177906,1.0,6.838876861876014e-149,-3.623935742971888,0.6864355948259461,26.1129387066921,,,,,,False,False,False,0.00024863041745981884,0.00024597393553644993,0.00022605694684340894
0.8,17,4.0,4.96458390561927,lowfreq_cubic,0.07015941994589425,0,0.0,0.0,0.6571957201581905,0.0018167301664923491,0.11026521767645929,0.08032128514056225,0.39861895108977546,0.0011398230415723687,0.9389750393775123,0.0053444258969630645,0.2672851730878257,0.1646586345381526,0.0022997062504635296,-0.0031932888348050192,1.325503457161277,2.4240207267544025,,,,,,False,False,False,0.00024863041745981884,0.00024597393553644993,0.00022605694684340894
0.8,18,0.0,12.000000000000002,ferro_segers,1.0,0,0.0,0.0,0.4472943377733716,0.006554532311408465,0.05840485826116536,0.05220883534136546,0.8874650165235428,0.0019991376100543246,0.9678640583314317,0.05284759061449501,0.5206938099184426,0.2248995983935743,6.24523085300579e-06,0.052516677843315596,0.6913402184145592,8.915248241680164,1.0,1.0,1.0,0.0,0.0,False,False,False,0.0002478227025262852,0.0002453948163646279,0.00022514170440761732
0.8,18,0.0,12.000000000000002,lag1,0.21267279937560835,0,0.0,0.0,0.4472943377733716,0.0027750088994644906,0.06357377364041861,0.04417670682730924,0.96882223798433,0.0013450239273901654,0.9429796681372442,0.09989361373476945,1.4637525967272023,0.7269076305220884,5.8768939784941227e-64,-0.0998936137347694,1.0676620447179814,23.024472402823704,,,,,,False,False,False,0.0002478227025262852,0.0002453948163646279,0.00022514170440761732
0.8,18,0.0,12.000000000000002,tdiff_raw,14.292,0,0.0,0.0,0.4472943377733716,0.08907630522088351,0.08376638057453653,0.08433734939759036,0.3391499834431502,-0.02318072289156703,0.9366560412245293,7.136947791164658,1.9395169265786303,1.0,6.838876861876014e-149,-7.13694779116466,0.5447072114985216,23.153882420081374,,,,,,False,False,False,0.0002478227025262852,0.0002453948163646279,0.00022514170440761732
0.8,18,0.0,12.000000000000002,lowfreq_cubic,0.1473093547141261,0,0.0,0.0,0.4472943377733716,0.002982451016577144,0.11759799198015644,0.08835341365461848,0.2859000658025284,0.002769023358999201,1.0365900779578396,0.03771214352046373,1.2838176158512908,0.6144578313253012,3.2671382761745514e-44,-0.03770784017037056,0.7994828075385902,10.917002869129876,,,,,,False,False,False,0.0002478227025262852,0.0002453948163646279,0.00022514170440761732
0.8,18,4.0,4.96458390561927,ferro_segers,1.0,0,0.0,0.0,0.61970559996085,0.022275864165180424,0.1672391848880123,0.10441767068273092,0.13246100083422654,0.016400403161169863,1.0256177616522448,0.055436706540008235,0.43805592146572003,0.24096385542168675,9.393447330284006e-07,0.05543670654000821,0.877453455839606,2.6193378170256634,1.0,1.0,1.0,0.0,0.0,False,False,False,0.00024532762953301154,0.0002452695560277949,0.00022089849222534655
0.8,18,4.0,4.96458390561927,lag1,0.04162595439468453,0,0.0,0.0,0.61970559996085,0.0037645327813791516,0.07567356168382565,0.04819277108433735,0.9353620854703709,0.001337266662286285,0.9363619465706581,0.12244234467947918,1.455845160971966,0.7228915662650602,3.6624121894963375e-63,-0.12244234467947918,1.23151774748436,19.2384913380272,,,,,,False,False,False,0.00024532762953301154,0.0002452695560277949,0.00022089849222534655
0.8,18,4.0,4.96458390561927,tdiff_raw,6.648,0,0.0,0.0,0.61970559996085,0.02865863453815263,0.07269838979142909,0.04819277108433735,0.9353620854703709,0.00793574297188826,0.935129104555808,2.86595983935743,1.939836668042079,1.0,6.838876861876014e-149,-2.8659598393574304,0.7144950763487251,26.683351221497798,,,,,,False,False,False,0.00024532762953301154,0.0002452695560277949,0.00022089849222534655
0.8,18,4.0,4.96458390561927,lowfreq_cubic,0.12673816295071602,0,0.0,0.0,0.61970559996085,0.0013930140615878274,0.06410518249963898,0.04819277108433735,0.9353620854703709,0.00036857557373612404,0.982069500017275,0.047347232367799585,1.4476582728373493,0.7068273092369478,4.682674936439029e-60,-0.04734723236779961,1.0554880789864352,22.5825466271074,,,,,,False,False,False,0.00024532762953301154,0.0002452695560277949,0.00022089849222534655
0.8,19,0.0,12.000000000000002,ferro_segers,1.0,0,0.0,0.0,0.4377789882481418,0.005009365605073186,0.06211572364163393,0.03614457831325301,0.9969611680609808,-0.0015194655700127013,1.108203381114202,0.015082271855166942,0.1750490524087361,0.08835341365461848,0.2859000658025284,-0.015082271855167084,1.2344850624076584,2.818111778245536,1.0,1.0,1.0,0.0,0.0,False,False,False,0.00025596989884991555,0.0002515831720104747,0.0002340441526672424
0.8,19,0.0,12.000000000000002,lag1,0.10434716700465879,0,0.0,0.0,0.4377789882481418,0.0027869318667108818,0.06214210656979134,0.05220883534136546,0.8874650165235428,2.0801662044406255e-06,0.9852062915719204,0.07388970799462487,1.2297569222770433,0.5622489959839357,1.3206829856172233e-36,-0.07388970799462488,1.0941444261555,19.78943087318568,,,,,,False,False,False,0.00025596989884991555,0.0002515831720104747,0.0002340441526672424
0.8,19,0.0,12.000000000000002,tdiff_raw,14.232,0,0.0,0.0,0.4377789882481418,0.10693975903614453,0.0838507994744153,0.07228915662650602,0.5343337439261243,-0.005927710843376843,1.0212932214989352,8.17098795180723,1.9399167495792955,1.0,6.838876861876014e-149,-8.170987951807232,0.5259420470799735,23.135339934011995,,,,,,False,False,False,0.00025596989884991555,0.0002515831720104747,0.0002340441526672424
0.8,19,0.0,12.000000000000002,lowfreq_cubic,0.07797204709851953,0,0.0,0.0,0.4377789882481418,0.0022490425597238442,0.1191489597388531,0.09236947791164658,0.23888908541520107,-0.0011099125738549959,1.0477306534914856,0.012732463276094133,0.6580710346321568,0.30522088353413657,1.2174228314471382e-10,-0.012732463276094147,0.9831727505390369,5.523095091006169,,,,,,False,False,False,0.00025596989884991555,0.0002515831720104747,0.0002340441526672424
0.8,19,4.0,4.96458390561927,ferro_segers,0.9491626794258373,0,0.0,0.0,0.6688850043603389,0.01102838031462472,0.07852245753194052,0.0642570281124498,0.6838841078891891,-0.009286641196042167,1.0256407374080923,0.027186850809591486,0.20555105601315904,0.14457831325301204,0.01089544738500837,0.02718685080959149,0.8957926953053538,2.617735899688883,0.536,0.56,0.44,0.02400000000000002,0.09600000000000003,False,False,False,0.0002550135670230766,0.00025594232521324885,0.00022822913423326446
0.8,19,4.0,4.96458390561927,lag1,0.10568395333020293,0,0.0,0.0,0.6688850043603389,0.009161722882801688,0.20109143558702797,0.10040160642570281,0.162580932356576,0.008394568354551242,1.0330891436461587,0.012002480128907308,0.22845049435592787,0.0963855421686747,0.19790442185864274,-0.0009840863395140214,1.3313238705434844,1.1360528293461727,,,,,,False,False,False,0.0002550135670230766,0.00025594232521324885,0.00022822913423326446
0.8,19,4.0,4.96458390561927,tdiff_raw,5.36,0,0.0,0.0,0.6688850043603389,0.07320481927710841,0.19609293548019446,0.12449799196787148,0.04206533980817979,-0.0647550200803213,1.0859034845712032,3.3809156626506023,1.964893300925996,1.0,6.838876861876014e-149,-3.3809156626506027,0.7298142416483038,10.02021462993725,,,,,,False,False,False,0.0002550135670230766,0.00025594232521324885,0.00022822913423326446
0.8,19,4.0,4.96458390561927,lowfreq_cubic,0.08485007746782909,0,0.0,0.0,0.6688850043603389,0.0037963307907070473,0.2232928435057619,0.12449799196787148,0.04206533980817979,0.0037891586022146956,1.0572745381476971,0.021693053669589686,0.8925948566983714,0.41767068273092367,7.709746352022914e-20,0.021689960215332788,1.5835925173579073,3.9974181110526037,,,,,,False,False,False,0.0002550135670230766,0.00025594232521324885,0.00022822913423326446
0.8,20,0.0,12.000000000000002,ferro_segers,1.0,0,0.0,0.0,0.42062280133646485,0.00581556711648991,0.057130089523391846,0.060240963855421686,0.7580212891445754,-0.0027725272696477177,1.0013744920707457,0.023690986847887646,0.24212750502513847,0.14457831325301204,0.01089544738500837,0.023361166934811717,0.9078836086536125,4.238178288273037,1.0,1.0,1.0,0.0,0.0,False,False,False,0.00024256734931385563,0.00024139027082230522,0.00021952792902150858
0.8,20,0.0,12.000000000000002,lag1,0.20684806188518295,0,0.0,0.0,0.42062280133646485,0.002527856724038305,0.05715869685388004,0.03614457831325301,0.9969611680609808,0.0002899089247053732,1.0412797958649516,0.0863852014294075,1.3775473355281378,0.6345381526104418,2.1993740987313924e-47,-0.08638520142940753,1.0947938767589735,24.10039786333238,,,,,,False,False,False,0.00024256734931385563,0.00024139027082230522,0.00021952792902150858
0.8,20,0.0,12.000000000000002,tdiff_raw,14.524,0,0.0,0.0,0.42062280133646485,0.052738955823293195,0.049494521835155195,0.05622489959839357,0.8271830307385587,-0.0387630522088358,1.0243521992451456,6.535052208835341,1.9316333410287347,1.0,6.838876861876014e-149,-6.535052208835342,0.5915290391046025,39.02721492011034,,,,,,False,False,False,0.00024256734931385563,0.00024139027082230522,0.00021952792902150858
0.8,20,0.0,12.000000000000002,lowfreq_cubic,0.10554873368301539,0,0.0,0.0,0.42062280133646485,0.0015362241967931697,0.0723857852131727,0.05622489959839357,0.8271830307385587,-0.000540858153106033,1.0094998322307145,0.017191058269078328,0.7823704832650663,0.3493975903614458,7.000145543231746e-14,-0.017191058269078324,0.912581445473611,10.808344220636851,,,,,,False,False,False,0.00024256734931385563,0.00024139027082230522,0.00021952792902150858
0.8,20,4.0,4.96458390561927,ferro_segers,1.0,0,0.0,0.0,0.6447764056761328,0.029001428049955043,0.20792200573921787,0.0963855421686747,0.19790442185864274,-0.028978873697694696,1.1534857185162681,0.01940639035442103,0.15154302076765014,0.12048192771084337,0.053781672898600176,0.017684253285340512,0.9881326876920041,0.728845512185561,1.0,1.0,1.0,0.0,0.0,False,False,False,0.00024181825863777532,0.0002423504615835881,0.00021464574150246893
0.8,20,4.0,4.96458390561927,lag1,0.1383482469038314,0,0.0,0.0,0.6447764056761328,0.006969028061395776,0.13999615402780702,0.08032128514056225,0.39861895108977546,0.005701232242322107,0.9596192541547437,0.08753740196870613,1.2120231255884013,0.6104417670682731,1.3540098835280101e-43,-0.08753740196870613,1.2505692815466276,8.657545873350578,,,,,,False,False,False,0.00024181825863777532,0.0002423504615835881,0.00021464574150246893
0.8,20,4.0,4.96458390561927,tdiff_raw,5.692,0,0.0,0.0,0.6447764056761328,0.05726907630522085,0.1414445022140797,0.08032128514056225,0.39861895108977546,-0.04971887550200815,0.9913840385437457,3.1192610441767066,1.9507259925820988,1.0,6.838876861876014e-149,-3.119261044176707,0.6718522729159817,13.791458572420254,,,,,,False,False,False,0.00024181825863777532,0.0002423504615835881,0.00021464574150246893
0.8,20,4.0,4.96458390561927,lowfreq_cubic,0.09550846341811059,0,0.0,0.0,0.6447764056761328,0.003281131538321942,0.17224967456397053,0.08433734939759036,0.3391499834431502,0.003193795842802105,1.0097232218835845,0.00828626314933657,0.3437256786894101,0.14859437751004015,0.008114442209751042,0.004521259347528839,1.492916692568936,1.9955084359927449,,,,,,False,False,False,0.00024181825863777532,0.0002423504615835881,0.00021464574150246893
0.8,21,0.0,12.000000000000002,ferro_segers,1.0,0,0.0,0.0,0.43571457798748153,0.009397934343959479,0.10236328483368111,0.07630522088353414,0.46395181593171897,-0.007648368496974256,1.0340379327761924,0.00554826184560683,0.05921943520287345,0.07630522088353414,0.46395181593171897,-0.0039313715423174855,1.075945533433615,0.5785222240483201,1.0,1.0,1.0,0.0,0.0,False,False,False,0.0002417521477922019,0.0002401026995190174,0.00022000664990174244
0.8,21,0.0,12.000000000000002,lag1,0.16611457842618335,0,0.0,0.0,0.43571457798748153,0.006463226889844417,0.14815543766227418,0.10040160642570281,0.162580932356576,0.0062363699622733915,1.0854348890133008,0.09076049911031887,1.4438389259212967,0.7108433734939759,8.024302121127913e-61,-0.09076049911031885,1.0825541000105785,9.745433233524452,,,,,,False,False,False,0.0002417521477922019,0.0002401026995190174,0.00022000664990174244
0.8,21,0.0,12.000000000000002,tdiff_raw,16.012,0,0.0,0.0,0.43571457798748153,0.19747791164658646,0.16022079402254183,0.11646586345381527,0.06820366751163658,-0.1323212851405593,1.1781382244425669,8.115036144578314,1.9444539324126855,1.0,6.838876861876014e-149,-8.115036144578312,0.6721709781750914,12.136089727149297,,,,,,False,False,False,0.0002417521477922019,0.0002401026995190174,0.00022000664990174244
0.8,21,0.0,12.000000000000002,lowfreq_cubic,0.1042948547669067,0,0.0,0.0,0.43571457798748153,0.002221960635341276,0.11941026569838724,0.08433734939759036,0.3391499834431502,0.0020937819068012897,1.041107384772993,0.0031908713534389344,0.1678425991908436,0.09236947791164658,0.23888908541520107,0.0030869979314857854,1.080613371131373,1.405596061688598,,,,,,False,False,False,0.0002417521477922019,0.0002401026995190174,0.00022000664990174244
0.8,21,4.0,4.96458390561927,ferro_segers,1.0,0,0.0,0.0,0.649020297319925,0.006730403375291187,0.0599937110840456,0.0321285140562249,0.9995546982198918,0.0035451719563945883,0.9014826794080284,0.012176878853827339,0.0957739108931823,0.0642570281124498,0.6838841078891891,-0.012153245054092321,1.1504267597168207,1.5963991752237225,1.0,1.0,1.0,0.0,0.0,False,False,False,0.000239379839293701,0.00023908122726281272,0.00021659034698967182
0.8,21,4.0,4.96458390561927,lag1,0.0493326961240375,0,0.0,0.0,0.649020297319925,0.004057447626053118,0.0918364647439286,0.06827309236947791,0.6083540282919664,-0.000289163880977078,1.0972598014757138,0.10673473716454271,1.4505207688640978,0.7228915662650602,3.6624121894963375e-63,-0.10673473716454271,1.3752750905743252,15.794605910719982,,,,,,False,False,False,0.000239379839293701,0.00023908122726281272,0.00021659034698967182
0.8,21,4.0,4.96458390561927,tdiff_raw,6.26,0,0.0,0.0,0.649020297319925,0.060819277108433746,0.15719001345184094,0.08032128514056225,0.39861895108977546,0.02942971887550172,1.0629611468058582,3.273606425702811,1.960084471596517,1.0,6.838876861876014e-149,-3.273606425702811,0.7026482823440925,12.469522894958114,,,,,,False,False,False,0.000239379839293701,0.00023908122726281272,0.00021659034698967182
0.8,21,4.0,4.96458390561927,lowfreq_cubic,0.09943150172746332,0,0.0,0.0,0.649020297319925,0.001646571420476117,0.10016658200453979,0.060240963855421686,0.7580212891445754,-0.0009832584750455314,0.9285801627428742,0.004372266042050352,0.21739617391915997,0.09236947791164658,0.23888908541520107,-0.0005268226071296483,1.3377769219494053,2.170346332765002,,,,,,False,False,False,0.000239379839293701,0.00023908122726281272,0.00021659034698967182
0.8,22,0.0,12.000000000000002,ferro_segers,1.0,0,0.0,0.0,0.4299560993344412,0.003146628748997936,0.04544901755265362,0.040160642570281124,0.9882875890179591,-0.0013730512709280163,0.983781517520533,0.019044362969042675,0.22494227934257624,0.0963855421686747,0.19790442185864274,-0.019044362969042772,1.3804405802097655,4.949332052820967,1.0,1.0,1.0,0.0,0.0,False,False,False,0.0002534895185115618,0.00025004218080767196,0.00022184094199835725
0.8,22,0.0,12.000000000000002,lag1,0.16409986990517733,0,0.0,0.0,0.4299560993344412,0.003994064430240041,0.09469978297934718,0.08032128514056225,0.39861895108977546,0.0018858004179615195,1.0139076570413705,0.019065494998311523,0.43473349529617183,0.19678714859437751,0.00012428637703926925,-0.019065494998311547,1.0440197782834173,4.590649330114907,,,,,,False,False,False,0.0002534895185115618,0.00025004218080767196,0.00022184094199835725
0.8,22,0.0,12.000000000000002,tdiff_raw,17.604,0,0.0,0.0,0.4299560993344412,0.11805622489959842,0.10095372327732531,0.08032128514056225,0.39861895108977546,-0.07519678714859523,1.0330820853286706,8.404610441767069,1.9490904581283943,1.0,6.838876861876014e-149,-8.404610441767069,0.6003820233067085,19.306771408263156,,,,,,False,False,False,0.0002534895185115618,0.00025004218080767196,0.00022184094199835725
0.8,22,0.0,12.000000000000002,lowfreq_cubic,0.15333530886912772,0,0.0,0.0,0.4299560993344412,0.002338760276961584,0.11928353972996752,0.10040160642570281,0.162580932356576,0.001878096794832959,0.9843926029993556,0.023049665050979943,1.0080235777106905,0.4859437751004016,5.119110035794287e-27,0.023049665050979953,1.0005153941595601,8.450651112405218,,,,,,False,False,False,0.0002534895185115618,0.00025004218080767196,0.00022184094199835725
0.8,22,4.0,4.96458390561927,ferro_segers,0.9241934284864705,0,0.0,0.0,0.6498958120002314,0.005942112122226004,0.0688227542596904,0.07630522088353414,0.46395181593171897,-0.0032049845400107246,0.9614981337357447,0.08517411807713705,0.6254255673639465,0.26907630522088355,2.4574888215537047e-08,-0.08517411807713693,1.822193139469829,9.087482389966631,0.236,0.26,0.484,0.02400000000000002,0.248,False,False,False,0.0002513999676716377,0.0002498476257197597,0.00022103332241802927
0.8,22,4.0,4.96458390561927,lag1,0.03800549661906979,0,0.0,0.0,0.6498958120002314,0.005822027982127524,0.14139113270113526,0.07630522088353414,0.46395181593171897,-0.00443281944010316,0.9530373741513918,0.08176813341438548,1.238194514747861,0.5983935742971888,8.93177601956702e-42,-0.08176813341438548,1.4254956460155064,8.757228908867143,,,,,,False,False,False,0.0002513999676716377,0.0002498476257197597,0.00022103332241802927
0.8,22,4.0,4.96458390561927,tdiff_raw,6.288,0,0.0,0.0,0.6498958120002314,0.07863453815261046,0.22270840101079614,0.15261044176706828,0.005993943563690842,0.07635341365461823,0.9800003594504049,3.112722891566265,1.9559113135838553,1.0,6.838876861876014e-149,-3.1127228915662646,0.8243704771663697,8.782386765414524,,,,,,False,False,False,0.0002513999676716377,0.0002498476257197597,0.00022103332241802927
0.8,22,4.0,4.96458390561927,lowfreq_cubic,0.11832209218168495,0,0.0,0.0,0.6498958120002314,0.0013757198286854515,0.06828303642637797,0.060240963855421686,0.7580212891445754,-0.0003045543697331038,0.9849277068759729,0.019683925409090204,0.8047374091152887,0.36947791164658633,1.6392400598643301e-15,-0.019582757013396762,1.1990361750164709,11.785319623021394,,,,,,False,False,False,0.0002513999676716377,0.0002498476257197597,0.00022103332241802927
0.8,23,0.0,12.000000000000002,ferro_segers,1.0,0,0.0,0.0,0.41625774331679577,0.02032102367908952,0.21275854804902822,0.10441767068273092,0.13246100083422654,-0.0203210236790895,1.2120108988704523,0.011672305722436827,0.14581095989326393,0.09236947791164658,0.23888908541520107,0.011304104398875747,0.8633996600041306,0.685335377733742,1.0,1.0,1.0,0.0,0.0,False,False,False,0.0002444343091229598,0.00024714082534606116,0.00022483327883075907
0.8,23,0.0,12.000000000000002,lag1,0.20364401929609383,0,0.0,0.0,0.41625774331679577,0.004895222494051525,0.10971639939710578,0.06827309236947791,0.6083540282919664,0.0007712947515357838,1.119523468865377,0.06991071636242792,1.2073498375953942,0.5622489959839357,1.3206829856172233e-36,-0.06991071636242793,1.187263286125095,11.004278706098624,,,,,,False,False,False,0.0002444343091229598,0.00024714082534606116,0.00022483327883075907
0.8,23,0.0,12.000000000000002,tdiff_raw,13.94,0,0.0,0.0,0.41625774331679577,0.11742971887550209,0.10046036196770555,0.07630522088353414,0.46395181593171897,-0.015871485943772967,1.0165640495927175,7.337638554216867,1.934677897483312,1.0,6.838876861876014e-149,-7.337638554216866,0.5790162578974729,19.25812190588387,,,,,,False,False,False,0.0002444343091229598,0.00024714082534606116,0.00022483327883075907
0.8,23,0.0,12.000000000000002,lowfreq_cubic,0.09178041708612392,0,0.0,0.0,0.41625774331679577,0.002833616238059895,0.13101540093639552,0.08032128514056225,0.39861895108977546,0.001790488712732699,1.1349126436764005,0.030456626625174073,1.264634191290712,0.6224899598393574,1.83010472684519e-45,-0.03045662662517408,0.8386485896027043,9.6525613191433,,,,,,False,False,False,0.0002444343091229598,0.00024714082534606116,0.00022483327883075907
0.8,23,4.0,4.96458390561927,ferro_segers,1.0,0,0.0,0.0,0.6333540137579471,0.007488769337388964,0.06592983885601376,0.08032128514056225,0.39861895108977546,0.006779827338396105,0.9623266254454833,0.007707739154448481,0.06437487363720086,0.05622489959839357,0.8271830307385587,-0.0012441348094986981,1.0686291198073756,0.9764148487878179,1.0,1.0,1.0,0.0,0.0,False,False,False,0.0002454342083802133,0.0002438572702648918,0.0002204358033912564
0.8,23,4.0,4.96458390561927,lag1,0.1130558610804536,0,0.0,0.0,0.6333540137579471,0.0037094913913606944,0.08217195900482027,0.05622489959839357,0.8271830307385587,0.003023661810423406,0.9918069172462787,0.03820432936078387,0.7067787572318117,0.3453815261044177,1.4429747868256851e-13,-0.03820432936078388,1.221074627807112,8.601215862339888,,,,,,False,False,False,0.0002454342083802133,0.0002438572702648918,0.0002204358033912564
0.8,23,4.0,4.96458390561927,tdiff_raw,5.764,0,0.0,0.0,0.6333540137579471,0.04865863453815258,0.12609309040167485,0.06827309236947791,0.6083540282919664,-0.038313253012047355,0.9082630004673775,3.3906506024096386,1.9597808353153772,1.0,6.838876861876014e-149,-3.3906506024096386,0.6269676344183408,15.542333279899772,,,,,,False,False,False,0.0002454342083802133,0.0002438572702648918,0.0002204358033912564
0.8,23,4.0,4.96458390561927,lowfreq_cubic,0.14582819073445394,0,0.0,0.0,0.6333540137579471,0.002909651995220966,0.1573595113295496,0.08032128514056225,0.39861895108977546,0.002550525033698514,1.0619590126624414,0.006725339610839147,0.3166677771463933,0.18875502008032127,0.0002709248334127592,-0.00465840597690384,1.3365916503719721,2.012384090868273,,,,,,False,False,False,0.0002454342083802133,0.0002438572702648918,0.0002204358033912564
0.8,24,0.0,12.000000000000002,ferro_segers,0.886282706301285,0,0.0,0.0,0.40815804260167027,0.008050238437398315,0.09439809224154812,0.0642570281124498,0.6838841078891891,-0.0007234728302940585,1.124447289496247,0.006827883806066722,0.07918700344135313,0.05220883534136546,0.8874650165235428,-0.001992510982176343,1.1465526206754435,0.8388623282632309,0.144,0.164,0.164,0.020000000000000018,0.020000000000000018,False,False,False,0.00027573006723328325,0.0002776364060734999,0.0002418665727011131
0.8,24,0.0,12.000000000000002,lag1,0.09016163281024982,0,0.0,0.0,0.40815804260167027,0.006841123522025956,0.143174113884038,0.10040160642570281,0.162580932356576,-0.006705283841856785,1.0037856404152858,0.06243109343954508,1.1543634069393842,0.5220883534136547,2.4152005618885227e-31,-0.06243109343954505,0.8496552669770006,8.062654453544148,,,,,,False,False,False,0.00027573006723328325,0.0002776364060734999,0.0002418665727011131
0.8,24,0.0,12.000000000000002,tdiff_raw,17.168,0,0.0,0.0,0.40815804260167027,0.16702008032128518,0.1333511105188067,0.07630522088353414,0.46395181593171897,0.16457831325301342,1.035019898816759,7.1413975903614455,1.9263315217813464,1.0,6.838876861876014e-149,-7.141397590361445,0.5328186186095921,14.445560402810885,,,,,,False,False,False,0.00027573006723328325,0.0002776364060734999,0.0002418665727011131
0.8,24,0.0,12.000000000000002,lowfreq_cubic,0.11700590454447736,0,0.0,0.0,0.40815804260167027,0.004164928649310548,0.20153405874211708,0.10441767068273092,0.13246100083422654,-0.002920408448268727,0.8723586880584021,0.01707209955323384,0.7797883548967116,0.39357429718875503,1.333370707696652e-17,-0.017065586223320398,0.8270184242855964,3.8692633878550757,,,,,,False,False,False,0.00027573006723328325,0.0002776364060734999,0.0002418665727011131
0.8,24,4.0,4.96458390561927,ferro_segers,1.0,0,0.0,0.0,0.677304460823859,0.007677380961504456,0.051780518731806606,0.0321285140562249,0.9995546982198918,-0.004577187972346075,1.0566226702884667,0.045302287505378645,0.3485229287007179,0.1606425702811245,0.003190979958905346,0.04530228750537879,0.7599504570658757,6.730773218125915,1.0,1.0,1.0,0.0,0.0,False,False,False,0.0002797925541011547,0.0002818502823877624,0.0002352036555773436
0.8,24,4.0,4.96458390561927,lag1,-0.006085164669912243,0,0.0,0.0,0.677304460823859,0.0036810513730375066,0.07813268261113182,0.05220883534136546,0.8874650165235428,-0.002189203006281809,0.9686062210767552,0.040449652248028996,0.7009497256502568,0.3172690763052209,1.77162951202596e-11,-0.04043654105181814,1.2456268730814843,8.97127427633441,,,,,,False,False,False,0.0002797925541011547,0.0002818502823877624,0.0002352036555773436
0.8,24,4.0,4.96458390561927,tdiff_raw,6.228,0,0.0,0.0,0.677304460823859,0.04000000000000002,0.11023721275048812,0.08433734939759036,0.3391499834431502,0.037783132530120334,0.9952996438056723,3.2727228915662647,1.9622552417069108,1.0,6.838876861876014e-149,-3.2727228915662643,0.7035874413087747,17.800298036818827,,,,,,False,False,False,0.0002797925541011547,0.0002818502823877624,0.0002352036555773436
0.8,24,4.0,4.96458390561927,lowfreq_cubic,0.10224825683855329,0,0.0,0.0,0.677304460823859,0.0020843903122138895,0.11488942803017753,0.07630522088353414,0.46395181593171897,3.9324529678599895e-05,0.8683396831337062,0.00613529459490858,0.2854079336492011,0.1566265060240964,0.004391396207776164,-0.005417989270888768,1.1930229134344406,2.4841966623267693,,,,,,False,False,False,0.0002797925541011547,0.0002818502823877624,0.0002352036555773436
0.8,25,0.0,12.000000000000002,ferro_segers,0.982473328978881,0,0.0,0.0,0.4126551233865274,0.005638936169848683,0.06886686771529761,0.03614457831325301,0.9969611680609808,-0.0015497551868589587,0.9679099293439751,0.020725893417516357,0.23936682760314015,0.13253012048192772,0.025112389635213027,-0.01882207786321488,1.0678797282444412,3.4757908344648785,0.3,0.312,0.412,0.01200000000000001,0.11199999999999999,False,False,False,0.0002345096595632269,0.00023513891068598213,0.0002112083410824892
0.8,25,0.0,12.000000000000002,lag1,0.08167358309359073,0,0.0,0.0,0.4126551233865274,0.005040666694518662,0.1131199620589163,0.07630522088353414,0.46395181593171897,-0.004707525403141566,1.0082830529371538,0.047409588700155665,0.9138248502182216,0.41365461847389556,1.864068809769924e-19,-0.04740958870015566,1.0806608610605364,8.07836949010172,,,,,,False,False,False,0.0002345096595632269,0.00023513891068598213,0.0002112083410824892
0.8,25,0.0,12.000000000000002,tdiff_raw,16.876,0,0.0,0.0,0.4126551233865274,0.17661044176706822,0.14258709215507248,0.08032128514056225,0.39861895108977546,0.1730120481927706,1.001853596657222,7.204449799196786,1.9255528868929244,1.0,6.838876861876014e-149,-7.204449799196787,0.5550639529902321,13.504398313970457,,,,,,False,False,False,0.0002345096595632269,0.00023513891068598213,0.0002112083410824892
0.8,25,0.0,12.000000000000002,lowfreq_cubic,0.07162049417559378,0,0.0,0.0,0.4126551233865274,0.0019499994764973444,0.10854178361020132,0.10040160642570281,0.162580932356576,0.0010345420953328938,1.0585648212701984,0.015124369403518214,0.8016253202170441,0.37751004016064255,3.4225246403591607e-16,-0.015124369403518217,0.9817933486790194,7.385407661033643,,,,,,False,False,False,0.0002345096595632269,0.00023513891068598213,0.0002112083410824892
0.8,25,4.0,4.96458390561927,ferro_segers,0.9390219560878243,0,0.0,0.0,0.6395896340771499,0.01809184569594711,0.13675977338063405,0.11244979919678715,0.08579151229374248,0.0012147461627290967,0.8944954311788871,0.03876542034009786,0.2930552671256867,0.17269076305220885,0.0011652797675722223,0.03844790868244241,0.8728255372802147,2.142846978183007,0.48,0.54,0.316,0.06000000000000005,0.16399999999999998,False,False,False,0.00023507250522618195,0.00023398598166457157,0.0002095221668812913
0.8,25,4.0,4.96458390561927,lag1,0.019254146163189108,0,0.0,0.0,0.6395896340771499,0.008578274986697132,0.1695297298685604,0.11646586345381527,0.06820366751163658,0.006545082391151709,0.9245512837637148,0.04686862439364182,0.7364134832194608,0.36947791164658633,1.6392400598643301e-15,-0.04686862439364181,1.2435332765808824,4.34386041781823,,,,,,False,False,False,0.00023507250522618195,0.00023398598166457157,0.0002095221668812913
0.8,25,4.0,4.96458390561927,tdiff_raw,5.9,0,0.0,0.0,0.6395896340771499,0.0660883534136546,0.17860043806295048,0.10040160642570281,0.162580932356576,-0.05770281124497956,0.9290890189578672,3.0207710843373494,1.9523156971831883,1.0,6.838876861876014e-149,-3.0207710843373494,0.6938735620716924,10.931192097608706,,,,,,False,False,False,0.00023507250522618195,0.00023398598166457157,0.0002095221668812913
0.8,25,4.0,4.96458390561927,lowfreq_cubic,0.09288687445259472,0,0.0,0.0,0.6395896340771499,0.004342354800183754,0.23647653315251885,0.14056224899598393,0.014510289418632576,0.004320244853448049,1.0743205663936275,0.015198263190805786,0.6713471559091513,0.3132530120481928,3.3982133330088594e-11,0.015088602549478997,1.3966794658221902,2.83895888932097,,,,,,False,False,False,0.00023507250522618195,0.00023398598166457157,0.0002095221668812913
0.8,26,0.0,12.000000000000002,ferro_segers,1.0,0,0.0,0.0,0.37113662935091785,0.006628459665701445,0.06623146985403194,0.05622489959839357,0.8271830307385587,0.0048480187427411,1.004084763769972,0.02297789823377056,0.2379528083237032,0.1686746987951807,0.0016437762900952488,0.022788852898366296,0.9190164310284318,3.5927453950233277,1.0,1.0,1.0,0.0,0.0,False,False,False,0.0002250126610444632,0.00022541718722956958,0.00020979150774183246
0.8,26,0.0,12.000000000000002,lag1,0.1407705106125949,0,0.0,0.0,0.37113662935091785,0.0026096118549513163,0.06050334627759828,0.04417670682730924,0.96882223798433,7.678545433575934e-05,1.0526356450695362,0.0840357695307877,1.3878441052836157,0.6706827309236948,1.8291592134992663e-53,-0.08403576953078767,1.072399432441652,22.9383032620371,,,,,,False,False,False,0.0002250126610444632,0.00022541718722956958,0.00020979150774183246
0.8,26,0.0,12.000000000000002,tdiff_raw,17.328,0,0.0,0.0,0.37113662935091785,0.09166265060240976,0.07222356398979024,0.04417670682730924,0.96882223798433,0.06528514056224921,1.0587049750571929,6.7062650602409635,1.9123020521968046,1.0,6.838876861876014e-149,-6.706265060240964,0.6000746522416732,26.47753650688171,,,,,,False,False,False,0.0002250126610444632,0.00022541718722956958,0.00020979150774183246
0.8,26,0.0,12.000000000000002,lowfreq_cubic,0.11837779602195708,0,0.0,0.0,0.37113662935091785,0.00267946271019838,0.12765083587693202,0.12048192771084337,0.053781672898600176,0.002526238868219788,1.0766560138306862,0.04893059362808043,1.5785759595256654,0.8192771084337349,1.746653550515936e-84,-0.0489305936280804,0.8807492811851615,12.366358188579007,,,,,,False,False,False,0.0002250126610444632,0.00022541718722956958,0.00020979150774183246
0.8,26,4.0,4.96458390561927,ferro_segers,1.0,0,0.0,0.0,0.6419976691367667,0.005941138838784831,0.053551019755503255,0.05622489959839357,0.8271830307385587,0.0003327602412726005,0.9743320581064594,0.02212396878311274,0.1733021856920684,0.07630522088353414,0.46395181593171897,-0.021873649645060445,1.249833089079418,3.236207013112117,1.0,1.0,1.0,0.0,0.0,False,False,False,0.00022394182533859764,0.00022387901015428335,0.00020629283546394933
0.8,26,4.0,4.96458390561927,lag1,0.13530163697352765,0,0.0,0.0,0.6419976691367667,0.003454700691408192,0.07374623104947453,0.05220883534136546,0.8874650165235428,0.00108533613123582,1.010637920998366,0.05440135325267388,0.9551088425127626,0.43775100401606426,8.060857117983643e-22,-0.054401353252673895,1.1426822665705079,12.951290241151316,,,,,,False,False,False,0.00022394182533859764,0.00022387901015428335,0.00020629283546394933
0.8,26,4.0,4.96458390561927,tdiff_raw,5.9,0,0.0,0.0,0.6419976691367667,0.0387309236947791,0.09415412522535008,0.060240963855421686,0.7580212891445754,-0.0008514056224901978,1.0602022275906604,3.406056224899599,1.960517187693511,1.0,6.838876861876014e-149,-3.406056224899599,0.6386356476200595,20.822424753043535,,,,,,False,False,False,0.00022394182533859764,0.00022387901015428335,0.00020629283546394933
0.8,26,4.0,4.96458390561927,lowfreq_cubic,0.13163301548485787,0,0.0,0.0,0.6419976691367667,0.0025050223091140304,0.117495043006491,0.08433734939759036,0.3391499834431502,-0.0004837775527060384,1.0964590255344566,0.03405862016662902,1.237796655145414,0.606425702811245,5.54038738055849e-43,-0.03405862016662903,1.122723727220326,10.534884055296033,,,,,,False,False,False,0.00022394182533859764,0.00022387901015428335,0.00020629283546394933
0.8,27,0.0,12.000000000000002,ferro_segers,1.0,0,0.0,0.0,0.43694601141072154,0.0199343170329383,0.25149303108217147,0.0963855421686747,0.19790442185864274,0.019934317032938242,0.6836021554052005,0.011875042875235445,0.14796635058551233,0.06827309236947791,0.6083540282919664,0.011714379223122684,0.7213152007985018,0.5883516928831559,1.0,1.0,1.0,0.0,0.0,False,False,False,0.0002434901499311615,0.0002473250936604734,0.0002222890036290964
0.8,27,0.0,12.000000000000002,lag1,0.18336773343380153,0,0.0,0.0,0.43694601141072154,0.002608527976777517,0.05677178196549869,0.040160642570281124,0.9882875890179591,-0.0011290676986113468,0.979216602489204,0.10343620437865514,1.4661936556537547,0.7550200803212851,9.901597093061896e-70,-0.10343620437865518,1.0636773386259528,25.826098897948334,,,,,,False,False,False,0.0002434901499311615,0.0002473250936604734,0.0002222890036290964
0.8,27,0.0,12.000000000000002,tdiff_raw,14.328,0,0.0,0.0,0.43694601141072154,0.09876305220883541,0.09385534325697048,0.05622489959839357,0.8271830307385587,-0.0749558232931733,0.9096295175774404,6.35183935742972,1.9247402492941863,1.0,6.838876861876014e-149,-6.3518393574297205,0.5434668608307386,20.507519151300087,,,,,,False,False,False,0.0002434901499311615,0.0002473250936604734,0.0002222890036290964
0.8,27,0.0,12.000000000000002,lowfreq_cubic,0.12275473190965282,0,0.0,0.0,0.43694601141072154,0.0030899489686215284,0.14516726903974342,0.07630522088353414,0.46395181593171897,-0.003088361650879723,0.967120787982439,0.011275089359122756,0.534279830607469,0.22088353413654618,9.818533042096732e-06,-0.011275089359122747,0.8807286352191883,3.6804428032684964,,,,,,False,False,False,0.0002434901499311615,0.0002473250936604734,0.0002222890036290964
0.8,27,4.0,4.96458390561927,ferro_segers,0.9544683257918553,0,0.0,0.0,0.6151251358512563,0.011844824413659999,0.08468610927847059,0.08433734939759036,0.3391499834431502,-0.006896489137218076,1.058025458673146,0.07280657646397914,0.5880630625457534,0.285140562248996,2.5347784509625005e-09,0.07280657646397903,0.7195215405050253,6.944032115255617,0.648,0.62,0.38,0.028000000000000025,0.268,False,False,False,0.0002461749961374608,0.00024653211839107547,0.00022089217533530954
0.8,27,4.0,4.96458390561927,lag1,0.024314158058002175,0,0.0,0.0,0.6151251358512563,0.00515148165705721,0.11945828418503161,0.12048192771084337,0.053781672898600176,0.002097020030366159,1.083843157765883,0.08905229326091524,1.3433046326726663,0.6666666666666666,9.167834130309576e-53,-0.08905229326091524,1.348306906547219,11.244968415852854,,,,,,False,False,False,0.0002461749961374608,0.00024653211839107547,0.00022089217533530954
0.8,27,4.0,4.96458390561927,tdiff_raw,6.764,0,0.0,0.0,0.6151251358512563,0.03857028112449801,0.11234755208503333,0.0963855421686747,0.19790442185864274,-0.03339759036144585,1.0455049766267275,2.981654618473896,1.959938762928878,1.0,6.838876861876014e-149,-2.9816546184738946,0.7444987078090001,17.445317913517396,,,,,,False,False,False,0.0002461749961374608,0.00024653211839107547,0.00022089217533530954
0.8,27,4.0,4.96458390561927,lowfreq_cubic,0.1036389584564778,0,0.0,0.0,0.6151251358512563,0.0013321793462374527,0.06860229078054039,0.0642570281124498,0.6838841078891891,-0.00043706156679577945,0.9612883144978983,0.004636186527471064,0.2100542948208775,0.13253012048192772,0.025112389635213027,-0.0034403262941077872,1.2127625208918391,3.0619137120776454,,,,,,False,False,False,0.0002461749961374608,0.00024653211839107547,0.00022089217533530954
0.8,28,0.0,12.000000000000002,ferro_segers,0.9474356043286084,0,0.0,0.0,0.42360212371316386,0.007136165639029183,0.08331807638071842,0.04417670682730924,0.96882223798433,0.0057249251964217596,0.855247517663936,0.017123699808722654,0.17966805296958616,0.14457831325301204,0.01089544738500837,-0.016467760367753215,1.0631488132698992,2.1564114388406956,0.224,0.208,0.332,0.016000000000000014,0.10800000000000001,False,False,False,0.00025282329293896947,0.00025035711088012663,0.000231460037428722
0.8,28,0.0,12.000000000000002,lag1,0.14373095865864696,0,0.0,0.0,0.42360212371316386,0.006363516652455713,0.1454923526949066,0.10040160642570281,0.162580932356576,-0.004493643719116633,1.0649277605320278,0.05134355110106315,0.9646391837747353,0.43775100401606426,8.060857117983643e-22,-0.05134355110106313,1.195870679711845,6.630171042718308,,,,,,False,False,False,0.00025282329293896947,0.00025035711088012663,0.000231460037428722
0.8,28,0.0,12.000000000000002,tdiff_raw,13.524,0,0.0,0.0,0.42360212371316386,0.09686746987951808,0.0932170111409627,0.060240963855421686,0.7580212891445754,0.00314859437751025,0.9833354776830389,6.56714859437751,1.9290020310561864,1.0,6.838876861876014e-149,-6.56714859437751,0.65783446119523,20.693669615078413,,,,,,False,False,False,0.00025282329293896947,0.00025035711088012663,0.000231460037428722
0.8,28,0.0,12.000000000000002,lowfreq_cubic,0.1622208142298039,0,0.0,0.0,0.42360212371316386,0.002216560100062757,0.10957987564690494,0.07630522088353414,0.46395181593171897,0.0017053345137568593,0.9300685561492619,0.02316009679403944,0.9430577086744802,0.4538152610441767,1.755945332102945e-23,0.023160096794039436,1.0679209238565146,8.606121362222117,,,,,,False,False,False,0.00025282329293896947,0.00025035711088012663,0.000231460037428722
0.8,28,4.0,4.96458390561927,ferro_segers,1.0,0,0.0,0.0,0.6134667896038812,0.015082602495903224,0.11186976377235308,0.07228915662650602,0.5343337439261243,-0.0036652878429320745,0.9195311900709839,0.030957393146285817,0.2434129919912852,0.11244979919678715,0.08579151229374248,0.03095739314628576,0.7862356551002293,2.1758604271893427,1.0,1.0,1.0,0.0,0.0,False,False,False,0.0002533513018291146,0.000252058825178071,0.00022774026012316778
0.8,28,4.0,4.96458390561927,lag1,0.019312734306009657,0,0.0,0.0,0.6134667896038812,0.005804865342714447,0.1243627286526949,0.0642570281124498,0.6838841078891891,-0.004009325359083125,1.1233598420195834,0.02458498566419232,0.46395870603585326,0.20481927710843373,5.514601790594656e-05,-0.02431535400930742,1.32909027952354,3.7306893396617,,,,,,False,False,False,0.0002533513018291146,0.000252058825178071,0.00022774026012316778
0.8,28,4.0,4.96458390561927,tdiff_raw,5.956,0,0.0,0.0,0.6134667896038812,0.04883534136546183,0.13021482357636466,0.08433734939759036,0.3391499834431502,0.03016867469879525,1.1271561558691643,3.188674698795181,1.9619468058563942,1.0,6.838876861876014e-149,-3.1886746987951806,0.7259910270852112,15.067000453337732,,,,,,False,False,False,0.0002533513018291146,0.000252058825178071,0.00022774026012316778
0.8,28,4.0,4.96458390561927,lowfreq_cubic,0.1013711780836959,0,0.0,0.0,0.6134667896038812,0.0012308868836490585,0.06681190975929677,0.060240963855421686,0.7580212891445754,-0.00030499886668516885,1.0319722072906656,0.024478971287780427,1.1083851134687435,0.5140562248995983,2.3829646205046384e-30,-0.02447897128778044,1.0268373134891258,16.589633756345318,,,,,,False,False,False,0.0002533513018291146,0.000252058825178071,0.00022774026012316778
0.8,29,0.0,12.000000000000002,ferro_segers,0.8812314906219151,0,0.0,0.0,0.41871011362926686,0.010364241355140448,0.1005004056351167,0.0642570281124498,0.6838841078891891,-0.00975122204991552,1.1473223143325468,0.019658780997163755,0.2137054245604272,0.14457831325301204,0.01089544738500837,0.019325570009090964,0.9092879291284665,2.1264135523623446,0.24,0.284,0.18,0.043999999999999984,0.06,False,False,False,0.00024034169384517176,0.00023823125053885669,0.00021920089729636448
0.8,29,0.0,12.000000000000002,lag1,0.17519615280317555,0,0.0,0.0,0.41871011362926686,0.006708647598502085,0.1517587315735041,0.08835341365461848,0.2859000658025284,0.0024303753366846648,0.8571764382155718,0.13417310799469484,1.62137194811028,0.8433734939759037,1.131897496926146e-90,-0.13417310799469484,1.037970723886279,10.68387915014274,,,,,,False,False,False,0.00024034169384517176,0.00023823125053885669,0.00021920089729636448
0.8,29,0.0,12.000000000000002,tdiff_raw,14.22,0,0.0,0.0,0.41871011362926686,0.09792771084337351,0.08854354615970379,0.04819277108433735,0.9353620854703709,-0.06367871485943688,0.9537821696666058,6.223903614457831,1.913279815677242,1.0,6.838876861876014e-149,-6.223903614457832,0.610214990024338,21.608348644928736,,,,,,False,False,False,0.00024034169384517176,0.00023823125053885669,0.00021920089729636448
0.8,29,0.0,12.000000000000002,lowfreq_cubic,0.15151172768189644,0,0.0,0.0,0.41871011362926686,0.0027581369921207237,0.11832444302636581,0.08032128514056225,0.39861895108977546,0.0025973811815501735,0.9617128304948028,0.03908602656426815,1.304375554385664,0.6224899598393574,1.83010472684519e-45,-0.03908602656426814,0.9115522268846546,11.02372021387841,,,,,,False,False,False,0.00024034169384517176,0.00023823125053885669,0.00021920089729636448
0.8,29,4.0,4.96458390561927,ferro_segers,0.7776238695707554,0,0.0,0.0,0.6088655799709072,0.017316044900762672,0.14581870883925255,0.10441767068273092,0.13246100083422654,-0.01731604490076266,1.0702825048980444,0.02533907156231678,0.19976828524378587,0.15261044176706828,0.005993943563690842,0.004548778963956446,1.2083778626828297,1.369977054617901,0.152,0.196,0.184,0.04400000000000001,0.032,False,False,False,0.00023790621004124543,0.00023901748453137518,0.00022038934671610226
0.8,29,4.0,4.96458390561927,lag1,0.05076961115905352,0,0.0,0.0,0.6088655799709072,0.006738304567741132,0.14055083233184196,0.07630522088353414,0.46395181593171897,0.004668994626061837,0.9296495357903871,0.09153919540741984,1.298371038783949,0.642570281124498,1.079442558884061e-48,-0.09153919540741985,1.1552872013302555,9.237732834754564,,,,,,False,False,False,0.00023790621004124543,0.00023901748453137518,0.00022038934671610226
0.8,29,4.0,4.96458390561927,tdiff_raw,5.692,0,0.0,0.0,0.6088655799709072,0.05657831325301201,0.16473382825007596,0.08433734939759036,0.3391499834431502,-0.051694779116465917,0.9082457282959568,2.6241124497991968,1.945026574209975,1.0,6.838876861876014e-149,-2.6241124497991968,0.69394266522248,11.807086588537812,,,,,,False,False,False,0.00023790621004124543,0.00023901748453137518,0.00022038934671610226
0.8,29,4.0,4.96458390561927,lowfreq_cubic,0.11497030691106817,0,0.0,0.0,0.6088655799709072,0.002418646416176893,0.11093689476331131,0.0642570281124498,0.6838841078891891,0.0019920957664355116,1.056781590120564,0.042901946910707325,1.4269672443118386,0.6666666666666666,9.167834130309576e-53,-0.042901946910707325,0.9880541215341756,12.862873504403764,,,,,,False,False,False,0.00023790621004124543,0.00023901748453137518,0.00022038934671610226
